:020000040800F2
:10000000A0540624C5020008E93B0008D93B0008BB
:10001000E13B0008410300085942000800000000CD
:10002000000000000000000000000000B12000906F
:10003000490300080000000041200090F941000839
:10004000DF02000800000000DF020008DF020008F5
:10005000DF020008DF0200080000000000000000CE
:10006000DF020008DF020008DF02000800000000D5
:1000700000000000DF020008000000000000000097
:10008000DF020008DF020008DF020008DF020008CC
:10009000DF020008DF020008DF020008DF020008BC
:1000A000DF020008DF020008DF020008DF020008AC
:1000B000DF020008DF020008DF020008DF0200089C
:1000C000DF0200080000000000000000DF0200085E
:1000D000DF020008DF020008DF020008DF0200087C
:1000E000DF020008DF020008DF020008DF0200086C
:1000F000DF020008DF020008DF020008DF0200085C
:10010000DF020008DF020008DF020008DF0200084B
:10011000D9200090DF020008E9200090DF020008EB
:10012000DF020008DF020008DF020008DF0200082B
:10013000DF020008DF020008DF020008DF0200081B
:10014000DF020008DF020008DF020008DF0200080B
:10015000DF020008DF020008DF020008DF020008FB
:10016000DF020008DF020008DF020008DF020008EB
:10017000DF020008DF020008DF020008DF020008DB
:10018000DF020008DF02000849420008DF02000821
:10019000DF020008DF020008DF020008DF020008BB
:1001A000DF020008DF020008DF020008DF020008AB
:1001B000DF020008DF020008DF020008DF0200089B
:1001C000DF020008DF020008DF020008DF0200088B
:1001D000DF020008DF02000800000000000000004D
:1001E00000000000DF020008DF020008DF02000854
:1001F000DF020008DF02000800000000000000002D
:10020000DF020008DF020008DF020008DF0200084A
:10021000DF020008DF020008DF020008DF0200083A
:10022000DF020008DF020008DF020008DF0200082A
:10023000DF020008DF020008DF020008DF0200081A
:10024000DF020008DF020008DF020008DF0200080A
:10025000DF020008DF020008DF020008DF020008FA
:10026000DF020008DF020008DF020008DF020008EA
:10027000DF020008DF020008DF020008DF020008DA
:10028000DF020008DF020008DF020008DF020008CA
:10029000DF020008DF020008DF020008DF020008BA
:1002A000DF020008DF020008DF020008DF020008AA
:1002B000DFF80CD000F02AF800480047E9480008B1
:1002C000A05406240648804706480047FEE7FEE79C
:1002D000FEE7FEE7FEE7FEE7FEE7FEE7FEE7FEE7F6
:1002E00021420008B1020008D2B201E000F8012B5F
:1002F000491EFBD270470022F6E710B513460A46A6
:1003000004461946FFF7F0FF204610BD1CB509480A
:100310000090094801900546009C06E0E06840F026
:10032000010394E8070098471034AC42F6D3FFF776
:10033000C3FF0000305B0008505B000800000000B5
:10034000FFE7FEE70000000070470000000000002B
:1003500080B582B0019001984FF47A71484304F05F
:1003600063FA02B080BD000085B0049003910020C4
:100370000290FFE703980299C840002800F094809B
:10038000FFE70398029A01219140084001900198EB
:10039000002800F08580FFE7029820F0030040F27B
:1003A0003051C5F6000140580090029800F003005B
:1003B00081000F2000FA01F1009808400090009899
:1003C00004994FF60042CAF2FD721140890A029A5E
:1003D00002F003029200914088422ED1FFE7019A79
:1003E0008021C5F60001086890430860019A8421C5
:1003F000C5F60001086890430860019A0421C5F61B
:100400000001086890430860019A4FF0B041086805
:1004100090430860029800F0030081000F2088409C
:100420000090009B029820F0030140F23052C5F684
:100430000002885898438850FFE702984100032043
:1004400000FA01F3049A116819431160DDF808C03D
:100450000CF007018A000F2101FA02F304996FF0F2
:10046000030202EA5C020A44116A9943116202998A
:10047000490000FA01F3049A916899439160029A45
:10048000012101FA02F3049A5168994351600299DB
:10049000490000FA01F20499C8689043C860FFE778
:1004A00002980130029065E705B070470000000037
:1004B00085B00490039100200290FFE70398006844
:1004C0000299C840002800F04581FFE703980068C2
:1004D000029A01219140084001900198002800F003
:1004E0003581FFE70398406800F00300012807D03A
:1004F000FFE70398406800F0030002282FD1FFE7D0
:1005000004988068009002984100032000FA01F1ED
:100510000098884300900398C0680299490000FA47
:1005200001F10098084300900098049988600498AD
:10053000406800900299012000FA01F10098884378
:10054000009003984068C0F30010029900FA01F18E
:10055000009808430090009804994860FFE70398CA
:10056000406800F00300032818D0FFE70498C06833
:10057000009002984100032000FA01F1009888439E
:100580000090039880680299490000FA01F10098F0
:100590000843009000980499C860FFE703984068FA
:1005A00000F00300022826D1FFE7049802996FF0BB
:1005B000030202EA51010844006A0090029800F028
:1005C000070081000F2000FA01F100988843009095
:1005D00003980069029901F00701890000FA01F10E
:1005E00000980843009000980499029B02EA530285
:1005F00011440862FFE704980068009002984100E7
:10060000032000FA01F100988843009003984068A5
:1006100000F003000299490000FA01F10098084334
:10062000009000980499086003988079800700285A
:1006300000F08B80FFE7029820F0030040F2305278
:10064000C5F6000280580090029800F00300810077
:100650000F2000FA01F100988843009004984FF6AB
:100660000041CAF2FD710840800A029901F00301BD
:10067000890000FA01F1009808430090009802995F
:1006800021F0030188504FF0B040006800900199BC
:1006900000988843009003988079C006002805D50B
:1006A000FFE70199009808430090FFE700984FF09A
:1006B000B04108600420C5F6000000680090019970
:1006C000009888430090039880798006002805D51B
:1006D000FFE70199009808430090FFE70098042184
:1006E000C5F6000108608420C5F60000006800908F
:1006F000019900988843009003988079800700282A
:1007000005D5FFE70199009808430090FFE700989E
:100710008421C5F6000108608020C5F6000000684D
:100720000090019900988843009003988079C00751
:1007300028B1FFE70199009808430090FFE700986F
:100740008021C5F600010860FFE7FFE7029801304D
:100750000290B3E605B0704782B00190ADF8021088
:1007600001980069BDF80210084204D0FFE701209B
:100770008DF8010003E000208DF80100FFE79DF8EF
:10078000010002B07047000082B00190ADF8021085
:100790008DF801209DF8010028B1FFE7BDF80200A7
:1007A0000199886104E0BDF8020001998862FFE7C1
:1007B00002B070470000000044F67C70C2F20640B0
:1007C000006870470000000040F24400C2F20040A0
:1007D000027844F67C71C2F2064108681044086051
:1007E000704700000000000080B582B000208DF846
:1007F0000700032000F0F4F80F2000F00DF820B1FE
:10080000FFE701208DF8070002E000F0C1F8FFE7E4
:100810009DF8070002B080BD80B582B00190002035
:100820008DF8030040F24400C2F20040007878B333
:10083000FFE740F20400C2F20040006840F24401C9
:10084000C2F200410A784FF47A71B1FBF2F1B0FBC9
:10085000F1F002F031FAB0B9FFE701980F280DD896
:10086000FFE701994FF0FF30002200F0A1F8019856
:1008700040F24801C2F20041086003E001208DF817
:100880000300FFE703E001208DF80300FFE703E02A
:1008900001208DF80300FFE79DF8030002B080BD42
:1008A00010B581B00090009840784EF69851CEF285
:1008B000000108604EF6A051CEF20001086820F059
:1008C00001000860086820F0010008600098406896
:1008D0004EF69C52CEF200021060DDF800E09EF869
:1008E0000C0000079EF80B2040EA02609EF80020F2
:1008F0009EF808309EF809C09EF80A4040EAC440BD
:100900009EF80D4040EA84409EF80E4040EA444084
:100910009EF80FE040EA0E4040EA0C2040EA430017
:100920001043086001B010BDBFF35F8F4EF6245135
:10093000CEF20001086820F4803008604EF6945131
:10094000CEF2000100200860BFF34F8FBFF36F8F1E
:10095000704700000000000081B00090BFF35F8F7F
:10096000009840F001004EF69451CEF2000108606C
:100970004EF62451CEF20001086840F48030086041
:10098000BFF34F8FBFF36F8F01B0704700000000BF
:10099000704700000000000080B582B0ADF806008E
:1009A000BDF9060003F098FE02B080BD0000000013
:1009B00080B586B0ADF816000491039203F0A4FE52
:1009C0000290BDF91600019002980499039A03F071
:1009D0000FF90146019803F09FFE06B080BD0000AC
:1009E00080B582B00190019803F0BAFE02B080BDDC
:1009F00080B584B0029044F60C00C5F60200006891
:100A000000F00700062813D0FFE744F60C00C5F6F7
:100A10000200006800F01F000299884204D0FFE73E
:100A200001208DF80F004EE000208DF80F004AE005
:100A300044F60C01C5F60201086820F01F00029A76
:100A400010430860FFF7B8FE0190FFE744F604008A
:100A5000C5F602000068800700280DD4FFE7FFF705
:100A6000ABFE0199401AB0F57A7F04D9FFE7012067
:100A70008DF80F0027E0E9E702981E2804D0FFE771
:100A800002981D281BD1FFE7FFF796FE0190FFE7B4
:100A900044F60C00C5F602000068C00300280DD41F
:100AA000FFE7FFF789FE0199401AB0F57A7F04D974
:100AB000FFE701208DF80F0005E0E9E7FFE70020E0
:100AC0008DF80F00FFE79DF80F0004B080BD000017
:100AD00080B584B0029044F61401C5F6020108689E
:100AE00020F00100029A10430860FFF765FE0190B4
:100AF000FFE744F61400C5F60200006880070028EE
:100B00000DD4FFE7FFF758FE0199401AB0F57A7F40
:100B100004D9FFE701208DF80F0004E0E9E7002089
:100B20008DF80F00FFE79DF80F0004B080BD0000B6
:100B300080B582B044F60C01C5F60201086840F0A9
:100B400080700860FFF738FE0090FFE744F60C0065
:100B5000C5F602000068400100280DD4FFE7FFF74A
:100B60002BFE0099401AB0F57A7F04D9FFE70120E7
:100B70008DF8070004E0E9E700208DF80700FFE7A3
:100B80009DF8070002B080BD44F60C01C5F60201D5
:100B9000086840F4804008607047000000000000D2
:100BA00044F60C01C5F60201086840F400400860F4
:100BB000704700000000000080B5A0B01E9000202B
:100BC0008DF86F008DF86E001E9880784007002821
:100BD00040F1A580FFE744F27040C5F602000068CE
:100BE00000F440701D901D9868B3FFE71D981E9992
:100BF000C96F01F44071884225D0FFE744F6000038
:100C0000C5F60200016841F4807101600068C0050A
:100C1000002804D4FFE701208DF86F0012E044F2B1
:100C20007041C5F60201086820F440701D90086804
:100C300040F480300860086820F4803008601D9817
:100C40000860FFE7FFE79DF86F00002861D1FFE72C
:100C50001E98C06FB0F5807F1CD1FFE7FFF7ACFD99
:100C60001C90FFE744F27040C5F602000068800760
:100C700000280ED4FFE7FFF79FFD1C99401A41F2B0
:100C80008931884204D3FFE703208DF86F0000E02C
:100C9000E8E7FFE79DF86F00A8BBFFE7FFE71E98B6
:100CA000C06F10F47C3F10D0FFE744F21041C5F64E
:100CB0000201086820F47C501E9AD26F40F20F3374
:100CC0009A4340EA1210086008E044F21041C5F669
:100CD0000201086820F47C500860FFE71E98C06F8E
:100CE00000F4407244F27041C5F6020108681043F6
:100CF0000860FFE744F27041C5F60201086840F45D
:100D00000040086004E09DF86F008DF86E00FFE77A
:100D100004E09DF86F008DF86E00FFE7FFE71E9876
:100D20000078C007002838D0FFE71E9840681A9066
:100D3000032818D81A99DFE801F002030C1516E011
:100D400044F22C41C5F60201086840F040000860FA
:100D50000DE044F22C41C5F60201086840F4802001
:100D6000086004E003E001208DF86F00FFE79DF8C4
:100D70006F0060B9FFE744F24C41C5F60201086814
:100D800020F003001E9A52681043086004E09DF8AA
:100D90006F008DF86E00FFE7FFE71E980078800770
:100DA00000283AD5FFE71E988068199040B1FFE708
:100DB0001998102805D0FFE7199820280AD012E0CA
:100DC00015E044F22C41C5F60201086840F4002009
:100DD00008600CE044F22C41C5F60201086840F4BA
:100DE0008010086003E001208DF86F00FFE79DF898
:100DF0006F0060B9FFE744F24C41C5F60201086894
:100E000020F030001E9A92681043086004E09DF8BC
:100E10006F008DF86E00FFE7FFE71E98007840072F
:100E200000283AD5FFE71E98C068189040B1FFE748
:100E30001898402805D0FFE7189880280AD012E0BB
:100E400015E044F22C41C5F60201086840F4002088
:100E500008600CE044F22C41C5F60201086840F439
:100E60008010086003E001208DF86F00FFE79DF817
:100E70006F0060B9FFE744F24C41C5F60201086813
:100E800020F0C0001E9AD2681043086004E09DF86C
:100E90006F008DF86E00FFE7FFE71E9800780007EF
:100EA00000280CD5FFE744F24C41C5F60201086862
:100EB00020F040501E9A126910430860FFE71E9808
:100EC00080788006002835D5FFE71E98406D179082
:100ED00020B1FFE71798042809D011E044F22C4113
:100EE000C5F60201086840F4002008600CE044F2F6
:100EF0002C41C5F60201086840F48010086003E048
:100F000001208DF86F00FFE79DF86F0060B9FFE7E3
:100F100044F24C41C5F60201086820F004001E9A14
:100F2000526D1043086004E09DF86F008DF86E006C
:100F3000FFE7FFE71E980078C00600283CD5FFE7D2
:100F40001E984069169050B1FFE71698B0F1807F67
:100F50000ED0FFE71698B0F1007F12D012E044F2F5
:100F60002C41C5F60201086840F4803008600DE0AD
:100F700044F22C41C5F60201086840F000500860B8
:100F800004E003E001208DF86F00FFE79DF86F009B
:100F900060B9FFE744F24C41C5F60201086820F051
:100FA00040701E9A52691043086004E09DF86F007B
:100FB0008DF86E00FFE7FFE71E9800788006002896
:100FC0004BD5FFE71E988069159058B3FFE7159839
:100FD000B0F5801F14D0FFE71598B0F5001F18D0AA
:100FE000FFE71598B0F5401F1CD0FFE71598B0F546
:100FF000800F17D0FFE71598B0F5A00F12D012E0C0
:1010000044F22C41C5F60201086840F480300860C3
:101010000DE044F22C41C5F60201086840F0006082
:10102000086004E003E001208DF86F00FFE79DF801
:101030006F0060B9FFE744F24C41C5F60201086851
:1010400020F4E0001E9A92691043086004E09DF8C5
:101050006F008DF86E00FFE7FFE71E9800784006EE
:1010600000280CD5FFE744F25041C5F6020108689C
:1010700020F040501E9AD26910430860FFE71E9886
:101080000078000600280CD5FFE744F24C41C5F675
:101090000201086820F440301E9A126A104308606A
:1010A000FFE71E984078C00770B3FFE71E98406ABC
:1010B000149028B1FFE71498B0F5802F01D009E013
:1010C0000CE044F22C41C5F60201086840F0804073
:1010D000086003E001208DF86F00FFE79DF86F00C6
:1010E00060B9FFE744F24C41C5F60201086820F4FC
:1010F00080201E9A526A1043086004E09DF86F0039
:101100008DF86E00FFE7FFE71E9840788007002803
:101110003CD5FFE71E98806A1390E0B1FFE7139873
:10112000B0F5800F05D0FFE71398B0F5000F09D098
:1011300012E044F22C41C5F60201086840F040007C
:1011400008600DE044F22C41C5F60201086840F445
:101150008030086004E003E001208DF86F00FFE7B5
:101160009DF86F0060B9FFE744F25041C5F60201F7
:10117000086820F440001E9A926A1043086004E058
:101180009DF86F008DF86E00FFE7FFE71E9840782E
:101190000007002838D5FFE71E98C06A1290C0B13A
:1011A000FFE71298B0F5805F0AD0FFE71298B0F51C
:1011B000005F0ED0FFE71298B0F5405F09D009E05C
:1011C00044F22C41C5F60201086840F00050086066
:1011D00004E003E001208DF86F00FFE79DF86F0049
:1011E00060B9FFE744F25041C5F60201086820F4F7
:1011F00040501E9AD26A1043086004E09DF86F00C8
:101200008DF86E00FFE7FFE71E9840784007002842
:1012100038D5FFE71E98006B1190C0B1FFE7119819
:10122000B0F5807F0AD0FFE71198B0F5007F0ED0AF
:10123000FFE71198B0F5407F09D009E044F22C4156
:10124000C5F60201086840F00050086004E003E0C1
:1012500001208DF86F00FFE79DF86F0060B9FFE790
:1012600044F25041C5F60201086820F440701E9A0D
:10127000126B1043086004E09DF86F008DF86E005B
:10128000FFE7FFE71E984078C00600284ED5FFE72D
:101290001E98406B1090C8B1FFE71098B0F5803FE2
:1012A00015D0FFE71098B0F5003F19D0FFE7109870
:1012B000B0F5403F1DD0FFE71098B0F5802F19D052
:1012C000FFE71098B0F5A02F15D015E018E044F214
:1012D0002C41C5F60201086840F4803008600FE038
:1012E00044F22C41C5F60201086840F00050086045
:1012F00006E005E004E003E001208DF86F00FFE761
:101300009DF86F0060B9FFE744F25041C5F6020155
:10131000086820F4E0201E9A526B1043086004E035
:101320009DF86F008DF86E00FFE7FFE71E9840788C
:10133000800600284ED5FFE71E98806B0F90C8B13D
:10134000FFE70F98B0F5807F15D0FFE70F98B0F555
:10135000007F19D0FFE70F98B0F5407F1DD0FFE761
:101360000F98B0F5806F19D0FFE70F98B0F5A06F18
:1013700015D015E018E044F22C41C5F602010868CA
:1013800040F4803008600FE044F22C41C5F60201C1
:10139000086840F00050086006E005E004E003E063
:1013A00001208DF86F00FFE79DF86F0060B9FFE73F
:1013B00044F25841C5F60201086820F4E0601E9A24
:1013C000926B1043086004E09DF86F008DF86E008A
:1013D000FFE7FFE71E984078400600284ED5FFE75C
:1013E0001E98C06B0E90C8B1FFE70E98B0F5805FF5
:1013F00015D0FFE70E98B0F5005F19D0FFE70E9803
:10140000B0F5405F1DD0FFE70E98B0F5804F19D0C2
:10141000FFE70E98B0F5A04F15D015E018E044F2A4
:101420002C41C5F60201086840F4803008600FE0E6
:1014300044F22C41C5F60201086840F000500860F3
:1014400006E005E004E003E001208DF86F00FFE70F
:101450009DF86F0060B9FFE744F25841C5F60201FC
:10146000086820F4E0401E9AD26B1043086004E044
:101470009DF86F008DF86E00FFE7FFE71E9840783B
:10148000000600283BD5FFE71E98006C0D9005284C
:101490001BD80D99DFE801F003040D16171818E0AA
:1014A00044F22C41C5F60201086840F4003008609F
:1014B0000FE044F22C41C5F60201086840F080506C
:1014C000086006E005E004E003E001208DF86F000D
:1014D000FFE79DF86F0060B9FFE744F25841C5F699
:1014E0000201086820F007001E9A126C1043086081
:1014F00004E09DF86F008DF86E00FFE7FFE71E988F
:101500008078C00748B1FFE744F22C41C5F60201DC
:10151000086840F000500860FFE71E988078800758
:1015200000282ED5FFE71E98806C0C9028B1FFE7AD
:101530000C98B0F1006F09D009E044F22C41C5F6D7
:101540000201086840F00050086004E003E0012058
:101550008DF86F00FFE79DF86F0060B9FFE744F278
:101560004C41C5F60201086820F000601E9A926C9A
:101570001043086004E09DF86F008DF86E00FFE7EF
:10158000FFE71E9880780007002850D5FFE71E98D7
:10159000C06C0B90A0B1FFE70B98B0F5803F18D05E
:1015A000FFE70B98B0F5003F1CD0FFE70B98B0F5B4
:1015B000403F20D0FFE70B98B0F5802F1CD01CE0F7
:1015C00044F22C41C5F60201086840F04000086072
:1015D00017E044F22C41C5F60201086840F480305F
:1015E00008600EE044F22C41C5F60201086840F0A4
:1015F0000060086005E004E003E001208DF86F0062
:10160000FFE79DF86F0060B9FFE744F25441C5F66B
:101610000201086820F4E0201E9AD26C1043086092
:1016200004E09DF86F008DF86E00FFE7FFE71E985D
:101630008078C006002856D5FFE71E98006D0A90F6
:10164000C8B1FFE70A98B0F5801F1DD0FFE70A98E0
:10165000B0F5001F21D0FFE70A98B0F5401F25D054
:10166000FFE70A98B0F5800F21D0FFE70A98B0F5A0
:10167000A00F1DD01DE044F22C41C5F60201086800
:1016800040F04000086018E044F22C41C5F6020129
:10169000086840F4803008600FE044F22C41C5F641
:1016A0000201086840F00060086006E005E004E020
:1016B00003E001208DF86F00FFE79DF86F0060B92F
:1016C000FFE744F25441C5F60201086820F4E00047
:1016D0001E9A126D1043086004E09DF86F008DF8AB
:1016E0006E00FFE7FFE71E988078400600284AD585
:1016F000FFE71E98806E099078B1FFE70998B0F176
:10170000807F13D0FFE70998B0F1007F17D0FFE783
:101710000998B0F1407F1BD01BE044F22C41C5F684
:101720000201086840F04000086016E044F22C41D5
:10173000C5F60201086840F4802008600DE044F21C
:101740002C41C5F60201086840F00050086004E032
:1017500003E001208DF86F00FFE79DF86F0060B98E
:10176000FFE744F25041C5F60201086820F04070DE
:101770001E9A926E1043086004E09DF86F008DF889
:101780006E00FFE7FFE71E9880780006002850D51E
:10179000FFE71E98806D0890A0B1FFE70898B0F5AC
:1017A000807F18D0FFE70898B0F5007F1CD0FFE7D6
:1017B0000898B0F5407F20D0FFE70898B0F5806F1B
:1017C0001CD01CE044F22C41C5F60201086840F030
:1017D0004000086017E044F22C41C5F60201086899
:1017E00040F4803008600EE044F22C41C5F602015E
:1017F000086840F00060086005E004E003E00120B4
:101800008DF86F00FFE79DF86F0060B9FFE744F2C5
:101810005441C5F60201086820F4E0601E9A926DFA
:101820001043086004E09DF86F008DF86E00FFE73C
:10183000FFE71E98C078C00700284CD0FFE71E982D
:10184000C06D079080B1FFE70798102815D0FFE71B
:10185000079820281AD0FFE7079830281FD0FFE705
:10186000079840281CD01CE044F22C41C5F6020128
:10187000086840F04000086017E044F22C41C5F6CB
:101880000201086840F4803008600EE044F22C4108
:10189000C5F60201086840F00060086005E004E059
:1018A00003E001208DF86F00FFE79DF86F0060B93D
:1018B000FFE744F25041C5F60201086820F07000CD
:1018C0001E9AD26D1043086004E09DF86F008DF8F9
:1018D0006E00FFE7FFE71E98C0788007002849D513
:1018E000FFE71E98006E0690A0B1FFE7069810284B
:1018F00011D0FFE70698202816D0FFE70698302879
:101900001BD0FFE70698402818D0FFE7069850281C
:1019100015D015E018E044F22C41C5F60201086824
:1019200040F4003008600FE044F22C41C5F602019B
:10193000086840F08050086006E005E004E003E03D
:1019400001208DF86F00FFE79DF86F0060B9FFE799
:1019500044F25441C5F60201086820F070001E9A56
:10196000126E1043086004E09DF86F008DF86E0061
:10197000FFE7FFE71E98C0784007002849D5FFE73A
:101980001E98406E0590A0B1FFE70598102811D071
:10199000FFE70598202816D0FFE7059830281BD0D0
:1019A000FFE70598402818D0FFE70598502815D084
:1019B00015E018E044F22C41C5F60201086840F435
:1019C000003008600FE044F22C41C5F602010868BF
:1019D00040F08050086006E005E004E003E00120EC
:1019E0008DF86F00FFE79DF86F0060B9FFE744F2E4
:1019F0005841C5F60201086820F070001E9A526E28
:101A00001043086004E09DF86F008DF86E00FFE75A
:101A1000FFE71E98C078C00600283BD5FFE71E9858
:101A2000C06E049005281BD80499DFE801F0030478
:101A30000D16171818E044F22C41C5F6020108688B
:101A400040F4003008600FE044F22C41C5F602017A
:101A5000086840F08050086006E005E004E003E01C
:101A600001208DF86F00FFE79DF86F0060B9FFE778
:101A700044F25441C5F60201086820F007001E9A9E
:101A8000D26E1043086004E09DF86F008DF86E0080
:101A9000FFE7FFE71E98C078800600283BD5FFE7E8
:101AA0001E98006F039005281BD80399DFE801F00A
:101AB00003040D16171818E044F22C41C5F6020174
:101AC000086840F4003008600FE044F22C41C5F68D
:101AD0000201086840F08050086006E005E004E07C
:101AE00003E001208DF86F00FFE79DF86F0060B9FB
:101AF000FFE744F25041C5F60201086820F00700F4
:101B00001E9A126F1043086004E09DF86F008DF874
:101B10006E00FFE7FFE71E98C0784006002833D527
:101B2000FFE71E98406F029098B1FFE70298B0F56A
:101B3000805F0ED0FFE70298B0F5005F0AD1FFE7A3
:101B400044F22C41C5F60201086840F0805008605C
:101B500004E003E001208DF86F00FFE79DF86F00BF
:101B600060B9FFE744F24C41C5F60201086820F471
:101B700040501E9A526F1043086004E09DF86F00B9
:101B80008DF86E00FFE7FFE71E98C078000600287A
:101B900038D5FFE71E98806F0190C0B1FFE701982C
:101BA000B0F5804F0AD0FFE70198B0F5004F0ED096
:101BB000FFE70198B0F5404F09D009E044F22C410D
:101BC000C5F60201086840F08050086004E003E0B8
:101BD00001208DF86F00FFE79DF86F0060B9FFE707
:101BE00044F24C41C5F60201086820F440401E9AB8
:101BF000926F1043086004E09DF86F008DF86E004E
:101C0000FFE7FFE71E98C078000700280DD5FFE723
:101C100044F21041C5F60201086820F400401E9A03
:101C2000D2F8802010430860FFE79DF86E0020B9CD
:101C3000FFE700208DF87F0003E001208DF87F0092
:101C4000FFE79DF87F0020B080BD0000000000008D
:101C500080B586B004900391049820B9FFE7012075
:101C60008DF8170012E2039842F20001C5F200213C
:101C7000096801F03F01884216D9FFE742F20000EF
:101C8000C5F20020016821F03F01039A1143016071
:101C9000006800F03F000399884204D0FFE701206C
:101CA0008DF81700F2E1FFE704980078400700285C
:101CB00019D5FFE70498006944F22041C5F60201F6
:101CC000096801F0070188420CD9FFE744F220417E
:101CD000C5F60201086820F00700049A1269104353
:101CE0000860FFE7FFE7049800780007002819D58F
:101CF000FFE70498406944F22041C5F602010968F3
:101D000001F0700188420CD9FFE744F22041C5F68A
:101D10000201086820F07000049A526910430860BC
:101D2000FFE7FFE704980078C006002819D5FFE711
:101D30000498806944F22041C5F60201096801F463
:101D4000E06188420CD9FFE744F22041C5F6020168
:101D5000086820F4E060049A926910430860FFE785
:101D6000FFE7049800788006002819D5FFE704985B
:101D7000C06944F22041C5F60201096801F4E0415E
:101D800088420CD9FFE744F22041C5F602010868F9
:101D900020F4E040049AD26910430860FFE7FFE7AF
:101DA000049800788007002819D5FFE70498C068D8
:101DB00044F21C41C5F60201096801F00F01884296
:101DC0000CD9FFE744F21C41C5F60201086820F077
:101DD0000F00049AD26810430860FFE7FFE70498F9
:101DE0000078C007002800F08080FFE744F2184127
:101DF000C5F60201086820F00F00049A92681043AB
:101E000008600498406802280ED1FFE744F20040C1
:101E1000C5F6020000688003002804D4FFE7012013
:101E20008DF8170032E135E00498406803280ED1A0
:101E3000FFE744F20040C5F6020000688001002878
:101E400004D4FFE701208DF817001FE121E004987A
:101E5000406801280ED1FFE744F20040C5F60200B9
:101E60000068C005002804D4FFE701208DF81700A2
:101E70000CE10DE044F20040C5F6020000684007A6
:101E8000002804D4FFE701208DF81700FEE0FFE7EB
:101E9000FFE7FFE744F21041C5F60201086820F0B1
:101EA0000700049A526810430860FEF785FC019011
:101EB000FFE744F21040C5F60200006800F0380069
:101EC00004994968B0EBC10F0ED0FFE7FEF774FC30
:101ED0000199401A41F28931884204D3FFE7032077
:101EE0008DF81700D2E0E4E7FFE704980078800758
:101EF000002819D5FFE70498C06844F21C41C5F6D4
:101F00000201096801F00F0188420CD2FFE744F298
:101F10001C41C5F60201086820F00F00049AD2683F
:101F200010430860FFE7FFE7039842F20001C5F2A3
:101F30000021096801F03F01884216D2FFE742F212
:101F40000000C5F20020016821F03F01039A11430F
:101F50000160006800F03F000399884204D0FFE769
:101F600001208DF8170091E0FFE704980078400702
:101F7000002819D5FFE70498006944F22041C5F60E
:101F80000201096801F0070188420CD2FFE744F220
:101F90002041C5F60201086820F00700049A126982
:101FA00010430860FFE7FFE7049800780007002867
:101FB00019D5FFE70498406944F22041C5F60201B3
:101FC000096801F0700188420CD2FFE744F2204119
:101FD000C5F60201086820F07000049A52691043A7
:101FE0000860FFE7FFE704980078C006002819D5CD
:101FF000FFE70498806944F22041C5F602010968B0
:1020000001F4E06188420CD2FFE744F22041C5F6BA
:102010000201086820F4E060049A926910430860A5
:10202000FFE7FFE7049800788006002819D5FFE74E
:102030000498C06944F22041C5F60201096801F420
:10204000E04188420CD2FFE744F22041C5F602018C
:10205000086820F4E040049AD26910430860FFE762
:10206000FFE700F0BDF840F20401C2F20041086051
:1020700040F24800C2F200400068FEF7CDFB8DF848
:102080000B009DF80B008DF81700FFE79DF8170077
:1020900006B080BD0000000080B584B040F206703C
:1020A000C0F60810019040F20120C0F203400090F9
:1020B00000F096F8039044F21C40C5F60200006858
:1020C00000F00F0002900298082809D3FFE7039858
:1020D00002996A46114411F8081CC8400390FFE7B2
:1020E000039804B080BD000080B582B0FFF7D4FF34
:1020F000019044F22040C5F60200006800F007009D
:1021000000900098042806D3FFE70198009903394E
:10211000C8400190FFE7019802B080BD00000000B8
:1021200080B582B0FFF7B8FF019044F22040C5F6B9
:1021300002000068C0F3021000900098042806D343
:10214000FFE7019800990339C8400190FFE7019823
:1021500002B080BD0000000080B582B0FFF79CFF98
:10216000019044F22040C5F602000068C0F302204E
:1021700000900098042806D3FFE7019800990339DE
:10218000C8400190FFE7019802B080BD0000000048
:1021900080B582B044F23840C5F60200006800F411
:1021A000FE01012000EB1140019001F059FD019961
:1021B000B0FBF1F002B080BD80B582B044F2404087
:1021C000C5F60200006800F4FE01012000EB11409A
:1021D000019001F0D9FD0199B0FBF1F002B080BD92
:1021E0008BB044F21040C5F60200006800F03800E1
:1021F00001460191182800F23E810199DFE811F0B3
:1022000019003B013B013B013B013B013B013B0111
:1022100034003B013B013B013B013B013B013B01E6
:102220003A003B013B013B013B013B013B013B01D0
:10223000400044F20040C5F6020000688006002815
:102240000ED5FFE744F20040C5F602000068C0F377
:10225000C10149F20000C0F2D030C840039002E052
:1022600000200390FFE70CE140F60010C0F23D00B3
:10227000039006E143F20060C0F26E10039000E1AB
:1022800044F22840C5F60200016801F003010991FB
:102290000068C0F30510089044F22C40C5F6020017
:1022A000006800F001000790079844F23441C5F639
:1022B0000201096889B2C908484300EE100AB8EE65
:1022C000400A8DED050A0898002800F0D080FFE74D
:1022D0000998009040B1FFE70098012844D0FFE73B
:1022E0000098022864D087E044F20040C5F602005E
:1022F00000688006002833D5FFE744F20040C5F6A9
:1023000002000068C0F3C10149F20000C0F2D03001
:10231000C84006909DED060AB8EE400A9DED081AE9
:10232000B8EE411A80EE010A44F23040C5F60200D0
:1023300000686FF35F2001EE100AB8EE411A9DEDC0
:10234000052A9FED5B3A82EE032A31EE021AB7EEC0
:10235000002A31EE021A20EE010A8DED040A02E095
:1023600000200490FFE76BE09DED080AB8EE401AEC
:102370009FED500A80EE010A44F23040C5F602009B
:1023800000686FF35F2001EE100AB8EE411A9DED70
:10239000052A9FED473A82EE032A31EE021AB7EE84
:1023A000002A31EE021A20EE010A8DED040A47E000
:1023B0009DED080AB8EE401A9FED3C0A80EE010A36
:1023C00044F23040C5F6020000686FF35F2001EE72
:1023D000100AB8EE411A9DED052A9FED353A82EEBE
:1023E000032A31EE021AB7EE002A31EE021A20EE6D
:1023F000010A8DED040A23E09DED080AB8EE401AAB
:102400009FED2C0A80EE010A44F23040C5F602002E
:1024100000686FF35F2001EE100AB8EE411A9DEDDF
:10242000052A9FED233A82EE032A31EE021AB7EE17
:10243000002A31EE021A20EE010A8DED040AFFE7B0
:1024400044F23040C5F60200006881B2012000EB82
:1024500051200A909DED040A9DED0A1AB8EE411A2A
:1024600080EE010ABCEEC00A8DED030A02E00020F6
:102470000390FFE705E040F60010C0F23D00039036
:10248000FFE744F21840C5F60200006800F00F00B4
:1024900002900298082806D3FFE7039802990739AB
:1024A000C8400390FFE703980BB07047001BB74B81
:1024B000000000460024744A80B588B00690069853
:1024C00020B9FFE701208DF81F00D4E344F210404B
:1024D000C5F60200006800F03800049044F228407D
:1024E000C5F60200006800F00300039044F20040CB
:1024F000C5F60200006800F02850029006980078A7
:10250000C007002800F0B480FFE70498102807D027
:10251000FFE7029868B1FFE70398022809D1FFE7B7
:102520000698406820B9FFE701208DF81F00A2E35C
:102530009DE0FFE706984068B0F5803F09D1FFE7CE
:1025400044F20041C5F60201086840F4803008609A
:1025500056E00698406888B9FFE744F20041C5F6A6
:102560000201086820F480300860086820F4002028
:102570000860086820F48020086040E00698406801
:10258000B0F5A02F11D1FFE744F20041C5F60201DA
:10259000086840F480200860086820F40020086083
:1025A000086840F48030086028E006984068B0F57C
:1025B000502F11D1FFE744F20041C5F6020108682F
:1025C00040F480200860086840F400200860086833
:1025D00040F48030086010E044F20041C5F602018A
:1025E000086820F480300860086820F480200860C3
:1025F000086820F400200860FFE7FFE7FFE7FFE737
:10260000FFE7FEF7D9F8059006984068B8B1FFE7F4
:10261000FFE744F20040C5F602000068800300288E
:102620000CD4FFE7FEF7C8F80599401A652804D3D3
:10263000FFE703208DF81F001DE3EAE716E0FFE740
:1026400044F20040C5F602000068800300280CD563
:10265000FFE7FEF7B1F80599401A652804D3FFE7B4
:1026600003208DF81F0006E3EAE7FFE7FFE7FFE737
:10267000069800788007002840F1C480FFE704989E
:1026800040B1FFE70298002861D0FFE703980028D7
:102690005DD1FFE70698C06820B9FFE701208DF8FB
:1026A0001F00E8E244F20040C5F60200006800F0B6
:1026B00018000190039868B9FFE7029850B1FFE74E
:1026C000019806990969884204D0FFE701208DF836
:1026D0001F00D0E244F20041C5F60201086820F074
:1026E000180206980069104340F001000860049841
:1026F00090B9FFE744F20040C5F602000068C0F35D
:10270000C10149F20000C0F2D030C84040F20401DB
:10271000C2F200410860FFE740F24800C2F2004008
:102720000068FEF779F820B1FFE701208DF81F005F
:10273000A1E2FFE744F20441C5F60201086820F077
:10274000FE40069A526940EA0260086059E0069825
:10275000C06898B3FFE744F20041C5F6020108687B
:1027600020F01900069BDA681B691A4310430860C1
:1027700044F20441C5F60201086820F0FE40069AC2
:10278000526940EA02600860FEF716F80590FFE71C
:1027900044F20040C5F602000068400700280CD44F
:1027A000FFE7FEF709F80599401A022804D3FFE76E
:1027B00003208DF81F005EE2EAE721E044F20041C9
:1027C000C5F60201086820F001000860FDF7F4FF7B
:1027D0000590FFE744F20040C5F60200006840079C
:1027E00000280CD5FFE7FDF7E7FF0599401A0228FE
:1027F00004D3FFE703208DF81F003CE2EAE7FFE780
:10280000FFE7FFE706980078C00600285ED5FFE7DF
:102810000498082807D0FFE7029868B1FFE70398FB
:10282000012809D1FFE70698006A20B9FFE70120D7
:102830008DF81F001FE248E00698006A10B3FFE71A
:1028400044F20041C5F60201086840F080000860CB
:10285000FDF7B2FF0590FFE744F20040C5F6020025
:102860000068C00500280CD4FFE7FDF7A5FF059917
:10287000401A022804D3FFE703208DF81F00FAE175
:10288000EAE721E044F20041C5F60201086820F0C1
:1028900080000860FDF790FF0590FFE744F20040DC
:1028A000C5F602000068C00500280CD5FFE7FDF75B
:1028B00083FF0599401A022804D3FFE703208DF80F
:1028C0001F00D8E1EAE7FFE7FFE7FFE70698007897
:1028D0000007002849D5FFE70698806910B3FFE795
:1028E00044F27441C5F60201086840F00100086036
:1028F000FDF762FF0590FFE744F27440C5F6020061
:102900000068800700280CD4FFE7FDF755FF059904
:10291000401A022804D3FFE703208DF81F00AAE124
:10292000EAE721E044F27441C5F60201086820F0AC
:1029300001000860FDF740FF0590FFE744F2744096
:10294000C5F602000068800700280CD5FFE7FDF7F8
:1029500033FF0599401A022804D3FFE703208DF8BE
:102960001F0088E1EAE7FFE7FFE7069800788006A6
:10297000002849D5FFE70698C06910B3FFE744F285
:102980000041C5F60201086840F480500860FDF778
:1029900013FF0590FFE744F20040C5F6020000680F
:1029A000800400280CD4FFE7FDF706FF0599401AC4
:1029B000022804D3FFE703208DF81F005BE1EAE75C
:1029C00021E044F20041C5F60201086820F480507D
:1029D0000860FDF7F1FE0590FFE744F20040C5F600
:1029E00002000068800400280CD5FFE7FDF7E4FE34
:1029F0000599401A022804D3FFE703208DF81F0031
:102A000039E1EAE7FFE7FFE706980078400700288A
:102A100040F1AB80FFE744F60001C5F6020108680B
:102A200040F480700860FFE706988068012809D1AB
:102A3000FFE744F27041C5F60201086840F001006A
:102A4000086054E00698806888B9FFE744F2704156
:102A5000C5F60201086820F001000860086820F04F
:102A600080000860086820F0040008603EE00698D6
:102A70008068052811D1FFE744F27041C5F60201D4
:102A8000086840F004000860086820F080000860D2
:102A9000086840F00100086027E0069880688528F3
:102AA00011D1FFE744F27041C5F60201086840F019
:102AB00004000860086840F080000860086840F082
:102AC0000100086010E044F27041C5F60201086898
:102AD00020F001000860086820F004000860086821
:102AE00020F080000860FFE7FFE7FFE7FFE7FFE770
:102AF00006988068E0B1FFE7FDF75EFE0590FFE70E
:102B000044F27040C5F602000068800700280ED429
:102B1000FFE7FDF751FE0599401A41F289318842DD
:102B200004D3FFE703208DF81F00A4E0E8E71BE0D3
:102B3000FDF742FE0590FFE744F27040C5F6020043
:102B40000068800700280ED5FFE7FDF735FE0599E0
:102B5000401A41F28931884204D3FFE703208DF8FF
:102B60001F0088E0E8E7FFE7FFE70698406A0028D3
:102B700057D0FFE70498182842D1FFE70698406A2B
:102B8000012804D1FFE701208DF81F0073E044F213
:102B90003440C5F60200006880B2C0080190069873
:102BA000806C0199884229D0FFE744F22C41C5F698
:102BB0000201086820F001000860FDF7FDFD0590A6
:102BC000FFE7FDF7F9FD0599401A08B9FFE7F8E7B7
:102BD00044F23441C5F6020108684FF6F87290439A
:102BE000069A926C40EAC200086044F22C41C5F695
:102BF0000201086840F001000860FFE7FFE70FE00E
:102C0000069901204864069800F12401002001F093
:102C10004FF920B1FFE701208DF81F002BE0FFE7FF
:102C2000FFE70698C06C68B1FFE7069800F14C0119
:102C3000012001F03DF920B1FFE701208DF81F00D0
:102C400019E0FFE70698406F88B1FFE70699012079
:102C5000C1F89400069800F17401022001F028F9EF
:102C600020B1FFE701208DF81F0004E0FFE70020FE
:102C70008DF81F00FFE79DF81F0008B080BD000021
:102C800081B00090009A40F21051C5F6000108682A
:102C90001043086001B0704781B000904EF21001FF
:102CA000CEF20001086820F00400009A104308608A
:102CB00001B070470000000080B582B0019001981B
:102CC00001F06EFA02B080BD10B5B2B0319010A81C
:102CD0008421FDF710FB00200F900E900D900C90BA
:102CE0000B903198006841F20001C4F20021884243
:102CF0006AD1FFE74FF08050109000202B9010A871
:102D0000FDF75AFFFFE7FFE744F25050C5F6020017
:102D1000016841F01001016000680A900A98FFE71D
:102D2000FFE7FFE7FFE744F24050C5F60200016805
:102D300041F002010160006809900998FFE7FFE790
:102D4000FFE7FFE744F24050C5F60200016841F09A
:102D500002010160006808900898FFE7FFE74FF460
:102D600080400B90022005900C90012001900D9066
:102D7000032006900E90042002900F9040F2004035
:102D8000C5F6020003900BA90491FDF791FBDDF855
:102D900004C0029A03980499069BDDF814E04FF4EE
:102DA00000440B94CDF830E0CDF834C00E930F9270
:102DB000FDF77EFB0699522007900022FDF7F8FDF3
:102DC0000798FDF7E9FDFFE732B010BD00000000F5
:102DD00080B582B001900198006841F20001C4F210
:102DE000002188426AD1FFE740F28030C2F2004001
:102DF00000880004002855D4FFE740F28030C2F27A
:102E0000004000884004002819D5FFE740F23C103C
:102E1000C2F2004000780A2807D0FFE740F2803174
:102E2000C2F200410020088008E040F28031C2F286
:102E30000041088840F400400880FFE731E040F29C
:102E40003C10C2F2004000780D2809D1FFE740F2A3
:102E50008031C2F20041088840F4804008801FE0C1
:102E600040F23C10C2F20040017840F28030C2F2E1
:102E7000004003886FF39F3340F2B822C2F2004251
:102E8000D1540188013101800088C82807DBFFE7A1
:102E900040F28031C2F2004100200880FFE7FFE7E6
:102EA000FFE7FFE740F22420C2F2004040F23C116D
:102EB000C2F20041012202F0F9FDFFE702B080BD3D
:102EC00080B58CB00A9009910892002000908DF88E
:102ED0001F008DF81D00069005900490039002904D
:102EE00001908DF81E00FFE79DF81E00012812D802
:102EF000FFE79DF81E10481C01EB410201A901EB00
:102F00008201C0B201F0ACF9FFE79DF81E0001306C
:102F10008DF81E00E8E745F20000C5F200200068C9
:102F2000C00778B1FFE745F20001C5F2002108684B
:102F300020F0010008609DF81D0040F001008DF8B0
:102F40001D00FFE74AF20000C5F200200068C0073C
:102F500078B1FFE74AF20001C5F20021086820F0CD
:102F6000010008609DF81D0040F002008DF81D0072
:102F7000FFE74BF20041C5F200210020086008681D
:102F800020F47F00099A93680022CFF6FF7202EBCB
:102F90000342104308600A98006845F20001C5F238
:102FA0000021884215D1FFE70998406802900998EE
:102FB000006860B1FFE74BF20041C5F200210868EC
:102FC00020F03000099A12681043086000E0FFE723
:102FD00022E00A9800684AF20001C5F20021884206
:102FE00015D1FFE70998406805900998006860B11D
:102FF000FFE74BF20041C5F20021086820F05000C5
:10300000099A12681043086000E0FFE703E001201E
:103010008DF82F0055E0FFE700208DF81E00FFE738
:103020009DF81E0058BBFFE79DF81E0000EB400115
:1030300001A800EB810148680969884209D1FFE7CE
:103040004BF20041C5F20021086840F00100086021
:1030500000E0FFE70298012809D1FFE74BF20041A9
:10306000C5F20021086840F00200086000E0FFE7B8
:10307000FFE79DF81E0001308DF81E00D0E79DF897
:103080001D00C00748B1FFE745F20001C5F200216D
:10309000086840F001000860FFE79DF81D00800708
:1030A000002809D5FFE74AF20001C5F200210868AF
:1030B00040F001000860FFE79DF81F008DF82F0029
:1030C000FFE79DF82F000CB080BD0000000000005D
:1030D00080B588B0079006910592FDF76DFB0390CF
:1030E00007980068806C029007980068D0F810017B
:1030F00001900798406D042873D1FFE70698C068D7
:10310000B0F5800F6DD1FFE70798039B05996A46DC
:1031100011602021002201F09FFA8DF813009DF824
:103120001300002858D1FFE706980068079909683E
:10313000C1F888000698406807990968C1F88000BE
:103140000698006907990968C1F890000798006817
:10315000006820F04351069A9068D26810430843F3
:1031600040F000500799096808600798C068B0F1FE
:10317000806F05D1FFE7029807990968886413E01A
:1031800007980068D0F8000110F4E06F05D0FFE761
:10319000029807990968886405E001980799096809
:1031A000C1F81001FFE7FFE70798039B05996A46FE
:1031B00011600821012201F04FFA8DF813009DF8EB
:1031C000130040B9FFE70798016808204862079993
:1031D00002204865FFE703E002208DF81300FFE7B7
:1031E00006E001208DF81300079910208865FFE79D
:1031F0009DF8130008B080BD80B588B00790069197
:103200000592FDF7D9FA02900798806808B9FFE7A0
:10321000FFE70698C06808B1FFE7FFE70698C069B6
:1032200008B1FFE7FFE70698C06A08B1FFE7FFE7CC
:103230000698806B30B1FFE70698006808B9FFE791
:10324000FFE7FFE70798406D03900398022806D137
:10325000FFE70798C068B0F1806F1CD1FFE70398C3
:1032600014280AD1FFE706980068022813D0FFE768
:103270000698006803280ED0FFE70398242877D12A
:10328000FFE706980068012805D0FFE70698006868
:1032900003286DD1FFE70798029B05996A461160E4
:1032A0002021002201F0D8F98DF813009DF81300B9
:1032B000002858D1FFE707990020886507980699EC
:1032C00001F046F88DF813009DF81300002849D14D
:1032D000FFE70698806B90B9FFE70798029B059976
:1032E0006A46116002210191012201F0B5F90146FF
:1032F00001988DF8131007990968486231E0069823
:10330000006820B9FFE707990420486528E006987F
:10331000006801280ED1FFE70798406D242804D1EA
:10332000FFE707990420486503E0079914204865E2
:10333000FFE714E00698006802280ED1FFE707981F
:10334000406D142804D1FFE707990420486503E085
:10335000079924204865FFE700E0FFE7FFE7FFE764
:10336000FFE7FFE703E002208DF81300FFE706E028
:1033700001208DF81300079910208865FFE79DF85C
:10338000130008B080BD000080B582B0019000201D
:103390008DF80300019820B9FFE701208DF80300A4
:1033A00012E001980168086820F0010008600198A7
:1033B0000168886820F002008860019800F008FA2F
:1033C000019900204865FFE79DF8030002B080BD29
:1033D00080B588B0079006910592FDF7EDF902904F
:1033E0000798406D03900398012804D0FFE70398E5
:1033F000022826D1FFE70798029B05996A461160CB
:103400002021002201F028F98DF813009DF8130007
:1034100090B9FFE7069908684B688A68C968000494
:1034200040EA03201043084307990968C1F80002E5
:1034300007990220486503E002208DF81300FFE79A
:1034400006E001208DF81300079910208865FFE73A
:103450009DF8130008B080BD80B586B0059004913A
:103460000392FDF7A9F901900598406D022856D105
:10347000FFE70598C068B0F1806F50D1FFE705986D
:10348000019B03996A4611602021002201F0E4F8B3
:103490008DF80B009DF80B00E0BBFFE70598006876
:1034A000006820F040500599096808600598006898
:1034B000806820F0807004990968084305990968BC
:1034C0008860049A9168106952691043084340F675
:1034D0000041C0F600010843059A1268C2F80001D5
:1034E000049B9A6818695B6918431043084305995F
:1034F0000968C1F880010498C06801380599096815
:10350000086404984068059909688864059904204E
:10351000486503E002208DF80B00FFE706E001207C
:103520008DF80B00059910208865FFE79DF80B00CA
:1035300006B080BD0000000080B586B00490002079
:103540008DF80F00FDF738F90290049820B9FFE7D5
:1035500001208DF80F00E0E00499002088650498B0
:10356000406D002840F0D880FFE7049800F05CF937
:10357000049841F2883100F0A7FA04980068806846
:103580004CF2FC01CFF6E0010840DDF810C0DCF899
:103590000010DCF80C20DCF81030DCF814E042EA13
:1035A00003436FF0FF0202EB0E2E43EA0E03DCF83A
:1035B0001CC043EA0C031843886004980068C06884
:1035C00020F4E020049B19681B6A1843C860049823
:1035D0000068006920F4F810049B19681B6B40EA2E
:1035E0000340086104980068006920F0FF00049B14
:1035F00019685B6B1843086104980168806B486127
:1036000004980068006820F47C50049B19685B688B
:1036100002EB0322104308600498029BC16D6A46C6
:1036200011602021002201F017F88DF80F009DF89D
:103630000F0000286FD1FFE704980068C06820F0F1
:10364000FF00049A1168526A1043C8600498006829
:1036500045F20001C5F20021884209D0FFE7049835
:1036600000684AF20001C5F20021884215D1FFE747
:103670000498029BC16D6A4611602021002200F06F
:10368000EBFF8DF80F009DF80F0028B1FFE79DF8C4
:103690000F008DF8170045E0FFE704980068006808
:1036A0004FF6BF71CFF6FF610840049B19689A6816
:1036B000DB6B1A431043086004980068D0F80801D7
:1036C00020F0A040049B19689A6ADB6A1A431043F1
:1036D000C1F8080104980168086840F0010008601A
:1036E00004988069022807D1FFE704980168886878
:1036F00040F002008860FFE70498C068B0F1806F76
:1037000004D1FFE704990120486503E004990220F1
:103710004865FFE7FFE7FFE7FFE79DF80F008DF83B
:103720001700FFE79DF8170006B080BD00000000FD
:1037300080B586B005900491FDF73EF8029005989B
:10374000406D042837D1FFE70598029BC16D6A469A
:1037500011602021002200F07FFF8DF80F009DF8FE
:103760000F0038BBFFE7059988204865049800687A
:10377000082811D1FFE70498406805990968C1F845
:1037800030010598016810204862059801680868B2
:1037900040F480100860FFE705980068006820F09A
:1037A000080104980068084340F0405005990968F2
:1037B0000860FFE706E001208DF80F000599102052
:1037C0008865FFE79DF80F0006B080BD000000008F
:1037D00080B582B001900198006845F20001C5F201
:1037E000002188421BD1FFE744F23451C5F60201A3
:1037F000086820F480400860086820F02000086015
:1038000043F60040C5F60200FF21FCF7ADFD43F68C
:103810000000C5F602001521FCF7A6FDFFE702B087
:1038200080BD00000000000080B5B0B02F900EA851
:103830008421FCF760FD00200D900C900B900A9005
:1038400009902F98006845F20001C5F200218842D6
:1038500067D1FFE702200E90102010900EA8FDF710
:10386000ABF9FFE744F23450C5F60200016841F4B9
:1038700080410160006808900898FFE7FFE744F284
:103880003450C5F60200016841F020010160006873
:1038900007900798FFE7FFE744F24050C5F60200A3
:1038A000016841F400410160006806900698FFE756
:1038B000FFE744F24050C5F60200016841F4804140
:1038C0000160006805900598FFE7FF20099002203D
:1038D00000900A90002001900B90032002900C9021
:1038E000092003900D9043F60040C5F6020009A997
:1038F0000491FCF7DDFDDDF800C0019B029A0398FE
:1039000004994FF0150ECDF824E0CDF828C00B93A4
:103910000C920D9043F60000C5F60200FCF7C8FDBE
:10392000FFE730B080BD000080B58AB009900891F3
:103930000792FCF741FF0590099800685030049009
:1039400009980068806C039009980068D0F810010D
:103950000290089838B9FFE701208DF81B000999FB
:103960000820886581E00998406D042875D1FFE73B
:1039700009980068006C0130099988640998806C86
:1039800009994864089809990864099800680068CA
:10399000012161F31D700999096808600998C068E0
:1039A000B0F1806F05D1FFE7039809990968886431
:1039B00013E009980068D0F8000110F4E06F05D01A
:1039C000FFE7039809990968886405E00298099956
:1039D0000968C1F81001FFE7FFE7FFE70998059BB9
:1039E00007996A4611600621012200F035FE8DF824
:1039F0001B009DF81B0008B1FFE712E00498007857
:103A00000999096C08700999086C013008640999D2
:103A1000886C01388864FFE70998806C0028DDD144
:103A2000FFE79DF81B00B8B9FFE70998059B0799C8
:103A30006A4611600221012200F00EFE8DF81B0083
:103A40009DF81B0038B9FFE7099801680220486219
:103A500009994865FFE7FFE706E001208DF81B00A4
:103A6000099910208865FFE7FFE79DF81B000AB061
:103A700080BD00000000000083B002900191002092
:103A80008DF803000298406D000700280ED4FFE770
:103A900001980299486202980068C06820F0FF000F
:103AA000029A1168526A1043C86006E001208DF83E
:103AB0000300029910208865FFE79DF8030003B01A
:103AC000704700000000000082B001900091009853
:103AD0000199C865002002B0704700000000000096
:103AE00080B588B0079006910592FCF765FE0390BB
:103AF0000798006850300290069838B9FFE7012017
:103B00008DF8130007990820886561E00798406DDB
:103B1000042855D1FFE707980068006C0130079929
:103B200088640798806C0799486406980799086428
:103B300007980068006820F04050079909680860FD
:103B4000FFE70798039B05996A461160042101224B
:103B500000F082FD8DF813009DF8130008B1FFE717
:103B600012E00798006C0078029908700799086CB9
:103B7000013008640799886C01388864FFE707986A
:103B8000806C0028DDD1FFE79DF81300B8B9FFE78E
:103B90000798039B05996A4611600221012200F0F3
:103BA0005BFD8DF813009DF8130038B9FFE7079807
:103BB00001680220486207994865FFE7FFE706E0D1
:103BC00001208DF81300079910208865FFE7FFE7B3
:103BD0009DF8130008B080BDFFE7FEE7000000007D
:103BE000FFE7FEE700000000FFE7FEE7000000003F
:103BF00088B0079006910592079800F0070004909E
:103C00000498C0F10700052803D3FFE704200190C2
:103C100004E00498C0F107000190FFE701980390C9
:103C200004980430062803D8FFE70020009003E042
:103C3000049803380090FFE70098029006980399D3
:103C4000012202FA01F101390840029B98400599CE
:103C50009A40013A1140084308B070470000000044
:103C600089B044F22840C5F602000068079044F28B
:103C70003840C5F60200006806900798C0F305308A
:103C8000049006986FF35F2001300390049818B9F0
:103C9000FFE70020089070E044F22C40C5F60200D7
:103CA00000680005002809D5FFE744F23C40C5F64E
:103CB0000200006880B2C008029002E0002002907A
:103CC000FFE7079800F003000146009140B1FFE7CD
:103CD0000098012825D0FFE7009802281BD026E095
:103CE00044F20040C5F602000068800600280ED5A8
:103CF000FFE744F20040C5F602000068C0F3C101CE
:103D000049F20000C0F2D030C840059002E0002027
:103D10000590FFE70EE043F20060C0F26E100590E0
:103D200008E040F60010C0F23D00059002E00020DF
:103D30000590FFE79DED050AB8EE400A9DED041AD7
:103D4000B8EE411A80EE010A9DED031AB8EE411A51
:103D50009DED022AB8EE422A9FED093A82EE032A2F
:103D600031EE021A20EE010A8DED010A9DED010AE5
:103D7000BCEEC00A8DED080AFFE7089809B070474D
:103D8000000000460000000089B044F22840C5F65B
:103D900002000068079044F24040C5F60200006847
:103DA00006900798C0F30550049006986FF35F20C3
:103DB00001300390049818B9FFE70020089070E0E4
:103DC00044F22C40C5F6020000684002002809D5E4
:103DD000FFE744F24440C5F60200006880B2C00824
:103DE000029002E000200290FFE7079800F0030035
:103DF0000146009140B1FFE70098012825D0FFE778
:103E0000009802281BD026E044F20040C5F60200CC
:103E10000068800600280ED5FFE744F20040C5F692
:103E200002000068C0F3C10149F20000C0F2D030C6
:103E3000C840059002E000200590FFE70EE043F245
:103E40000060C0F26E10059008E040F60010C0F26D
:103E50003D00059002E000200590FFE79DED050A7A
:103E6000B8EE400A9DED041AB8EE411A80EE010A40
:103E70009DED031AB8EE411A9DED022AB8EE422AD2
:103E80009FED093A82EE032A31EE021A20EE010A72
:103E90008DED010A9DED010ABCEEC00A8DED080A08
:103EA000FFE7089809B070470000004600000000D6
:103EB00080B58AB00890079100208DF80F0008990E
:103EC00044F23040C5F6020000EBC10006900899AC
:103ED00044F2C040C5F6020000EB8100059008984E
:103EE0000B2141434FF4787000FA01F244F22C4167
:103EF000C5F60201086890430860089841004FF039
:103F0000807000FA01F244F20041C5F6020108682F
:103F100090430860FCF750FC0290FFE744F2004039
:103F2000C5F60200006808994900C84080010028D1
:103F30000CD5FFE7FCF740FC0299401A332804D364
:103F4000FFE703208DF8270023E1E7E707980068E3
:103F5000022840F00981FFE7079840680190019826
:103F600070B9FFE744F20040C5F602000068C0F3F4
:103F7000C10149F20000C0F2D030C840009010E00A
:103F80000198022806D1FFE743F20060C0F26E10EC
:103F9000009005E040F60010C0F23D000090FFE701
:103FA000FFE7009807998968B0FBF1F0009000984E
:103FB00041F20021C0F27A01884203D3FFE71820C2
:103FC00000901AE0009840F60011C0F23D018842CE
:103FD00003D3FFE7102000900EE0009848F28041E4
:103FE000C0F21E01884203D3FFE70820009002E0E0
:103FF00002200090FFE7FFE7FFE7009808990B22F7
:1040000051438840009044F22840C5F60200016800
:10401000089A4FEAC20C4FF47C7202FA0CF29143F8
:1040200021F00301019A079B9B680CF1040C03FA31
:104030000CF31A4311430160006800F0030001997A
:10404000884204D0FFE701208DF82700A1E044F268
:104050002C41C5F602010868089A0B2353431B2222
:104060009A409043009A104308600799C868D1F8B5
:1040700010C04B69896901384FF60062CFF6FF72B4
:1040800002EB4C2210430022CFF6FF7202EB0342F8
:104090001043013940EA0160069908600799C86930
:1040A0000A6A01386FF0FF0101EB0221084305990C
:1040B0000860089848B9FFE744F22C41C5F60201B0
:1040C000086840F020000860FFE70798406A08B3DE
:1040D000FFE7089944F23440C5F6020000EBC10046
:1040E0000490049800684FF6F87188430799496A6C
:1040F00040EAC1000499086008980B21414301205F
:1041000000FA01F244F22C41C5F60201086810439E
:104110000860FFE7089841004FF0807000FA01F254
:1041200044F20041C5F60201086810430860FCF73C
:1041300043FB0290FFE744F20040C5F6020000682E
:1041400008994900C840800100280CD4FFE7FCF71B
:1041500033FB0299401A332804D3FFE703208DF87C
:10416000270016E0E7E70FE044F22841C5F6020118
:104170000868089AD200131D4FF47C729A4090434D
:1041800040F003000860FFE79DF80F008DF827005E
:10419000FFE79DF827000AB080BD00000000000086
:1041A00080B582B0009000980138B0F1807F03D3D1
:1041B000FFE70120019019E0009801384EF2140148
:1041C000CEF2000108604FF0FF300F2100F0A4FA9A
:1041D0004EF21801CEF20001002008604EF21002EB
:1041E000CEF20002072111600190FFE7019802B0B2
:1041F00080BD00000000000080B5FCF7E5FA42F247
:104200007470C2F20640007848B1FFE701F053FC39
:10421000012803D0FFE701F053FCFFE7FFE780BD73
:1042200040F20000C0F600004EF60851CEF2000148
:1042300008604EF68851CEF20001086840F4700024
:10424000086070470000000080B540F22420C2F2F0
:10425000004001F03AFC80BDFFE7FEE700000000EF
:1042600084B08DF80F0002919DF80F00012832D123
:10427000FFE74BF20040C5F20020006880070028ED
:1042800004D4FFE702990020486003E0029901206E
:104290004860FFE74BF20040C5F20020006800F0E4
:1042A0001000102804D0FFE702990020086011E0F8
:1042B0004BF20040C5F2002000688006002804D5BB
:1042C000FFE702997020086003E00299102008605F
:1042D000FFE7FFE739E04BF20040C5F2002001683C
:1042E00001F0010101910068C0F3400000900198C5
:1042F0000099884204D0FFE702990020486003E05B
:10430000029901204860FFE74BF20040C5F200200F
:10431000006800F01000102804D0FFE70299002088
:10432000086011E04BF20040C5F200200068400632
:10433000002804D5FFE702997020086003E0029985
:1043400010200860FFE7FFE7FFE704B070470000B8
:1043500080B588B00790069100208DF81700079867
:104360000068006820F040500799096808600798C5
:10437000806860B9FFE707980068006820F0404057
:10438000069949680843079909680860FFE7069895
:104390000068022815D1FFE70798006800F5C07093
:1043A00004900798006800F5C470039007980068AF
:1043B00000F5C87002900798006800F5D070019071
:1043C0002FE006980068032815D1FFE707980068DA
:1043D00000F5A07004900798006800F5A4700390A1
:1043E0000798006800F5A87002900798006800F52B
:1043F000B070019014E00798006800F58070049098
:104400000798006800F5847003900798006800F52D
:10441000887002900798006800F590700190FFE79F
:10442000FFE70698806C049908600698C06A90B10E
:10443000FFE70698806A019908600498006820F4F4
:104440007C10069BD96A1A6B5B6B194311430843B6
:1044500004990860FFE70398006820F01F000699A0
:10446000496C0843039908600698806B60B1FFE7C8
:104470000698006838B9FFE70698C06B01380799BD
:1044800009680864FFE7FFE70698C068002800F0A5
:10449000A280FFE70698C069002859D0FFE7069878
:1044A000806B00B3FFE7049800684CF2C001CFF2C4
:1044B000FF010840069A0092D168D2F810C0D2F8E5
:1044C00014E0D36941EA0E0141EA0C011943536A31
:1044D0001943136A1943936B1943126C1143084330
:1044E000049908602AE00498006843F63F71884305
:1044F000069AD168D2F810C0D2F814E0D36941EA24
:104500000E0141EA0C011943536A1943126A11431F
:104510000843049908600798C06AB0F1805F0CD125
:10452000FFE706984069082807D1FFE7049800686C
:1045300040F0006004990860FFE7FFE70698806894
:10454000029908600698806907990968886441E0C3
:104550000698806BC8B1FFE7049800684FF6C071F9
:10456000CFF2FF010840069AD168D2F810C0D2F805
:1045700014E0936B41EA0E0141EA0C011943126CFD
:1045800011430843049908601FE00498006820F074
:104590003F00069BD9681A695B69194311430843B8
:1045A000049908600798C06AB0F1805F0CD1FFE7FA
:1045B00006984069082807D1FFE70498006840F092
:1045C000006004990860FFE7FFE706988068029999
:1045D0000860FFE73CE00698C06988B3FFE70698EB
:1045E000806BC8B1FFE7049800684CF2FF01CFF27E
:1045F000FF010840069AD169D2F820C0D2F824E021
:10460000936B41EA0E0141EA0C011943126C11430C
:104610000843049908600DE00498006820F47C5079
:10462000069BD9691A6A5B6A1943114308430499C6
:104630000860FFE70698806907990968886406E0C2
:1046400001208DF81700079908208865FFE7FFE72C
:104650009DF8170008B080BD80B586B0DDF820C099
:10466000049003918DF80B200193FFE704980068F4
:10467000006A03990840002818BF01209DF80B101C
:1046800088421ED0FFE708980130C8B1FFE7FCF769
:1046900093F80199401A0899884203D8FFE70898CF
:1046A00068B9FFE704994FF4007048650499886D74
:1046B00040F00100886503208DF8170005E0FFE752
:1046C000D4E700208DF81700FFE79DF8170006B02B
:1046D00080BD00000000000081B0ADF80200BDF90F
:1046E000020000280ED4FFE7BDF9021001F01F02FE
:1046F000012090404A094EF20011CEF2000141F82B
:104700002200FFE701B070474EF60C50CEF20000D9
:104710000068C0F30220704782B0ADF80600009137
:10472000BDF9060000280AD4FFE700980001BDF992
:1047300006104EF20042CEF2000288540BE00098C0
:104740000001BDF8061001F00F014EF61452CEF232
:1047500000028854FFE702B070470000000000002C
:1047600083B00290029800F0070000904EF60C51C2
:10477000CEF200010868019001984FF6FF02104048
:1047800001900198009A40EA02200022C0F2FA52F9
:10479000104301900198086003B0704700000000CA
:1047A00080B582B0ADF806000420FEF775FABDF8BA
:1047B000060040F28801C2F200410860BDF8060020
:1047C000009000984FF47A71484300904EF2100127
:1047D000CEF20001086840F00200086000984EF236
:1047E0001402CEF200021060086840F00100086078
:1047F00002B080BD0000000080B582B0ADF80600B8
:1048000000200090FFE70098BDF80610884209D20A
:10481000FFE74FF47A7000F007F8FFE700980130E7
:104820000090F0E702B080BD86B0059000200190B6
:104830004EF21400CEF2000000680090059840F29D
:104840008801C2F200410968484304904EF2180002
:10485000CEF2000000680390FFE74EF21800CEF29F
:104860000000006802900298039988421ED0FFE77A
:1048700002980399884207D2FFE703980299411AE8
:1048800001980844019008E000980299401A0399A1
:104890000144019808440190FFE7029803900198B1
:1048A0000499884201D3FFE701E0FFE7D5E706B0AE
:1048B000704700000000000082B001900091FFE707
:1048C00041F21C00C4F2002000684006002801D418
:1048D000FFE7F5E79DF8040041F22801C4F200214A
:1048E0000860019802B0704780B582B000F094F87B
:1048F00000F022F8FBF778FF4FF4967006210222B1
:1049000000F0C6FC4FF41670FFF74AFF4FF4E13099
:1049100001F0A6F801F0DEF801F0E1F801F0E4F8AA
:104920000020019001F0E5F8012001F0E2F801F02B
:10493000E5F8019802B080BD83B04EF61450CEF277
:10494000000000688003002801D5FFE71AE0BFF3EC
:104950004F8FBFF36F8F4EF65071CEF200010020E3
:104960000860BFF34F8FBFF36F8F4EF61451CEF236
:104970000001086840F400300860BFF34F8FBFF3B8
:104980006F8FFFE74EF61450CEF200000068C003B0
:10499000002801D5FFE73CE04EF68451CEF200013D
:1049A00000200860BFF34F8F4EF68050CEF200001B
:1049B000006802900298C0F34E300190FFE7029821
:1049C000C0F3C9000090FFE701990098800761F3E8
:1049D0004D104EF66071CEF2000108600098411E45
:1049E00000910028F0D1FFE70198411E01910028B5
:1049F000E5D1FFE7BFF34F8F4EF61451CEF2000121
:104A0000086840F480300860BFF34F8FBFF36F8FAA
:104A1000FFE703B07047000010B58AB00020029095
:104A200009900890079006900590FBF77DFF02988B
:104A3000012103918DF81810059A531C05938DF8E8
:104A4000192007901F228DF8202087228DF8212021
:104A50008DF822008DF823008DF824108DF82500A4
:104A60008DF826008DF8270006A80490FBF718FFA4
:104A7000029A039904988DF81810059B03F1010C14
:104A8000CDF814C08DF819304FF0005307930F2361
:104A90008DF820308DF821208DF82210032301930A
:104AA0008DF823308DF824208DF825108DF82610F0
:104AB0008DF82710FBF7F4FE019B029A03990498E6
:104AC0008DF81810DDF814C00CF1010ECDF814E0CB
:104AD0008DF819C04FF0105CCDF81CC04FF0120CCF
:104AE0008DF820C08DF821208DF822108DF823300C
:104AF0008DF824208DF825108DF826108DF82710BC
:104B0000FBF7CEFE019B029A039904988DF81810CA
:104B1000DDF814C00CF1010ECDF814E08DF819C0C9
:104B20004FF0405CCDF81CC04FF00E0C8DF820C04B
:104B30008DF821208DF822108DF823308DF8242057
:104B40008DF825108DF826108DF82710FBF7A8FE9C
:104B5000019B0299039A04988DF81820DDF814C07F
:104B60000CF1010ECDF814E08DF819C04FF0C04CD7
:104B7000CDF81CC04FF0190C8DF820C08DF8211015
:104B80008DF822108DF823308DF824208DF8252003
:104B90008DF826108DF82710FBF782FE019B029AF4
:104BA000039904988DF81810DDF814C00CF1010E6B
:104BB000CDF814E08DF819C04FF0104CCDF81CC0A2
:104BC0004FF0180CCDF800C08DF820C08DF82120D2
:104BD0008DF822108DF823308DF824208DF82510C3
:104BE0008DF826108DF82710FBF75AFEDDF800C06F
:104BF000019B029A039904988DF81810DDF814E0CF
:104C00000EF1010405948DF819E04FF0E04ECDF857
:104C10001CE08DF820C08DF821208DF822108DF831
:104C200023308DF824208DF825108DF826108DF86E
:104C30002710FBF735FE0420FBF78EFE0AB010BDEF
:104C400080B5A8B0269013A84C21FBF754FB002098
:104C50001290119010900F900E900D900C9026983D
:104C600020B9FFE701208DF89F00FDE200200A90A7
:104C700013901490662115910121169117901890A8
:104C80001A901E90219024902590269813A941F205
:104C90008832FEF7B1FA20B1FFE701208DF89F00BE
:104CA000E2E20020099013901490992115910121BE
:104CB0001691179018901A901E902190249025908C
:104CC000269813A941F28832FEF796FA20B1FFE741
:104CD00001208DF89F00C7E200F0CAFA002008907A
:104CE0001390149046F299611591042116911021A8
:104CF000179118901A901E90219024902590269834
:104D000013A941F28832FEF777FA20B1FFE70120BC
:104D10008DF89F00A8E2002007901390149049F6A8
:104D200066111591042116911021179118901A906F
:104D30001E90219024902590269813A941F2883244
:104D4000FEF75AFA20B1FFE701208DF89F008BE2B1
:104D500000F08EFA00201390149046F2996115919C
:104D60000421169110211791082118911A901E9074
:104D7000219024904FF000502590269813A941F2DD
:104D80008832FEF739FA20B1FFE701208DF89F0045
:104D90006AE200201390149049F6661115910421DF
:104DA000169110211791082118911A901E902190A8
:104DB00024904FF000502590269813A941F2883294
:104DC000FEF71AFA20B1FFE701208DF89F004BE2B1
:104DD00000F04EFA002006901390149005211591D2
:104DE00001211691179018901A901E904FF0807222
:104DF00021922291239024902590269813A941F284
:104E00008832FEF7F9F920B1FFE701208DF89F0005
:104E10002AE200200E9001210F9110904FF48000A3
:104E200011901020129026980EA941F28832FEF7B8
:104E30004FF920B1FFE701208DF89F0014E2002018
:104E40000590139014909F211591012116911790B0
:104E500018901A901E904FF0807121910321229199
:104E6000239024902590269813A941F28832FEF7CA
:104E7000C3F920B1FFE701208DF89F00F4E12698E7
:104E80000BA941F28832FEF74FFD20B1FFE7012068
:104E90008DF89F00E8E10B9848F2C201C0F2390199
:104EA000884204D0FFE701208DF89F00DCE100205C
:104EB000049013901490712115910121169117906F
:104EC000189019904FF480721A924FF440521B922E
:104ED0001C901E904FF0807221922291239024907A
:104EE0002590269813A941F28832FEF785F920B162
:104EF000FFE701208DF89F00B6E126980BA941F24B
:104F00008832FEF711FD20B1FFE701208DF89F00E8
:104F1000AAE100200390139014900621159101211D
:104F20001691179018901A901E9021902490259019
:104F3000269813A941F28832FEF75EF920B1FFE707
:104F400001208DF89F008FE10020029013901490B3
:104F50000521159101211691179018901A901E9015
:104F60004FF08072219222912390249025902698D0
:104F700013A941F28832FEF73FF920B1FFE7012083
:104F80008DF89F0070E102200E900F90002010908D
:104F90004FF4800011901020129026980EA941F233
:104FA0008832FEF795F820B1FFE701208DF89F00C9
:104FB0005AE19DF82C0000F0FC008DF82C009DF8C3
:104FC0002C0040F002008DF82C000020019013907E
:104FD0001490722115910121169117901890199033
:104FE0004FF480721A924FF440521B921C901E9004
:104FF0004FF0807221922291239024902590269840
:1050000013A941F28832FEF7F7F820B1FFE701203B
:105010008DF89F0028E126980BA941F28832FEF70F
:105020005FFD20B1FFE701208DF89F001CE100210A
:105030001391149147F28E101590042016901022AF
:1050400017920822189219914FF480621A924FF425
:1050500040521B924FF400621C921E914FF08062EE
:10506000219201222292239124904FF0005025900A
:10507000269813A941F28832FEF7BEF820B1FFE767
:1050800001208DF89F00EFE026980BA941F28832AD
:10509000FEF74AFC20B1FFE701208DF89F00E3E016
:1050A0009DF82C0000F00300022804D0FFE7012047
:1050B0008DF89F00D8E026980121FEF7DDFC20B195
:1050C000FFE701208DF89F00CEE0002013901490A0
:1050D00040F2F961159104211691102117910821D0
:1050E00018911A901E90219024904FF00050259016
:1050F000269813A941F28832FEF77EF820B1FFE727
:1051000001208DF89F00AFE000211391149140F22F
:10511000FA50159004201690102217920822189227
:1051200019914FF480621A924FF440521B924FF43F
:1051300000621C921E914FF0806221920122229205
:10514000239124904FF000502590269813A941F206
:105150008832FEF751F820B1FFE701208DF89F005B
:1051600082E002200E900F90002010904FF48000FB
:1051700011901020129026980EA941F28832FDF766
:10518000A7FF20B1FFE701208DF89F006CE0012010
:105190001390002014904EF6116115910421169180
:1051A00010211791082118914FF480611A914FF442
:1051B00040511B914FF400611C911E904FF0806094
:1051C00021904FF000602390142024904FF0005065
:1051D0002590269813A941F28832FEF70DF820B1E8
:1051E000FFE701208DF89F003EE002201390002091
:1051F000149041F2ED21159104211691102117917F
:10520000082118914FF480611A914FF440511B917D
:105210004FF400611C911E904FF0806121914FF07E
:105220000061239124904FF000502590269813A9F7
:1052300041F28832FDF7E0FF20B1FFE701208DF851
:105240009F0011E008200C9000200D9026980CA9DA
:10525000FEF76EFA20B1FFE701208DF89F0003E012
:1052600000208DF89F00FFE79DF89F0028B080BDCB
:1052700081B042F210700090FFE700980138009072
:1052800008B1FFE7F9E701B0704700000000000037
:1052900080B592B010900F910E92002002900D9068
:1052A0000C900B900A9009900890079006900420AB
:1052B000FBF79EFB20B1FFE701208DF84700BBE024
:1052C000FBF762FCFBF76CFCFFE744F25450C5F6B9
:1052D0000200016841F00201016000680590059834
:1052E000FFE74FF40030FDF7CBFC4FF48020FDF7D3
:1052F000C7FC0120FBF7ECFB20B1FFE701208DF894
:10530000470099E0FBF714FC20B1FFE701208DF87E
:10531000470091E0FFE744F23C50C5F60200016807
:1053200041F000510160006804900498FFE7FFE736
:1053300044F23C50C5F60200016841F08041016032
:10534000006803900398FFE742F2D860C2F206407B
:105350000090292101604FF4803141600121816179
:105360004FF48051C16102220192426282620F9920
:10537000C162109901630E9941638263C263026442
:10538000426400218164C26402654FF0060EC0F8D9
:1053900054E04FF4967CC0F858C0C2650C230366F5
:1053A000426603238366C0F86CE001674267826748
:1053B0004FF0180EC0F87CE0C0F880C0C0F8842020
:1053C0004FF00F0CC0F888C0C0F88C20C0F89030A7
:1053D000C0F89420C0F89810FDF76EF820B1FFE7F0
:1053E00001208DF8470027E03F200690032007901A
:1053F000002008900820099004200A9040200B907B
:105400004FF480600C904FF480400D9006A8372137
:10541000FCF71EFC20B1FFE701208DF847000BE0F0
:1054200000F09AFA42F27471C2F20641012008704B
:1054300000208DF84700FFE79DF8470012B080BDBF
:1054400080B5AAB0289015A84C21FAF754FF002087
:10545000149013901290119010900F900E90289825
:1054600020B9FFE701208DF8A7006EE200200C9024
:1054700015901690662117910121189119901A9094
:105480001C902090239026902790289815A941F2EF
:105490008832FDF7B1FE20B1FFE701208DF8A700AB
:1054A00053E200200B90159016909921179101213D
:1054B000189119901A901C90209023902690279074
:1054C000289815A941F28832FDF796FE20B1FFE732
:1054D00001208DF8A70038E2FFF7CAFE00200A90ED
:1054E00015901690902117910121189119901A90FA
:1054F0001B904FF480711C914FF400511D911E9030
:1055000020904FF0807123910421249125902690C2
:105510002790289815A941F28832FDF76DFE20B139
:10552000FFE701208DF8A7000FE228980DA941F2AE
:105530008832FEF7F9F920B1FFE701208DF8A700C6
:1055400003E29DF834009DF8361040EA012041F254
:10555000EF7188420BD1FFE79DF835009DF83710B9
:1055600040EA012041F2EF7188421AD0FFE79DF82E
:1055700034009DF8361040EA012041F268718842FB
:105580000BD1FFE79DF835009DF8371040EA012068
:1055900041F26871884204D0FFE701208DF8A7002E
:1055A000D3E1002009901590169035211791012123
:1055B000189119901A901C9020904FF080712391AF
:1055C00002212491259026902790289815A941F230
:1055D0008832FDF711FE20B1FFE701208DF8A7000A
:1055E000B3E128980DA941F28832FEF79DF920B168
:1055F000FFE701208DF8A700A7E100200890159093
:105600001690062117910121189119901A901C905B
:105610002090239026902790289815A941F288324F
:10562000FDF7EAFD20B1FFE701208DF8A7008CE12E
:1056300000200790159016900521179101211891CF
:1056400019901A901C9020904FF0807123910221A4
:105650002491259026902790289815A941F2883208
:10566000FDF7CAFD20B1FFE701208DF8A7006CE12E
:1056700040F2022010901190002012904FF4800010
:10568000139010201490289810A941F28832FDF749
:105690001FFD20B1FFE701208DF8A70055E1BDF8FF
:1056A00034004FF6FD510840ADF83400BDF8340029
:1056B00040F202210843ADF8340000200690159016
:1056C0001690312117910121189119901A901C9070
:1056D00020904FF0807123910221249125902690F3
:1056E0002790289815A941F28832FDF785FD20B151
:1056F000FFE701208DF8A70027E128980DA941F2C6
:105700008832FEF7EDF920B1FFE701208DF8A70000
:105710001BE100200590159016900521179101219D
:10572000189119901A901C9020904FF0807123913D
:1057300002212491259026902790289815A941F2BE
:105740008832FDF759FD20B1FFE701208DF8A70051
:10575000FBE00020109040F20111119112904FF4E3
:105760008000139010201490289810A941F28832DC
:10577000FDF7AEFC20B1FFE701208DF8A700E4E0C3
:105780000020049015901690352117910121189151
:1057900019901A901C9020904FF080712391022153
:1057A0002491259026902790289815A941F28832B7
:1057B000FDF722FD20B1FFE701208DF8A700C4E02E
:1057C00028980DA941F28832FEF7AEF820B1FFE724
:1057D00001208DF8A700B8E0BDF8340040F20221A6
:1057E0000840884204D0FFE701208DF8A700ACE014
:1057F0000020039015901690062117910121189111
:1058000019901A901C902090239026902790289809
:1058100015A941F28832FDF7EFFC20B1FFE7012026
:105820008DF8A70091E000200290159016900521B8
:1058300017910121189119901A901C9020904FF007
:1058400080712391022124912590269027902898F9
:1058500015A941F28832FDF7CFFC20B1FFE7012006
:105860008DF8A70071E040F2022010901190002006
:1058700012904FF48000139010201490289810A9D3
:1058800041F28832FDF724FC20B1FFE701208DF8BA
:10589000A7005AE00121159100201690EB221792E3
:1058A000189119901A904FF440711C914FF40051C7
:1058B0001D911E9020904FF040712391259006215C
:1058C00026912790289815A941F28832FDF794FC7B
:1058D00020B1FFE701208DF8A70036E002201590E7
:1058E00000200190169032211791012118911990F2
:1058F0001A904FF480711C914FF400511D911E902D
:1059000020904FF040712391259026902790289861
:1059100015A941F28832FDF76FFC20B1FFE70120A5
:105920008DF8A70011E008200E9000200F90289815
:105930000EA9FDF7FDFE20B1FFE701208DF8A700BD
:1059400003E000208DF8A700FFE79DF8A7002AB02C
:1059500080BD00000000000080B59AB002A8019050
:10596000002100F011F80198FFF76AF948B1FFE74C
:1059700002A80090012100F007F80098FFF760FDF1
:10598000FFE71AB080BD000080B58AB009908DF89D
:105990002310002005900490039009990791069028
:1059A000FFE706985F2809D8FFE70799069A0020C5
:1059B0008854FFE7069801300690F2E7099945F20E
:1059C0000000C5F20020029008600998FDF7DCFC99
:1059D0000298099908600999042048609DF82300FD
:1059E00040B9FFE709990020886009994FF080705D
:1059F000C86007E009994020886009994FF000705D
:105A0000C860FFE7099918200861099901204861D9
:105A100009990020019088610999C8610999086273
:105A2000099A03215162099988620999C862099902
:105A3000086309994863099988630999C8630998B3
:105A4000FDF77AFD0198102103910490099803A9AC
:105A500041F28832FDF734FA0AB080BD0000000040
:105A600080B582B0019040F22420C2F20040009044
:105A700041F20001C4F2002101600199416000215E
:105A80008160C16001610C2242618161C16101627A
:105A90004162816200F037F8009840F23C11C2F296
:105AA0000041012200F002F802B080BD41F6495CDD
:105AB000C9F2000C60474AF2F95CC9F2000C604779
:105AC0004AF2810CC9F2000C604741F2397CC9F2FC
:105AD000000C604747F6911CC9F2000C604743F682
:105AE000993CC9F2000C604746F6C93CC9F2000C6B
:105AF000604748F2F12CC9F2000C604743F6191CCC
:105B0000C9F2000C604741F6994CC9F2000C60479D
:105B100002E008C8121F08C1002AFAD17047704776
:105B2000002001E001C1121F002AFBD170470000D4
:105B3000805B00080000002480000000105B00086B
:105B4000005C00088000002420540600205B000850
:105B50000000000000000000000000000000000045
:105B60000000000000000000000000000000000035
:105B70000000000000000000000000000000000025
:105B8000000000000090D003FFFF0000F1820090B1
:105B9000418300904004002400401F70000000304A
:105BA000000000200000000000C805240C4F7A709F
:105BB00040780030C0F00020C0F00000000000007D
:105BC000000000000100000010000000AAAAAAAA1C
:105BD00000000000000000000000000000000000C5
:105BE00000000000000000000000000000000000B5
:105BF00000000000000000000000000000000000A5
:0200000490006A
:100000002DE9F05F0546002092469B46884606464D
:10001000814640241BE0284641464746224600F0E0
:1000200057F853465A46C01A914110D31146184604
:10003000224600F03EF82D1A67EB01084F46224693
:100040000120002100F035F817EB00094E41201E79
:10005000A4F10104DFDC484631462A464346BDE8A8
:10006000F09F40EA01039B0703D009E008C9121F73
:1000700008C0042AFAD203E011F8013B00F8013B62
:10008000521EF9D2704730B50B460146002020229F
:10009000012409E021FA02F59D4205D303FA02F595
:1000A000491B04FA02F52844151EA2F10102F1DCF5
:1000B00030BD202A04DB203A00FA02F1002070470C
:1000C0009140C2F1200320FA03F319439040704796
:1000D000202A04DB203A21FA02F00021704721FA9D
:1000E00002F3D040C2F12002914008431946704704
:1000F0002DE9FE4F804681EA0300C00F0C460090B8
:1001000021F0004123F00045B8EB0200A94105D2DF
:100110004046214690461C460B46024623F00040CE
:10012000104347D0270DC7F30A00C3F30A510290CA
:10013000401A019040286BDAC3F3130040F4801B8F
:100140000098924620B10023D2EB030A63EB0B0B1D
:1001500001985946C0F140025046FFF7AAFF0646F3
:100160000D4650465946019A00F07AF910EB080006
:100170006141002487EA115284EAE7731A4340D0B0
:10018000009A62B3019A012A4FEA075215DC001B5C
:1001900061EB02014FF0004202EA0752CDE9004252
:1001A000001C41F5801132462B4600F07AF903B06D
:1001B000BDE8F08F40462146F9E7001B61EB0201E4
:1001C000001C41F5801300185B412018A2F50017B0
:1001D00047EB030140EAD570B6196D4111E06D0897
:1001E0004FEA360645EAC0754FEA0752001B61EB3D
:1001F0000201001C41F5801149084FEA3000001946
:10020000514132462B4603B0BDE8F04F00F03AB9F9
:100210000098012240000023D0EB020263EBE07360
:10022000009821464FEAE074B8EB000061EB04014E
:10023000E9E783F000435BE781F0004158E72DE9EF
:10024000FE4F81EA030404F0004421F000410094D1
:100250004FF0000B23F0004350EA01045ED052EA55
:1002600003045BD0C3F30A54C1F30A552C44A4F22F
:10027000F3340194A0FB0254C1F3130141F4801143
:10028000C3F3130343F4801301FB024400FB034E4A
:10029000840A970A44EA815447EA8357A4FB076813
:1002A00002958D0A05FB07854FEA932C04FB0C543D
:1002B0002705029D4FEA065847EA1637B5EB0805B1
:1002C0006EEB070C870E920E47EA811742EA831203
:1002D000A7FB0201B6EB0B0164EB00042B0D43EA14
:1002E0000C335E1844EB1C50DA465146E7FB020122
:1002F000C5F313044FEA0B3343EA14534FEA0432B5
:10030000019C43EA0603A4F10C040294009CCDE98D
:1003100000B400F0C6F803B0BDE8F08F002001463D
:10032000F9E72DE9F04D81EA030404F0004B21F0D8
:10033000004514464FF0000A23F0004150EA050240
:1003400020D054EA01021DD0C5F30A570246C5F376
:100350001303C1F31300C1F30A5640F4801543F4AC
:100360008013A7EB0608101BD64608F2FD3873EB86
:10037000050002D308F1010801E092185B41B8F1D1
:10038000000F03DA00200146BDE8F08D00204FF495
:100390008011064684460EE0171B73EB050705D354
:1003A000121B63EB050306434CEA010C49084FEAB4
:1003B000300092185B4150EA0107EDD152EA030088
:1003C00012D082EA040083EA0501084305D0101B1D
:1003D000AB4106D20122002306E000224FF0004389
:1003E00002E06FF0010253101AEB06004CEB0851CB
:1003F00010EB0A0041EB0B01BDE8F04D00F042B8F4
:10040000C1F30A52C1F3130140F2FF3341F48011EA
:100410009A4202DA00200146704740F233439A4282
:10042000A2F2334202DC5242FFF752BEFFF741BE56
:1004300030B5041E71F1000404DB4FF0004440426B
:1004400064EB0101141E73F1000405DB1C464FF040
:100450000043524263EB0403994208BF904230BD0F
:10046000202A06DBCB17203A41FA02F043EAE07378
:1004700006E041FA02F3D040C2F120029140084365
:100480001946704710B5141E73F1000408DA401CB9
:1004900041F1000192185B411A4301D120F00100A3
:1004A00010BD2DE9F04D92469B4611B1B1FA81F293
:1004B00002E0B0FA80F220329046FFF7FAFD0446DF
:1004C0000F4640EA0A0041EA0B0153465A460843E8
:1004D00013D0114653EA010019D0C8F1400250462A
:1004E000FFF7F6FD05460E46504659464246FFF7D1
:1004F000E0FD084305D0012004E020463946BDE870
:10050000F08D0020054346EAE0762C4337430A98F5
:100510006305E40AA0EB08000022FD0A44EA475400
:100520000A3002D500200146E9E7010510196941AA
:10053000DDE9084500196941BDE8F04DA2E700007A
:1005400080B584B003900291019200930098B0F5B9
:10055000804F1DD1FFE70398019950F82100002139
:10056000CCF6F0710840029B1968D3F804E0D3F888
:1005700008C0DA6841EA0E1141EA0C219B6919436F
:1005800041EA024108430399019A41F8220006E03A
:100590000399019A6FF0704041F82200FFE70020B4
:1005A00004B080BD0000000080B586B005900491C5
:1005B00005990498026851F8220020F0010041F8E2
:1005C000220004988068082803D1FFE740200390A8
:1005D00002E000200390FFE7039804990091D1F80E
:1005E00004E0D1F808C0CB680A6940EA0E0040EA8E
:1005F0000C00184310434A6910438A691043CA69C2
:1006000010430A6A10434A6A10438A6A1043C96A4F
:10061000084302900498016B0298084302900498E2
:10062000416B0298084302900498816B029808433A
:1006300002904FF67F30C0F208000190019840F41C
:1006400080100190019840F400100190019840F44E
:10065000E020019005980499096850F8210001995B
:100660008843029908430599049A126841F82200C8
:100670000498006BB0F5801F0ED1FFE70498006866
:1006800050B1FFE70598006820F480100499096BC9
:10069000084305990860FFE70498006838B1FFE750
:1006A0000498426B0599086810430860FFE7002032
:1006B00006B080BD0000000084B00390029101925A
:1006C00002990868D1F804C08B68CA6840EA0C1027
:1006D00040EA032040EA02400B690022CFF6F072A4
:1006E00002EB035210434A69FE3240EA0260896914
:1006F00008430399019A01EB82014860039800685E
:10070000C002002818D5FFE70398406820F4700065
:100710000090029801690020CFF6F07000EB0151C3
:100720000098084300900398406820F470000099F6
:10073000084303994860FFE7002004B070470000B9
:1007400080B584B002900AF06BFB0190029820B94A
:10075000FFE701208DF80F0079E0029890F854002F
:1007600002280DD0FFE7029920208865FFE7029953
:10077000002081F84C00FFE701208DF80F0066E0B3
:1007800002980168486940F0040048610299052018
:1007900081F85400FFE7029800680069800400288F
:1007A00027D4FFE70AF03CFB0199401A06281FD323
:1007B000FFE70299886D40F01000886502990320D8
:1007C00081F85400029890F850000006002805D5E2
:1007D000FFE70298416F01200873FFE7FFE70299E6
:1007E000002081F84C00FFE701208DF80F002EE07B
:1007F000D1E702980168486940F002004861029917
:10080000042081F85400029801684FF4FE40C8604B
:100810000299012081F85400029890F850000006D7
:10082000002809D5FFE70298416F0120087302985C
:10083000016800208864FFE7FFE70299002081F843
:100840004C00FFE7FFE700208DF80F00FFE79DF861
:100850000F0004B080BD000082B00090009820B965
:10086000FFE701208DF807001CE0009890F8540085
:10087000022807D0FFE700992020886501208DF825
:1008800007000FE00099042081F8540000980168E7
:10089000486942F2040210434861FFE700208DF8E6
:1008A0000700FFE79DF8070002B070470000000056
:1008B000B0B586B0049003910292FFE7049890F8D7
:1008C000A000012804D1FFE702208DF8170049E0BD
:1008D0000499012081F8A000FFE7FFE704990220B6
:1008E00081F8A100049A0298342100FB01210091B3
:1008F0000398019002684368D0F808C0D0F80CE073
:1009000004694569CD648C64C1F844E0C1F840C015
:10091000CB638A638269C369D0F820C0D0F824E031
:10092000846AC56A4D660C66C1F85CE0C1F858C0BF
:100930004B650A65006B886604980399029A01F07A
:1009400057FA0498016801204862049981F8A100CF
:10095000FFE70499002081F8A000FFE700208DF850
:100960001700FFE79DF8170006B0B0BD00000000BB
:1009700080B584B00290029820B9FFE701208DF87D
:100980000F0043E002980168D1F8840020F00100D4
:10099000C1F8840002980168D1F8040120F0010038
:1009A000C1F8040102980168486A40F002004862F8
:1009B0000AF036FA0190FFE702980068806C400761
:1009C000002809D4FFE70AF02BFA0199401A65289C
:1009D00001D3FFE700E0EFE702980168886920F0A3
:1009E00001008861029800F0C7F802990020C1F860
:1009F000A400029981F8A100FFE70299002081F884
:100A0000A000FFE700208DF80F00FFE79DF80F0022
:100A100004B080BD0000000080B584B00290029850
:100A200020B9FFE701208DF80F009EE0029890F8B2
:100A3000A10040B9FFE70299002081F8A0000298C8
:100A400000F09EF8FFE70299022081F8A1000298C9
:100A50000168886920F070408861029A11685068C6
:100A6000D2F808C0D36840EA0C0018431269024368
:100A70008869104388610298016888684FF600020F
:100A8000CFF2000210408860029840690004019093
:100A90000198029B19689B69034388681843886022
:100AA00002980168C8681040C8600298C0690004D4
:100AB00001900198029B19681B6A0343C868184398
:100AC000C860029801680869104008610298406A8D
:100AD000000401900198029B19689B6A034308690E
:100AE00018430861029801684869104048610298FB
:100AF000C06A000401900198029A1168126B0243C7
:100B0000486910434861029890F83500000201904E
:100B1000029890F836000004009002980168C86AB4
:100B200000F07F40C862009801990143029890F854
:100B300034200A430168C86A1043C86202980168F9
:100B4000486B40F00600486302980168886940F0ED
:100B50000100886102990020C1F8A400029A0121D5
:100B600082F8A1108DF80F00FFE79DF80F0004B088
:100B700080BD00000000000081B0009001B070470F
:100B800080B59EB01D9000201C901B901A9019906B
:100B900018901D98006841F20001C5F200018842DA
:100BA00040F06581FFE7FFE744F24450C5F60200DC
:100BB000016841F002010160006817901798FFE793
:100BC000FFE744F23450C5F60200016841F002012B
:100BD0000160006816901698FFE7FFE7FFE744F210
:100BE0004050C5F60200016841F00801016000684C
:100BF00015901598FFE7FFE7FFE7FFE744F2405045
:100C0000C5F60200016841F0080101600068149017
:100C10001498FFE7FFE7FFE7FFE744F24050C5F60F
:100C20000200016841F01001016000681390139800
:100C3000FFE7FFE7FFE7FFE744F24050C5F6020099
:100C4000016841F040010160006812901298FFE7CE
:100C5000FFE7FFE7FFE744F24050C5F602000168F6
:100C600041F001010160006811901198FFE7FFE772
:100C7000FFE744F24050C5F60200016841F001016F
:100C80000160006810901098FFE7FFE744F24050C1
:100C9000C5F60200016841F00201016000680F9092
:100CA0000F98FFE7FFE744F24050C5F602000168E5
:100CB00041F04001016000680E900E98FFE74FF48C
:100CC00080500790189002200390199000211A91EB
:100CD0001B900E200A901C9040F60040C5F60200C2
:100CE00018A90D910AF0A1F80D994FF40060089031
:100CF00018900B201C9041F20000C5F602000AF08B
:100D000094F807980D9918900D200B901C9041F6BF
:100D10000000C5F6020002900AF087F80A980D99C3
:100D20002022019218921C900020C5F602000C901F
:100D30000AF07BF801980D9918900A2005901C90F4
:100D400040F20040C5F6020006900AF06EF80698E0
:100D50000B9A0D99102318931C920AF066F80698C6
:100D60000B9A0D99082318931C920AF05EF80B9ABF
:100D70000C980D994FF4004318931C920AF055F803
:100D80000298039B0B9A0D9918931C920AF04DF848
:100D900002980B9A0D990123049318931C920AF060
:100DA00044F8039B0B9A0C980D9918931C920AF027
:100DB0003CF8049B0B9A0C980D9918931C920AF01E
:100DC00034F8059A06980D994FF4005318931C9225
:100DD0000AF02BF80698079B0B9A0D9918931C9212
:100DE0000AF023F80698089B0B9A0D9918931C9209
:100DF0000AF01BF806980B9A0D994FF4806309933B
:100E000018931C920AF011F8079B0B9A0C980D99F5
:100E100018931C920AF009F8089B0B9A0C980D99EC
:100E200018931C920AF001F8099B0A9A0C980D99E4
:100E300018931C9209F0F9FF0A9A0C980D994FF437
:100E4000007318931C9209F0F0FF0B9A0C980D99FF
:100E50004FF4807318931C9209F0E7FF0B9A0C98DB
:100E60000D99042318931C9209F0DFFFFFE71EB0D1
:100E700080BD00000000000080B586B004900391A2
:100E800002920193FFE7049890F8A000012804D192
:100E9000FFE702208DF8170036E00499012081F861
:100EA000A000FFE7FFE70499022081F8A100049A5F
:100EB0000198342100FB01203830009003980099FC
:100EC0000860039800998A6A104448600298009963
:100ED000886002980099CA6A1044C8600498009912
:100EE000019A00F085FF0498016801204862049986
:100EF00081F8A100FFE70499002081F8A000FFE736
:100F000000208DF81700FFE79DF8170006B080BDA0
:100F100080B586B00490039102920193FFE7049894
:100F200090F8A000012804D1FFE702208DF81700F7
:100F300036E00499012081F8A000FFE7FFE704995B
:100F4000022081F8A100049A0198342100FB0120BD
:100F500038300090039800990A681044486002985D
:100F600000998A681044C8600398009988620298C2
:100F70000099C86204980099019A00F039FF04981A
:100F8000016801204862049981F8A100FFE70499F3
:100F9000002081F8A000FFE700208DF81700FFE790
:100FA0009DF8170006B080BD80B584B00290019115
:100FB0000092029820B9FFE701208DF80F0037E07A
:100FC000029890F8450040B9FFE70299002081F8A7
:100FD0004400029800F030F8FFE7029951F8080B3E
:100FE000FFF7E2FA029A019910689268FFF764FB32
:100FF000029B009958689A68DB6AFFF7A1FA029889
:101000000168826851F8220040F0010041F8220096
:1010100044F20001C5F20021086840F00040086079
:101020000299012081F8450000208DF80F00FFE7AC
:101030009DF80F0004B080BD80B592B0119011985A
:10104000006844F20001C5F20021884240F0AB8004
:10105000FFE7FFE744F23450C5F60200016841F0B3
:101060001001016000680B900B98FFE7FFE744F266
:101070004050C5F60200016841F0010101600068BE
:101080000A900A98FFE7FFE744F24050C5F60200D5
:10109000016841F002010160006809900998FFE7CA
:1010A000FFE7FFE744F24050C5F60200016841F057
:1010B00002010160006808900898FFE7FFE7FFE77A
:1010C000FFE744F24050C5F60200016841F001011B
:1010D0000160006807900798FFE7FFE7FFE7FFE779
:1010E00044F24050C5F60200016841F00801016079
:1010F000006806900698FFE7FFE7FFE7FFE744F286
:101100004050C5F60200016841F01001016000681E
:1011100005900598FFE7FFE749F607700C9002205D
:101120000D9001210E910F900C2003901090002043
:10113000C5F6020002900CA9049109F076FE04990C
:1011400043F638400C9040F20040C5F60200019092
:1011500009F06BFE0198039A049904230C931092F2
:1011600009F063FE0298039A049920230C931092CD
:1011700009F05BFE039804994FF480520C92109092
:1011800040F60040C5F6020009F04FFE03980499AE
:101190004FF480620C92109041F20000C5F60200FC
:1011A00009F043FEFFE712B080BD00000000000020
:1011B00081B0009001B0704781B0009001B07047DD
:1011C00081B0009001B0704781B0009001B07047CD
:1011D00081B0009001B0704781B0009001B07047BD
:1011E00081B0009001B0704780B582B00090009847
:1011F00020B9FFE701208DF8070045E0009890F83E
:101200003D0040B9FFE70099002081F83C000098BC
:1012100000F03EF8FFE70099022081F83D000099B8
:1012200051F8040B00F068FF0099012081F8480094
:10123000FFE70099012081F83E00009981F83F0006
:10124000009981F84000009981F84100009981F8E7
:101250004200009981F84300FFE7FFE70099012071
:1012600081F84400009981F84500009981F8460012
:10127000009981F84700FFE70099012081F83D00BF
:1012800000208DF80700FFE79DF8070002B080BD41
:1012900081B0009001B0704783B00190019890F840
:1012A0003D00012804D0FFE701208DF80B006FE01E
:1012B0000199022081F83D0001980168C86840F05A
:1012C0000100C86001980068B0F1844F3CD0FFE78E
:1012D00001980068B0F1804F36D0FFE701980068B0
:1012E00040F20041C4F2000188422DD0FFE701988E
:1012F000006840F60001C4F20001884224D0FFE7F4
:101300000198006840F60041C4F2000188421BD0F9
:10131000FFE70198006844F60041C4F200218842CA
:1013200012D0FFE70198006841F60001C4F2000105
:10133000884209D0FFE70198006844F20001C4F236
:101340000021884219D1FFE70198006880680721D1
:10135000C0F2010108400090009806280CD0FFE779
:101360000098B0F5803F07D0FFE701980168086852
:1013700040F001000860FFE706E001980168086896
:1013800040F001000860FFE700208DF80B00FFE748
:101390009DF80B0003B0704781B0009001B070471A
:1013A00080B584B0039003980068C06802900398E9
:1013B0000068006901909DF804008007002824D58A
:1013C000FFE79DF80800800700281DD5FFE7039878
:1013D00001686FF002000861039901200877039803
:1013E00000688069800720B1FFE70398FFF7D4FF0A
:1013F00006E0039800F054F9039800F055F9FFE770
:10140000039900200877FFE7FFE79DF804004007F5
:10141000002825D5FFE79DF80800400700281ED5C5
:10142000FFE7039801686FF0040008610399022048
:10143000087703980068806910F4407F04D0FFE7C4
:101440000398FFF7A9FF06E0039800F029F9039835
:1014500000F02AF9FFE7039900200877FFE7FFE78C
:101460009DF804000007002824D5FFE79DF8080038
:10147000000700281DD5FFE7039801686FF00800FA
:10148000086103990420087703980068C069800701
:1014900020B1FFE70398FFF77FFF06E0039800F015
:1014A000FFF8039800F000F9FFE7039900200877A0
:1014B000FFE7FFE79DF80400C006002825D5FFE7F9
:1014C0009DF80800C00600281ED5FFE703980168B4
:1014D0006FF01000086103990820087703980068EE
:1014E000C06910F4407F04D0FFE70398FFF754FF72
:1014F00006E0039800F0D4F8039800F0D5F8FFE771
:10150000039900200877FFE7FFE79DF80400C00774
:1015100078B1FFE79DF80800C00748B1FFE70398DE
:1015200001686FF001000861039800F0C1F8FFE75F
:10153000FFE7019800F08000802806D0FFE79DF8C3
:1015400005008006002810D5FFE79DF8080000067A
:10155000002809D5FFE7039801686FF4025008617D
:101560000398FFF729FEFFE7FFE79DF80500C00796
:1015700080B1FFE79DF808000006002809D5FFE7C5
:10158000039801686FF4807008610398FFF710FEFC
:10159000FFE7FFE79DF804004006002810D5FFE7AD
:1015A0009DF808004006002809D5FFE70398016868
:1015B0006FF040000861039800F0A2F8FFE7FFE732
:1015C0009DF804008006002810D5FFE79DF808006C
:1015D0008006002809D5FFE7039801686FF0200016
:1015E00008610398FFF7ECFDFFE7FFE79DF80600B1
:1015F000C006002810D5FFE79DF80A00C0060028A5
:1016000009D5FFE7039801686FF48010086103981B
:10161000FFF7DEFDFFE7FFE79DF8060080060028E4
:1016200010D5FFE79DF80A008006002809D5FFE7DE
:10163000039801686FF4001008610398FFF7C4FD78
:10164000FFE7FFE79DF806004006002810D5FFE7FA
:101650009DF80A004006002809D5FFE703980168B5
:101660006FF4800008610398FFF7B6FDFFE7FFE71E
:101670009DF806000006002810D5FFE79DF80A0037
:101680000006002809D5FFE7039801686FF4000001
:1016900008610398FFF7A4FDFFE7FFE704B080BDF2
:1016A00081B0009001B0704781B0009001B07047E8
:1016B00080B582B001900198006840F20041C4F208
:1016C0000001884207D1FFE74FF6C570C9F200005C
:1016D00009F02EFC10E00198006840F60041C4F2C9
:1016E0000001884207D1FFE74FF6D070C9F2000031
:1016F00009F01EFCFFE7FFE702B080BD000000001C
:1017000081B0009001B0704782B00190ADF8021036
:1017100002B070470000000081B0009001B0704737
:1017200081B0009001B0704781B0009001B0704767
:1017300081B0009001B0704780B590B00F900F98C5
:101740000068C0690E900F98006800680D900F98AF
:10175000006880680C900E9840F60F0108400B90CE
:101760000B98E0B9FFE79DF838008006002815D5F2
:10177000FFE79DF834008006002806D4FFE79DF8B7
:101780003300C006002809D5FFE70F98406F20B14D
:10179000FFE70F98416F8847FFE778E2FFE70B9874
:1017A000002800F00C81FFE70C980121C1F2000134
:1017B000084209D1FFE70D9840F22011C0F2004124
:1017C000084200F0FC80FFE79DF83800C00788B1B0
:1017D000FFE79DF83500C00760B1FFE70F9801688B
:1017E000012008620F99D1F8900040F00100C1F883
:1017F0009000FFE79DF838008007002811D5FFE72B
:101800009DF83000C00760B1FFE70F980168022023
:1018100008620F99D1F8900040F00400C1F89000E0
:10182000FFE79DF838004007002811D5FFE79DF835
:101830003000C00760B1FFE70F980168042008621C
:101840000F99D1F8900040F00200C1F89000FFE736
:101850009DF838000007002819D5FFE79DF83400EF
:101860008006002807D4FFE70C980121C1F200018F
:1018700008420CD0FFE70F980168082008620F9912
:10188000D1F8900040F00800C1F89000FFE79DF803
:1018900039000007002813D5FFE79DF837004007FF
:1018A00000280DD5FFE70F9801684FF4006008622B
:1018B0000F99D1F8900040F02000C1F89000FFE7A8
:1018C0000F98D0F89000002878D0FFE79DF83800F6
:1018D0008006002815D5FFE79DF834008006002813
:1018E00006D4FFE79DF83300C006002809D5FFE7BE
:1018F0000F98406F20B1FFE70F98416F8847FFE7CF
:10190000FFE70F98D0F890000A900F980068806861
:1019100000F04000402806D0FFE79DF8280010F0B6
:10192000280F42D0FFE70F9800F01EFE0F980068C6
:1019300080684006002833D5FFE7FFE7FFE70F98F0
:10194000006850E8020F20F040000990FFE7099975
:101950000F98026842E802100028F0D1FFE7FFE785
:101960000F98D0F88000B0B1FFE70F98D0F8801042
:1019700042F24150C9F20000C8660F98D0F88000CA
:10198000FEF76AFF30B1FFE70F98D0F88000C16E14
:101990008847FFE703E00F98FFF7CAFEFFE703E081
:1019A0000F98FFF7C5FEFFE707E00F98FFF7C0FEAF
:1019B0000F990020C1F89000FFE7FFE767E10F985B
:1019C000C06E012840F00481FFE79DF83800C00692
:1019D000002840F1FD80FFE79DF83400C006002894
:1019E00040F1F680FFE70F980168102008620F9819
:1019F000006880684006002840F18880FFE70F9863
:101A0000D0F880000068806CADF82200BDF822009C
:101A100000287AD0FFE7BDF822000F99B1F85C10DA
:101A2000884272DAFFE7BDF822000F99A1F85E0044
:101A30000F98D0F88000006D812859D0FFE7FFE7AC
:101A4000FFE70F98006850E8000F20F480700790BF
:101A5000FFE707990F98026842E800100028F0D1CC
:101A6000FFE7FFE7FFE7FFE70F98006850E8020F86
:101A700020F001000690FFE706990F98026842E8FF
:101A800002100028F0D1FFE7FFE7FFE7FFE70F981C
:101A9000006850E8020F20F040000590FFE705992C
:101AA0000F98026842E802100028F0D1FFE7FFE734
:101AB0000F992020C1F88C000F990020C866FFE71D
:101AC000FFE70F98006850E8000F20F01000049026
:101AD000FFE704990F98026842E800100028F0D14F
:101AE000FFE7FFE70F98D0F88000FEF729FEFFE739
:101AF0000F99022008670F98B0F85C10B0F85E20CC
:101B0000891A89B2FFF700FEFFE7C0E00F99B1F82C
:101B10005C00B1F85E10401AADF80E000F98B0F8F6
:101B20005E00002853D0FFE7BDF80E0000284ED01D
:101B3000FFE7FFE7FFE70F98006850E8000F20F489
:101B400090700290FFE702990F98026842E8001037
:101B50000028F0D1FFE7FFE7FFE7FFE70F980068F5
:101B600050E8020F4FF6FE71CEF6FF71084001906B
:101B7000FFE701990F98026842E802100028EDD1B2
:101B8000FFE7FFE70F992020C1F88C000F99002094
:101B9000C8660F994867FFE7FFE70F98006850E8AD
:101BA000000F20F010000090FFE700990F980268E6
:101BB00042E800100028F0D1FFE7FFE70F9902206C
:101BC00008670F98BDF80E10FFF79EFDFFE75EE077
:101BD0009DF83A00C00600280FD5FFE79DF83200B7
:101BE0004006002809D5FFE70F9801684FF48010E0
:101BF00008620F98FFF798FD49E09DF8380000064D
:101C0000002815D5FFE79DF834000006002806D40B
:101C1000FFE79DF832000006002809D5FFE70F987E
:101C2000806F20B1FFE70F98816F8847FFE72EE0B4
:101C30009DF83800400600280AD5FFE79DF83400DB
:101C40004006002804D5FFE70F9800F0DDFC1EE0F9
:101C50009DF83A00000600280AD5FFE79DF83700F6
:101C60004006002804D5FFE70F98FFF759FD0EE066
:101C70009DF83B00C00750B1FFE79DF83700000614
:101C8000002804D5FFE70F98FFF746FDFFE710B0E7
:101C900080BD00000000000080B582B00090009878
:101CA00020B9FFE701208DF8070046E00098806921
:101CB00008B1FFE700E0FFE70098D0F8880040B9DE
:101CC000FFE70099002081F88400009809F0B2F83D
:101CD000FFE700992420C1F888000098016808688F
:101CE00020F0010008600098806A20B1FFE70098AA
:101CF00000F0DEFAFFE7009801F036F9012804D180
:101D0000FFE701208DF8070017E000980168486898
:101D100020F49040486000980168886820F02A000C
:101D2000886000980168086840F001000860009829
:101D300000F062FB8DF80700FFE79DF8070002B096
:101D400080BD00000000000080B586B004900391C3
:101D5000ADF80A200498D0F88C0020283CD1FFE789
:101D6000039820B1FFE7BDF80A0020B9FFE7012082
:101D70008DF8170034E004990020C86604980068C4
:101D800040F60041C5F6000188421CD0FFE70498E8
:101D9000006840680002002814D5FFE7FFE7FFE76E
:101DA0000498006850E8000F40F080600190FFE761
:101DB00001990498026842E800100028F0D1FFE77A
:101DC000FFE7FFE7FFE704980399BDF80A2001F059
:101DD00007FC8DF8170003E002208DF81700FFE7DD
:101DE0009DF8170006B080BD81B0009001B070472B
:101DF00086B005900491039204984068059909689B
:101E0000C9680022C0F6FF72114000EB11400004C7
:101E1000029005980068039900EBC111D1F8880081
:101E200000F0F020C1F8880004980068059909685E
:101E3000C968114000EB114001300299084305992F
:101E40000968039A01EBC211C1F888000498C068C0
:101E500005990968C9686FF3DF21084400040290FE
:101E600005980068039900EBC111D1F88C0000F0CF
:101E7000F820C1F88C000498806805990968C96841
:101E80006FF3DF210844013002990843059909687E
:101E9000039A01EBC211C1F88C0005980068039900
:101EA00000EBC111D1F8940020F00700C1F89400B4
:101EB0000498006905990968039A01EBC211C1F8F9
:101EC0009400049890F8310000020290049890F871
:101ED0003200000401900498806900060090049884
:101EE00090F830000299084301990843009908438B
:101EF00005990968039A01EBC211C1F89C00059885
:101F00000068039900EBC111D1F8980020F0FF00A0
:101F1000C1F898000498406905990968039A01EB93
:101F2000C211C1F8980005980068039900EBC1112F
:101F3000D1F8A00040F207729043C1F8A0000499C4
:101F4000C869096A084305990968039A01EBC21137
:101F5000C1F8A0000498406A05990968039A01EB4A
:101F6000C211C1F8AC000498006918B9FFE7042059
:101F7000029023E004980069012803D1FFE70320C1
:101F800002901AE00498006904280FD0FFE7049833
:101F9000006902280AD0FFE704980069032805D0E9
:101FA000FFE704980069072803D1FFE702200290A9
:101FB00002E001200290FFE7FFE7FFE705980068D5
:101FC000039900EBC111D1F8B00000F0E020C1F896
:101FD000B00004990B684868896A029A5143C01A94
:101FE0005043073040EA014005990968039A01EB24
:101FF000C211C1F8B00005980068039900EBC11147
:10200000D1F8B40040F2FF729043C1F8B4000498D4
:10201000C06A05990968039A01EBC211C1F8B400BE
:1020200005980068039900EBC111D1F8840040F0D5
:102030000100C1F8840006B07047000000000000F5
:10204000EFF30980BFF36F8F154B1A681EF0100F66
:1020500008BF20ED108A20E9F04F10602DE909003B
:102060004FF0500072B680F31188BFF34F8FBFF36B
:102070006F8F62B607F00CFF4FF0000080F31188FD
:10208000BDE8090019680868B0E8F04F1EF0100FAD
:1020900008BFB0EC108A80F30988BFF36F8F7047D8
:1020A00040240624000000000000000000000000A2
:1020B000074B19680868B0E8F04F80F30988BFF350
:1020C0006F8F4FF0000080F31188704700BF00BF92
:1020D000402406240000000080B540F28C10C2F2BB
:1020E0000040FFF75DF980BD80B540F2D810C2F224
:1020F0000040FFF755F980BD83B00290019102982E
:10210000006800900298B0F1844F1DD0FFE702985C
:10211000B0F1804F18D0FFE7029840F20041C4F2BE
:102120000001884210D0FFE7029840F60001C4F297
:102130000001884208D0FFE7029840F60041C4F24F
:10214000000188420AD1FFE7009820F0700000905B
:1021500001984168009808430090FFE70298B0F1A9
:10216000844F55D0FFE70298B0F1804F50D0FFE781
:10217000029840F20041C4F20001884248D0FFE7D3
:10218000029840F60001C4F20001884240D0FFE707
:10219000029840F60041C4F20001884238D0FFE7BF
:1021A000029844F60041C4F20021884230D0FFE793
:1021B000029841F60001C4F20001884228D0FFE7EE
:1021C000029841F60041C4F20001884220D0FFE7A6
:1021D000029842F20001C4F20001884218D0FFE7E1
:1021E000029844F20001C4F20021884210D0FFE7B7
:1021F000029844F20041C4F20021884208D0FFE76F
:10220000029844F60001C4F2002188420AD1FFE797
:10221000009820F4407000900198C168009808432D
:102220000090FFE7009820F0800001994969084379
:102230000090009802990860019880680299C8622D
:1022400001980068029988620298B0F1844F18D012
:10225000FFE7029844F20001C4F20021884210D046
:10226000FFE7029844F20041C4F20021884208D0FE
:10227000FFE7029844F60001C4F20021884205D12C
:10228000FFE70198006902990863FFE702990120BE
:10229000486102980069C00730B1FFE702990869F8
:1022A00020F001000861FFE703B070470000000064
:1022B00081B00090009890F82800000700280BD506
:1022C000FFE700980068406820F40040009A116819
:1022D000926B10434860FFE7009890F82800C00711
:1022E00058B1FFE700980068406820F40030009A79
:1022F0001168D26A10434860FFE7009890F8280000
:10230000800700280BD5FFE700980068406820F49C
:102310008030009A1168126B10434860FFE7009804
:1023200090F82800400700280BD5FFE700980068C8
:10233000406820F48020009A1168526B1043486076
:10234000FFE7009890F82800C00600280BD5FFE7AB
:1023500000980068806820F48050009A1168D26B61
:1023600010438860FFE7009890F828008006002856
:102370000BD5FFE700980068806820F40050009AB1
:102380001168126C10438860FFE7009890F82800ED
:10239000400600281CD5FFE700980068406820F43C
:1023A0008010009A1168526C104348600098406C8D
:1023B000B0F5801F0BD1FFE700980068406820F45B
:1023C000C000009A1168926C10434860FFE7FFE775
:1023D000009890F82800000600280BD5FFE7009829
:1023E0000068406820F40020009A1168D26C104305
:1023F0004860FFE701B0704780B588B00690069945
:102400000020C1F8900008F00BFD059006980068C8
:102410000068000700282FD5FFE70698059B6A464D
:102420006FF07E4111604FF40011002201F0ECF9D1
:1024300008B3FFE7FFE7FFE70698006850E8000FE2
:1024400020F080000490FFE704990698026842E8B3
:1024500000100028F0D1FFE7FFE706992020C1F81F
:102460008800FFE70699002081F88400FFE7032039
:102470008DF81F005FE0FFE70698006800684007DE
:10248000002842D5FFE70698059B6A466FF07E411B
:1024900011604FF48001002201F0B6F9A0B3FFE70C
:1024A000FFE7FFE70698006850E8000F20F49070FF
:1024B0000390FFE703990698026842E8001000289D
:1024C000F0D1FFE7FFE7FFE7FFE70698006850E875
:1024D000020F20F001000290FFE7029906980268BF
:1024E00042E802100028F0D1FFE7FFE7069920201C
:1024F000C1F88C00FFE70699002081F88400FFE70F
:1025000003208DF81F0016E0FFE706992020C1F890
:1025100088000699C1F88C0006990020C8660699C3
:102520000867FFE70699002081F88400FFE7002094
:102530008DF81F00FFE79DF81F0008B080BD000068
:1025400080B582B001900198C06D00900099002084
:10255000A1F85E000099A1F856000098FFF7E8F88E
:1025600002B080BD0000000084B00390FFE7FFE7E9
:102570000398006850E8000F20F490700290FFE785
:1025800002990398026842E800100028F0D1FFE7A2
:10259000FFE7FFE7FFE70398006850E8020F4FF6F8
:1025A000FE71CEF6FF7108400190FFE70199039894
:1025B000026842E802100028EDD1FFE7FFE7039828
:1025C000C06E012814D1FFE7FFE7FFE7039800681A
:1025D00050E8000F20F010000090FFE700990398EA
:1025E000026842E800100028F0D1FFE7FFE7FFE7AC
:1025F00003992020C1F88C0003990020C866039934
:10260000486704B07047000080B582B00190FFE7D2
:10261000FFE70198006850E8000F20F040000090AC
:10262000FFE700990198026842E800100028F0D105
:10263000FFE7FFE701992020C1F8880001990020F9
:1026400088670198FFF7D0FB02B080BD0000000052
:1026500080B588B007900798B0F86000ADF8160014
:102660000798D0F88C00222840F0AB80FFE707984D
:102670000068406AADF814000798806D0690BDF8B8
:102680001400BDF816100840069908800799886D57
:10269000023088650799B1F85E000138A1F85E0044
:1026A0000798B0F85E00002840F08A80FFE7FFE757
:1026B000FFE70798006850E8000F20F4907004903E
:1026C000FFE704990798026842E800100028F0D15B
:1026D000FFE7FFE7FFE7FFE70798006850E8020F12
:1026E00020F001000390FFE703990798026842E891
:1026F00002100028F0D1FFE7FFE707992020C1F87A
:102700008C000799002048670799086707980068B8
:1027100040F60041C5F6000188421CD0FFE707984B
:10272000006840680002002814D5FFE7FFE7FFE7D4
:102730000798006850E8000F20F080600290FFE7E3
:1027400002990798026842E800100028F0D1FFE7DC
:10275000FFE7FFE7FFE70798C06E01282BD1FFE7EF
:1027600007990020C866FFE7FFE70798006850E870
:10277000000F20F010000190FFE701990798026810
:1027800042E800100028F0D1FFE7FFE70798006853
:10279000C06900F010010120B0EB111F05D1FFE767
:1027A0000798016810200862FFE70798B0F85C10EE
:1027B000FEF7AAFF03E0079808F041FBFFE7FFE7F9
:1027C00006E007980168886940F008008861FFE723
:1027D00008B080BD0000000080B58EB00D900D984F
:1027E000B0F86000ADF82E000D980068C06909903F
:1027F0000D980068006808900D9800688068079040
:102800000D98D0F88C00222840F06181FFE70D98E8
:10281000B0F86800ADF82A00FFE7BDF82A100020E4
:10282000009031B1FFE79DF82400C0F34010009004
:10283000FFE70098C007002800F00A81FFE70D9825
:102840000068406AADF82C000D98806D0C90BDF8C2
:102850002C00BDF82E1008400C9908800D99886D49
:10286000023088650D99B1F85E000138A1F85E006C
:102870000D980068C06909909DF824004007002861
:1028800052D0FFE79DF82400C00788B1FFE79DF80C
:102890002100C00760B1FFE70D98016801200862C0
:1028A0000D99D1F8900040F00100C1F89000FFE7C9
:1028B0009DF824008007002811D5FFE79DF81C0033
:1028C000C00760B1FFE70D980168022008620D990A
:1028D000D1F8900040F00400C1F89000FFE79DF8A7
:1028E00024004007002811D5FFE79DF81C00C00711
:1028F00060B1FFE70D980168042008620D99D1F8D6
:10290000900040F00200C1F89000FFE70D98D0F869
:10291000900040B1FFE70D98FEF70AFF0D990020E7
:10292000C1F89000FFE7FFE70D98B0F85E000028BF
:1029300040F08D80FFE7FFE7FFE70D98006850E863
:10294000000F20F480700690FFE706990D9802684A
:1029500042E800100028F0D1FFE7FFE7FFE7FFE7BC
:102960000D98006850E8020F4FF6FE71CEF6FF7129
:1029700008400590FFE705990D98026842E80210AB
:102980000028EDD1FFE7FFE70D992020C1F88C006A
:102990000D99002048670D9908670D98006840F66A
:1029A0000041C5F6000188421CD0FFE70D98006881
:1029B00040680002002814D5FFE7FFE7FFE70D9805
:1029C000006850E8000F20F080600490FFE7049951
:1029D0000D98026842E800100028F0D1FFE7FFE7F9
:1029E000FFE7FFE70D98C06E01282BD1FFE70D9997
:1029F0000020C866FFE7FFE70D98006850E8000F69
:102A000020F010000390FFE703990D98026842E858
:102A100000100028F0D1FFE7FFE70D980068C069BB
:102A200000F010010120B0EB111F05D1FFE70D9858
:102A3000016810200862FFE70D98B0F85C10FEF7FF
:102A400063FE03E00D9808F0FAF9FFE7FFE7E4E61C
:102A50000D98B0F85E00ADF82800BDF82800A8B3C6
:102A6000FFE7BDF828000D99B1F8681088422DDA0B
:102A7000FFE7FFE7FFE70D98006850E8020F20F03E
:102A800080500290FFE702990D98026842E8021018
:102A90000028F0D1FFE7FFE70D9942F25160C9F23B
:102AA00000004867FFE7FFE70D98006850E8000F57
:102AB00040F020000190FFE701990D98026842E87C
:102AC00000100028F0D1FFE7FFE7FFE706E00D98D0
:102AD0000168886940F008008861FFE70EB080BD9A
:102AE00080B586B005900598B0F86000ADF812008A
:102AF0000598D0F88C00222840F0A980FFE70598BF
:102B00000068406AADF81000BDF810009DF8121082
:102B100008400599896D08700599886D01308865B0
:102B20000599B1F85E000138A1F85E000598B0F88B
:102B30005E00002840F08A80FFE7FFE7FFE7059886
:102B4000006850E8000F20F490700390FFE70399AD
:102B50000598026842E800100028F0D1FFE7FFE77F
:102B6000FFE7FFE70598006850E8020F20F001003A
:102B70000290FFE702990598026842E802100028D7
:102B8000F0D1FFE7FFE705992020C1F88C000599F7
:102B900000204867059908670598006840F60041DD
:102BA000C5F6000188421CD0FFE705980068406820
:102BB0000002002814D5FFE7FFE7FFE7059800684B
:102BC00050E8000F20F080600190FFE70199059820
:102BD000026842E800100028F0D1FFE7FFE7FFE7B6
:102BE000FFE70598C06E01282BD1FFE7059900206B
:102BF000C866FFE7FFE70598006850E8000F20F07F
:102C000010000090FFE700990598026842E8001064
:102C10000028F0D1FFE7FFE705980068C06900F0E1
:102C200010010120B0EB111F05D1FFE705980168E5
:102C300010200862FFE70598B0F85C10FEF764FD0D
:102C400003E0059808F0FBF8FFE7FFE706E00598CA
:102C50000168886940F008008861FFE706B080BD20
:102C600080B58EB00D900D98B0F86000ADF83200D0
:102C70000D980068C0690A900D9800680068099076
:102C80000D980068806808900D98D0F88C00222874
:102C900040F05F81FFE70D98B0F86800ADF82E00B6
:102CA000FFE7BDF82E100020019031B1FFE79DF83D
:102CB0002800C0F340100190FFE70198C0070028EA
:102CC00000F00881FFE70D980068406AADF8300019
:102CD000BDF830009DF8321008400D99896D0870DC
:102CE0000D99886D013088650D99B1F85E00013845
:102CF000A1F85E000D980068C0690A909DF8280050
:102D00004007002852D0FFE79DF82800C00788B18F
:102D1000FFE79DF82500C00760B1FFE70D98016847
:102D2000012008620D99D1F8900040F00100C1F82F
:102D30009000FFE79DF828008007002811D5FFE7E5
:102D40009DF82000C00760B1FFE70D9801680220E0
:102D500008620D99D1F8900040F00400C1F890008D
:102D6000FFE79DF828004007002811D5FFE79DF8F0
:102D70002000C00760B1FFE70D98016804200862D9
:102D80000D99D1F8900040F00200C1F89000FFE7E3
:102D90000D98D0F8900040B1FFE70D98FEF7C8FC01
:102DA0000D990020C1F89000FFE7FFE70D98B0F8FB
:102DB0005E00002840F08D80FFE7FFE7FFE70D98F9
:102DC000006850E8000F20F480700790FFE7079933
:102DD0000D98026842E800100028F0D1FFE7FFE7F5
:102DE000FFE7FFE70D98006850E8020F4FF6FE710D
:102DF000CEF6FF7108400690FFE706990D9802682D
:102E000042E802100028EDD1FFE7FFE70D992020EE
:102E1000C1F88C000D99002048670D9908670D983E
:102E2000006840F60041C5F6000188421CD0FFE76B
:102E30000D98006840680002002814D5FFE7FFE7FE
:102E4000FFE70D98006850E8000F20F080600590C3
:102E5000FFE705990D98026842E800100028F0D1BC
:102E6000FFE7FFE7FFE7FFE70D98C06E01282BD1D2
:102E7000FFE70D990020C866FFE7FFE70D9800689F
:102E800050E8000F20F010000490FFE704990D981F
:102E9000026842E800100028F0D1FFE7FFE70D9834
:102EA0000068C06900F010010120B0EB111F05D1CE
:102EB000FFE70D98016810200862FFE70D98B0F851
:102EC0005C10FEF721FC03E00D9807F0B8FFFFE768
:102ED000FFE7E6E60D98B0F85E00ADF82C00BDF80F
:102EE0002C00A8B3FFE7BDF82C000D99B1F86810CD
:102EF00088422DDAFFE7FFE7FFE70D98006850E80A
:102F0000020F20F080500390FFE703990D980268AC
:102F100042E802100028F0D1FFE7FFE70D9942F6E2
:102F2000E120C9F200004867FFE7FFE70D9800685D
:102F300050E8000F40F020000290FFE702990D9842
:102F4000026842E800100028F0D1FFE7FFE7FFE742
:102F500006E00D980168886940F008008861FFE785
:102F60000EB080BD0000000080B590B00F90002032
:102F70008DF82F000F98006840F60041C5F600015B
:102F8000884201D1FFE700E0FFE70F9988680B69ED
:102F90004A69C9691843104308430E900F980068A6
:102FA000006846F6F311CCF6FF7108400E9908430D
:102FB0000F99096808600F980068406820F4405035
:102FC0000F9A1168D268104348600F9880690E907C
:102FD0000F98006840F60041C5F60001884206D00F
:102FE000FFE70F98016A0E9808430E90FFE70F98CD
:102FF000006880684FF2FF41C1F2FF1108400E994E
:1030000008430F99096888600F980068C06A20F02B
:103010000F000F9A1168526A1043C862FFE70F98B9
:10302000006841F20001C4F2002188422ED1FFE77E
:1030300044F25440C5F60200006800F00700014663
:10304000089105281DD80899DFE801F003070B0F48
:10305000131701208DF8350017E004208DF8350096
:1030600013E008208DF835000FE010208DF83500B2
:103070000BE020208DF8350007E040208DF835006A
:1030800003E080208DF83500FFE7A0E00F9800688E
:1030900044F20041C4F2000188422DD0FFE70F98AE
:1030A000006844F60001C4F20001884224D0FFE722
:1030B0000F98006844F60041C4F2000188421BD01A
:1030C000FFE70F98006845F20001C4F20001884252
:1030D00012D0FFE70F98006847F60001C4F2000124
:1030E000884209D0FFE70F98006847F60041C4F214
:1030F000000188422ED1FFE744F25040C5F602009D
:10310000006800F007000146079105281DD80799BF
:10311000DFE801F003070B0F131700208DF83500CF
:1031200017E004208DF8350013E008208DF83500F5
:103130000FE010208DF835000BE020208DF83500D1
:1031400007E040208DF8350003E080208DF8350041
:10315000FFE73BE00F98006840F60041C5F600012C
:1031600088422ED1FFE744F25840C5F602000068BD
:1031700000F007000146069105281DD80699DFE8F2
:1031800001F003070B0F131702208DF8350017E02D
:1031900004208DF8350013E008208DF835000FE08D
:1031A00010208DF835000BE020208DF8350007E069
:1031B00040208DF8350003E080208DF83500FFE7D2
:1031C00003E080208DF83500FFE7FFE7FFE7FFE72A
:1031D0000F98006840F60041C5F60001884240F0B3
:1031E000B080FFE79DF835000146059102281CD00C
:1031F000FFE70598042810D0FFE70598082810D0AD
:10320000FFE70598102814D0FFE70598202831D053
:10321000FFE70598402833D036E007F015FE099007
:1032200038E007F016FE099034E007F017FE099029
:1032300030E044F20040C5F60200006800F02001D2
:103240000020B0EB511F0ED0FFE744F20040C5F65E
:1032500002000068C0F3C10149F20000C0F2D030A2
:10326000C840099005E049F20000C0F2D030099052
:10327000FFE70FE040F60010C0F23D00099009E0C2
:103280004FF40040099005E00020099001208DF8DE
:103290002F00FFE70998002852D0FFE709980F99FF
:1032A0004A6A4BF60201C9F2000131F81210B0FB74
:1032B000F1F00A900A980F99496801EB41018842A0
:1032C00007D3FFE70A980F994968B0EB013F04D98B
:1032D000FFE701208DF82F0031E009980F994A6827
:1032E00003924A6A4BF60201C9F2000131F812203A
:1032F000002304931946FCF783FE039A049B0902FA
:1033000041EA1061000210EB520041F10001FCF7AC
:1033100077FE0C900C98B0F5407F0BD3FFE70C992B
:103320000020B0EB115F05D1FFE70C980F990968F9
:10333000C86003E001208DF82F00FFE7FFE7FFE7FB
:103340003EE10F98C069B0F5004F40F0A480FFE760
:103350009DF8350001460291402800F25F800299F5
:10336000DFE801F021255C5C295C5C5C2D5C5C5C29
:103370005C5C5C5C315C5C5C5C5C5C5C5C5C5C5CB8
:103380005C5C5C5C525C5C5C5C5C5C5C5C5C5C5C87
:103390005C5C5C5C5C5C5C5C5C5C5C5C5C5C5C5C6D
:1033A0005C5C5C5C580007F05EFD09903CE007F057
:1033B0005FFD099038E007F047FD099034E007F021
:1033C00048FD099030E044F20040C5F60200006874
:1033D00000F020010020B0EB511F0ED0FFE744F2B7
:1033E0000040C5F602000068C0F3C10149F20000C8
:1033F000C0F2D030C840099005E049F20000C0F2A8
:10340000D0300990FFE70FE040F60010C0F23D0019
:10341000099009E04FF40040099005E00020099070
:1034200001208DF82F00FFE7099898B3FFE709986E
:103430000F9A5168536A4BF60202C9F2000232F841
:103440001320B0FBF2F0400000EB5100B0FBF1F0B4
:103450000C900C98102818D3FFE7BDF83200A0B9E3
:10346000FFE70C9820F00F00ADF836000C9800F044
:103470000E01BDF8360040EA5100ADF83600BDF847
:1034800036000F990968C86003E001208DF82F000D
:10349000FFE7FFE793E09DF83500014601914028E2
:1034A00000F25F800199DFE801F021255C5C295C76
:1034B0005C5C2D5C5C5C5C5C5C5C315C5C5C5C5CA6
:1034C0005C5C5C5C5C5C5C5C5C5C525C5C5C5C5C46
:1034D0005C5C5C5C5C5C5C5C5C5C5C5C5C5C5C5C2C
:1034E0005C5C5C5C5C5C5C5C5C5C580007F0BBFC3E
:1034F00009903CE007F0BCFC099038E007F0A4FC20
:10350000099034E007F0A5FC099030E044F2004057
:10351000C5F60200006800F020010020B0EB511F4A
:103520000ED0FFE744F20040C5F602000068C0F389
:10353000C10149F20000C0F2D030C840099005E056
:1035400049F20000C0F2D0300990FFE70FE040F6EA
:103550000010C0F23D00099009E04FF400400990CE
:1035600005E00020099001208DF82F00FFE7099861
:1035700020B3FFE709980F9A5168536A4BF602028D
:10358000C9F2000232F81320B0FBF2F000EB510058
:10359000B0FBF1F00C900C9810280AD3FFE7BDF8AF
:1035A000320030B9FFE7BDF830000F990968C860F4
:1035B00003E001208DF82F00FFE7FFE7FFE7FFE7BB
:1035C0000F990120A1F86A000F99A1F868000F99DE
:1035D000002048670F9988679DF82F0010B080BDC4
:1035E00088B007900691ADF816200698079988656F
:1035F000BDF816000799A1F85C00BDF81600079900
:10360000A1F85E00079900204867FFE707988068E7
:10361000B0F5805F10D1FFE70798006930B9FFE788
:10362000079940F2FF10A1F8600004E00799FF201D
:10363000A1F86000FFE72EE00798806878B9FFE7FF
:103640000798006928B9FFE70799FF20A1F86000F3
:1036500004E007997F20A1F86000FFE71AE00798CF
:103660008068B0F1805F0FD1FFE70798006928B943
:10367000FFE707997F20A1F8600004E007993F2049
:10368000A1F86000FFE704E007990020A1F86000BE
:10369000FFE7FFE7FFE7FFE707990020C1F8900089
:1036A00007992220C1F88C00FFE7FFE70798006820
:1036B00050E8020F40F001000490FFE704990798DA
:1036C000026842E802100028F0D1FFE7FFE7079800
:1036D000406EB0F1005F4CD1FFE7BDF816000799CE
:1036E000B1F86810884244DBFFE707988068B0F5BE
:1036F000805F0BD1FFE70798006938B9FFE70799AA
:1037000042F2D970C9F20000486706E0079942F614
:103710006140C9F200004867FFE707980069A0B15F
:10372000FFE7FFE7FFE70798006850E8000F40F465
:1037300080700390FFE703990798026842E8001041
:103740000028F0D1FFE7FFE7FFE7FFE7FFE7079873
:10375000006850E8020F40F080500290FFE70299A5
:103760000798026842E802100028F0D1FFE7FFE75F
:1037700044E007988068B0F5805F0BD1FFE70798B9
:10378000006938B9FFE7079942F25160C9F20000B9
:10379000486706E0079942F6E120C9F20000486751
:1037A000FFE707980069A0B1FFE7FFE7FFE7079889
:1037B000006850E8000F40F490700190FFE7019915
:1037C0000798026842E800100028F0D1FFE7FFE701
:1037D00013E0FFE7FFE70798006850E8000F40F0AC
:1037E00020000090FFE700990798026842E8001067
:1037F0000028F0D1FFE7FFE7FFE7FFE7002008B070
:10380000704700000000000080B586B0DDF820C0E1
:10381000049003918DF80B200193FFE70498006852
:10382000C06903990840401AB0FA80F040099DF839
:103830000B10884266D1FFE708980130002860D05D
:10384000FFE707F0EDFA0199401A0899884203D87A
:10385000FFE7089820B9FFE703208DF8170055E02F
:103860000498006800684007002849D5FFE70398DE
:10387000802845D0FFE70398402841D0FFE704980F
:103880000068C06900F008010120B0EBD10F16D12B
:10389000FFE7049801680820009008620498FEF78A
:1038A00063FE00980499C1F89000FFE70499002096
:1038B00081F88400FFE701208DF8170026E00498C6
:1038C0000068C06900F400610120B0EBD12F16D16F
:1038D000FFE7049801684FF4006008620498FEF75F
:1038E00043FE04992020C1F89000FFE704990020CE
:1038F00081F88400FFE703208DF8170006E0FFE75A
:10390000FFE78BE700208DF81700FFE79DF8170011
:1039100006B080BD0000000080B586B068464FF458
:103920007841039181604FF69C71C9F200014160BA
:10393000202303600A210491DC220592084603F04B
:103940003FFF039B0498059A69468B604FF6BB7353
:10395000C9F200034B6018230B602F2103F030FFE6
:10396000039B0498059A69468B604FF6A273C9F2CF
:1039700000034B6010230B604C2103F021FF40F249
:103980008000C2F20040694648600120086049F2A8
:10399000D950C9F200004FF6B071C9F2000180227F
:1039A000002306F0DDFD06F007FA06B080BD00003A
:1039B00080B586B0ADF81600ADF81410FFE7FFE74C
:1039C00044F24850C5F60200016841F0020101606E
:1039D000006804900498FFE7FFE740F28C10C2F201
:1039E0000040039040F20041C4F200010160BDF8C4
:1039F00014104160002101918160BDF81610C16072
:103A0000FDF7F2FB019A34200290042107F035FA09
:103A1000029807F037FA0398FDF73EFC06B080BD28
:103A200080B584B0ADF80E00ADF80C10FFE744F29D
:103A30004850C5F60200016841F0080101600068C5
:103A400002900298FFE740F2D810C2F200400090C6
:103A500040F60041C4F200010160BDF80C10416065
:103A6000BDF80E10C160FDF7BFFB0098FDF714FC18
:103A7000362001900621002207F0FFF9019807F097
:103A800001FA04B080BD000080B582B0022001A917
:103A900000F0AAF920B1FFE701208DF8070033E01C
:103AA000BDF8040000F00F00012804D0FFE701205A
:103AB0008DF8070028E0002001A900F095F920B159
:103AC000FFE701208DF807001EE0BDF8040000F0BC
:103AD0000F00062804D0FFE701208DF8070013E04F
:103AE000BDF8040000F47061C0F3041000EB112075
:103AF000C11C0120884040F2E431C2F2004108605C
:103B000000208DF80700FFE79DF8070002B080BD98
:103B100080B582B041F2020001A900F065F920B140
:103B2000FFE701208DF8070015E0BDF8040020F044
:103B30004000ADF80400BDF8041041F2020000F0AE
:103B400097F920B1FFE701208DF8070003E000207E
:103B50008DF80700FFE79DF8070002B080BD000068
:103B600080B584B043F20040C5F6020001904FF4E6
:103B700080510291002207F08AF90120039007F09A
:103B80008BF901980299039A07F081F9039807F0DD
:103B900083F904B080BD000080B5BAB018A80790C2
:103BA000842107F07EF9079800210891179116915A
:103BB0001591149113911291119110910F910E91F1
:103BC0000D910C910421189140211B9107F06EF981
:103BD00020B1FFE701208DF8E700C0E0FFE744F2E5
:103BE0003450C5F60200016841F48041016000686C
:103BF0000B900B98FFE7FFE744F23450C5F6020044
:103C0000016841F48051016000680A900A98FFE75A
:103C1000FFE744F24050C5F60200016841F400514C
:103C20000160006809900998FFE740F6FF70139063
:103C30000220039014900020059015900320169008
:103C40000920179043F20040C5F60200019013A925
:103C5000029107F0EAF801980299059A4FF480530F
:103C600013930123049314931593169207F0DDF830
:103C7000039B049A059940F28430C2F200400690FA
:103C80004AF2000CC5F2002CC0F800C04FF0040C42
:103C9000C0F804C081604FF0806CC0F80CC04FF0D9
:103CA000180CC0F810C043618161C1614FF440330A
:103CB000036242628162C162016341638163C163E5
:103CC00007F0F9F820B1FFE701208DF8E70046E0A2
:103CD000102010900120119040F28430C2F2004078
:103CE00010A941F2883207F0EBF820B1FFE701207C
:103CF0008DF8E70033E007200C900D9000200E9027
:103D000001200F9040F28430C2F200400CA941F231
:103D1000883207F0DAF820B1FFE701208DF8E700DC
:103D20001DE0FFF71DFFFFF7AFFE20B1FFE7012009
:103D30008DF8E70013E0FFF7EBFE20B1FFE701206D
:103D40008DF8E7000BE000F00FF820B1FFE701204D
:103D50008DF8E70003E000208DF8E700FFE79DF80D
:103D6000E7003AB080BD000080B58AB00020009026
:103D7000089007900690059004900390029001909F
:103D800003904FF4405005904FF0005007904FF0D3
:103D90008060089040F28430C2F2004003A941F2F2
:103DA000883207F097F820B1FFE701208DF827004F
:103DB00014E0082001900020029040F28430C2F20A
:103DC000004001A907F08BF820B1FFE701208DF832
:103DD000270003E000208DF82700FFE79DF827006B
:103DE0000AB080BD0000000080B58AB0089007913D
:103DF00000200690059004900390029001904FF0EF
:103E000080700190089802904FF440500390022077
:103E100004904FF0005005904FF08060069040F203
:103E20008430C2F2004001A941F2883207F052F812
:103E300020B1FFE701208DF8270012E0079940F23A
:103E40008430C2F2004041F2883207F04DF820B1D0
:103E5000FFE701208DF8270003E000208DF8270000
:103E6000FFE79DF827000AB080BD000000000000B9
:103E700080B58AB00890ADF81E100020069005901D
:103E800004900390029001904FF080700190089888
:103E900002904FF440500390022004904FF00050E5
:103EA00005904FF08060069040F28430C2F20040EE
:103EB00001A941F2883207F00DF820B1FFE7012097
:103EC0008DF8270013E040F28430C2F200400DF17B
:103ED0001E0141F2883207F00CF820B1FFE7012003
:103EE0008DF8270003E000208DF82700FFE79DF8FC
:103EF00027000AB080BD000080B584B0ADF80E0088
:103F000040F2F830C2F20040006828B1FFE7BDF887
:103F10000E0003F09DFD22E040F2E831C2F20041C4
:103F2000088849884843019000210091084603F021
:103F300097FA03F00DFD00980290FFE702980199AF
:103F400088420BD2FFE7BDF80E000021C6F2010146
:103F50000880FFE7029801300290EFE7FFE704B026
:103F600080BD00000000000080B582B08DF8070021
:103F70009DF8070040F2E831C2F20041887140F23A
:103F8000F830C2F20040006888B1FFE79DF80700F2
:103F900003F0AAFD40F2F830C2F20040C28A40F2BB
:103FA000E831C2F200410A80008B4880FCE09DF8B5
:103FB0000700002840F08080FFE740F2E830C2F2BE
:103FC0000040F02101804FF4A0714180808845F2CB
:103FD0001051884214D1FFE740F2E831C2F20041AB
:103FE0004FF4305008814FF4285048814FF42C5042
:103FF00088814FF4F07008804FF44870488026E0C4
:1040000040F2E830C2F20040808841F663118842F5
:1040100011D1FFE740F2E831C2F200412C200881C3
:104020002B2048812A2088814FF4F07008804FF4BB
:10403000487048800AE040F2E831C2F200412C208A
:1040400008812A2048812B208881FFE7FFE740F282
:10405000E830C2F20040808845F2103188420AD030
:10406000FFE740F2E830C2F20040808847F29671E4
:1040700088420BD1FFE740F2E831C2F200414FF431
:10408000A07008804FF4F0704880FFE740F2E830FD
:10409000C2F20040808849F6060188420BD1FFE752
:1040A00040F2E831C2F200414FF4F07008804FF462
:1040B00048704880FFE773E040F2E830C2F2004009
:1040C0004FF4A0710180F0214180808845F21051A9
:1040D000884214D1FFE740F2E831C2F200414FF4C8
:1040E000305008814FF4285048814FF42C5088817B
:1040F0004FF4487008804FF4F070488030E040F290
:10410000E830C2F20040808841F6631188420AD04C
:10411000FFE740F2E830C2F20040808849F606012D
:10412000884211D1FFE740F2E831C2F200412C2071
:1041300008812A2048812B2088814FF4487008800C
:104140004FF4F07048800AE040F2E831C2F20041DA
:104150002C2008812A2048812B208881FFE7FFE757
:1041600040F2E830C2F20040808845F210318842C7
:104170000AD0FFE740F2E830C2F20040808847F200
:10418000967188420BD1FFE740F2E831C2F200415C
:104190004FF4F07008804FF4A0704880FFE7FFE70D
:1041A000002002F0ADFFFFE702B080BD000000007C
:1041B00080B582B0ADF80600ADF80410009240F270
:1041C000F830C2F20040006840B1FFE7BDF80600D9
:1041D000BDF80410009A03F0ABFC0DE0BDF806003A
:1041E000BDF8041003F03CF903F0B2FB0098002185
:1041F000C6F201010880FFE702B080BD00000000A8
:1042000080B58CB0CF2003F093FB00200A9003F020
:104210007FFBC120009003F07BFB3020019003F076
:1042200077FBED2003F084FB642003F071FB032097
:1042300003F06EFB122003F06BFB812003F068FBA0
:10424000E82003F075FB852003F062FB102004904A
:1042500003F05EFB7A2003F05BFBCB2003F068FBEE
:10426000392003F055FB2C2003F052FB0A9803F091
:104270004FFB342003F04CFB022003F049FBF720F6
:1042800003F056FB202003F043FBEA2003F050FB31
:104290000A9803F03DFB0A9803F03AFBC02003F0B4
:1042A00047FB1B2003F034FB009803F041FB012087
:1042B000079003F02DFBC52003F03AFB019803F0B3
:1042C00027FB019803F024FBC72003F031FBB72044
:1042D00003F01EFB362003F02BFB482003F018FBF5
:1042E0003A2003F025FB552003F012FBB12003F028
:1042F0001FFB0A9803F00CFB1A2003F009FBB62001
:1043000003F016FB0A20039003F002FBA22003F047
:10431000FFFAF22003F00CFB0A9803F0F9FA2620CA
:1043200003F006FB079803F0F3FAE02003F000FB2C
:104330000F20059003F0ECFA2A20099003F0E8FA28
:10434000282003F0E5FA0820029003F0E1FA0E209D
:1043500003F0DEFA029803F0DBFA542003F0D8FAF7
:10436000A92003F0D5FA432003F0D2FA039803F012
:10437000CFFA059803F0CCFA0A9803F0C9FA0A9824
:1043800003F0C6FA0A9803F0C3FA0A9803F0C0FAD9
:10439000E12003F0CDFA0A9803F0BAFA152003F0F1
:1043A000B7FA172003F0B4FA072003F0B1FA11208E
:1043B0000B9003F0ADFA062003F0AAFA2B2006902A
:1043C00003F0A6FA562003F0A3FA3C2003F0A0FA6B
:1043D000052003F09DFA049803F09AFA059803F07B
:1043E00097FA3F20089003F093FA089803F090FAA8
:1043F000059803F08DFA069803F09AFA0A9803F0EC
:1044000087FA0A9803F084FA079803F081FA08986B
:1044100003F07EFA099803F08BFA0A9803F078FA11
:104420000A9803F075FA0A9803F072FAEF2003F085
:104430006FFA0B9803F07CFA782006F05FFD2920D4
:1044400003F076FA0CB080BD80B596B0FF200190E5
:1044500003F06EFA019803F05BFA982003F058FA23
:1044600006200D9003F054FABC2003F061FA0120FD
:10447000129003F04DFA0F20109003F049FA6120DA
:1044800003F046FA019803F043FA129803F040FA59
:10449000129803F03DFA0B200A9003F039FA10202D
:1044A000099003F035FA372003F032FA632003F065
:1044B0002FFA019803F02CFA019803F029FA1298C8
:1044C00003F026FA129803F023FA0020159003F067
:1044D0001FFA159803F01CFA019803F019FA5220FC
:1044E00003F016FA129803F013FA159803F010FA75
:1044F0004020069003F00CFABD2003F019FA129840
:1045000003F006FA2320029003F002FA45200390FC
:1045100003F0FEF96720049003F0FAF9129803F013
:10452000F7F9029803F0F4F9039803F0F1F904980D
:1045300003F0EEF9BE2003F0FBF9159803F0E8F95B
:10454000129803F0E5F9AB2003F0E2F9602003F0E4
:10455000DFF92220059003F0DBF9059803F0D8F984
:10456000059803F0D5F9059803F0D2F9059803F002
:10457000CFF9C72003F0DCF93620149003F0C8F916
:10458000ED2003F0D5F97F2003F0C2F9109803F075
:10459000BFF9C02003F0CCF9109803F0B9F90A98DC
:1045A00003F0B6F90A200E9003F0B2F9FC2003F0F4
:1045B000BFF9082003F0ACF9DF20139003F0B8F93D
:1045C000159803F0A5F9159803F0A2F9159803F0D2
:1045D0009FF9159803F09CF9159803F099F920209C
:1045E000089003F095F9F32003F0A2F9742003F08A
:1045F0008FF9B42003F09CF9159803F089F9159808
:1046000003F086F9159803F083F9F72003F090F989
:10461000822003F07DF9B12003F08AF9159803F0A8
:1046200077F913200B9003F073F90B9803F070F9EE
:10463000F22003F07DF9802003F06AF9042003F0F2
:1046400067F9069803F064F9282003F061F9C120A6
:1046500003F06EF9172003F05BF98820079003F050
:1046600057F9079803F054F9089803F051F9E0203E
:1046700003F05EF9159803F04BF90E9803F048F932
:10468000122003F045F9099803F042F90E200F902B
:1046900003F03EF9089803F03BF9CC2003F038F919
:1046A000072003F035F90D9803F032F90A9803F06A
:1046B0002FF90F9803F02CF9109803F029F90D2029
:1046C0000C9003F025F91520119003F021F90998B9
:1046D00003F01EF9159803F01BF9E12003F028F907
:1046E000159803F015F90A9803F012F90B9803F0E6
:1046F0000FF90C9803F00CF90F9803F009F91B203F
:1047000003F006F9712003F003F90D9803F000F9A6
:104710000D9803F0FDF80E9803F0FAF8109803F0E6
:10472000F7F80F9803F0F4F8109803F0F1F81198E7
:1047300003F0EEF80C2003F0EBF8159803F0E8F81E
:104740002A2003F0F5F8159803F0E2F8159803F025
:10475000DFF8129803F0DCF8139803F0D9F82B2057
:1047600003F0E6F8159803F0D3F8159803F0D0F8A5
:10477000032003F0CDF81F2003F0CAF83A2003F01D
:10478000D7F8552003F0C4F8149803F0D1F8159821
:1047900003F0BEF8112003F0CBF8782006F0AEFB52
:1047A000292003F0C5F8142006F0A8FB2C2003F004
:1047B000BFF816B080BD000080B5CEB0ED2003F08C
:1047C000B7F80120219003F0A3F8FE2003F0A0F831
:1047D000EE2003F0ADF8DE2003F09AF821200B90D4
:1047E00003F096F8F12003F0A3F8219803F090F875
:1047F000DF2003F09DF81020459003F089F8C420D5
:104800002D9003F095F88F2003F082F8C6200890D1
:1048100003F08EF800204A9003F07AF8E220169018
:1048200003F076F8169803F073F8169803F070F812
:10483000BF2003F07DF8AA20419003F069F8B02072
:1048400003F076F80D20009003F062F84A9803F028
:104850005FF8009803F05CF84A9803F059F81120CB
:10486000479003F055F84A9803F052F8192003F0E6
:104870004FF84A9803F04CF80B9803F049F84A981F
:1048800003F046F82D2003F043F84A9803F040F86F
:104890003D2003F03DF84A9803F03AF85D20269059
:1048A00003F036F84A9803F033F8269803F030F80E
:1048B0004A9803F02DF8B12003F03AF8802003F075
:1048C00027F84A9803F024F88B20109003F020F882
:1048D0004A9803F01DF89620019003F019F84A98C1
:1048E00003F016F8B22003F023F84A9803F010F80A
:1048F0004A9803F00DF80220239003F009F84A9833
:1049000003F006F80320029003F002F84A9802F040
:10491000FFFFB3202B9003F00BF84A9802F0F8FF4A
:104920004A9802F0F5FF4A9802F0F2FF4A9802F026
:10493000EFFF4A9802F0ECFF4A9802F0E9FF4A982C
:1049400002F0E6FF4A9802F0E3FF4A9802F0E0FF27
:104950004A9802F0DDFF4A9802F0DAFF4A9802F026
:10496000D7FF4A9802F0D4FF4A9802F0D1FF4A9844
:1049700002F0CEFF4A9802F0CBFF4A9802F0C8FF3F
:104980004A9802F0C5FF4A9802F0C2FF4A9802F026
:10499000BFFF4A9802F0BCFF4A9802F0B9FF4A985C
:1049A00002F0B6FF4A9802F0B3FFB42002F0C0FF55
:1049B000109802F0ADFF4A9802F0AAFF019802F0A9
:1049C000A7FF4A9802F0A4FFA12002F0A1FF4A9895
:1049D00002F09EFFB52002F0ABFF239802F098FF93
:1049E0004A9802F095FF029802F092FF4A9802F06E
:1049F0008FFF0420039002F08BFF4A9802F088FF9B
:104A0000B62002F095FF4A9802F082FF4A9802F021
:104A10007FFFB7201D9002F08BFF4A9802F078FFCD
:104A20004A9802F075FF3F2002F072FF4A9802F0A8
:104A30006FFF5E2002F06CFF4A9802F069FF64206D
:104A4000489002F065FF4A9802F062FF8C2002F065
:104A50005FFF4A9802F05CFFAC2002F059FF4A98D1
:104A600002F056FFDC20309002F052FF4A9802F02C
:104A70004FFF702002F04CFF4A9802F049FF90204F
:104A800002F046FF4A9802F043FFEB2002F040FF9D
:104A90004A9802F03DFF309802F03AFF4A9802F03F
:104AA00037FFB82002F044FF4A9802F031FF4A98DD
:104AB00002F02EFF4A9802F02BFF4A9802F028FFDE
:104AC0004A9802F025FF4A9802F022FF4A9802F025
:104AD0001FFF4A9802F01CFFBA2002F029FF242091
:104AE000069002F015FF4A9802F012FF4A9802F071
:104AF0000FFF4A9802F00CFFC12002F019FF20209E
:104B0000099002F005FF4A9802F002FF542002F0DB
:104B1000FFFE4A9802F0FCFEFF204B9002F0F8FEE8
:104B20004A9802F0F5FEC2201E9002F001FF0A2012
:104B3000189002F0EDFE4A9802F0EAFE039802F0A7
:104B4000E7FE4A9802F0E4FEC32002F0F1FE3C20AA
:104B5000249002F0DDFE4A9802F0DAFE3A204690F8
:104B600002F0D6FE4A9802F0D3FE392002F0D0FEC1
:104B70004A9802F0CDFE372002F0CAFE4A9802F0B1
:104B8000C7FE249802F0C4FE4A9802F0C1FE362007
:104B90000D9002F0BDFE4A9802F0BAFE322033902A
:104BA00002F0B6FE4A9802F0B3FE2F20049002F005
:104BB000AFFE4A9802F0ACFE2C204D9002F0A8FE09
:104BC0004A9802F0A5FE2920499002F0A1FE4A98D9
:104BD00002F09EFE2620059002F09AFE4A9802F00E
:104BE00097FE069802F094FE4A9802F091FE06980D
:104BF00002F08EFE4A9802F08BFE2320379002F0DE
:104C000087FE4A9802F084FE249802F081FE4A98BA
:104C100002F07EFE0D9802F07BFE4A9802F078FECC
:104C2000339802F075FE4A9802F072FE049802F082
:104C30006FFE4A9802F06CFE4D9802F069FE4A98A9
:104C400002F066FE499802F063FE4A9802F060FEA8
:104C5000059802F05DFE4A9802F05AFE069802F0AE
:104C600057FE4A9802F054FE069802F051FE4A9808
:104C700002F04EFE379802F04BFE4A9802F048FED2
:104C80002D9802F055FE62201A9002F041FE4A98DB
:104C900002F03EFE0520179002F03AFE4A9802F01C
:104CA00037FE8420289002F033FE4A9802F030FE4E
:104CB000F020429002F02CFE4A9802F029FE1820C3
:104CC000079002F025FE4A9802F022FEA42002F08E
:104CD0001FFE4A9802F01CFE079802F019FE4A983F
:104CE00002F016FE5020439002F012FE4A9802F0A5
:104CF0000FFE0C2002F00CFE4A9802F009FE17206D
:104D00000A9002F005FE4A9802F002FE952002F099
:104D1000FFFD4A9802F0FCFDF320449002F0F8FDFC
:104D20004A9802F0F5FDE620319002F0F1FD4A9834
:104D300002F0EEFDC52002F0FBFD339802F0E8FD25
:104D40004A9802F0E5FD4420409002F0E1FD4A98C7
:104D500002F0DEFD652002F0DBFD4A9802F0D8FD8E
:104D60007620349002F0D4FD4A9802F0D1FD8820DC
:104D70003C9002F0CDFD4A9802F0CAFD089802F07E
:104D8000D7FD099802F0C4FD4A9802F0C1FD0A98C7
:104D900002F0BEFD4A9802F0BBFD219802F0B8FD7A
:104DA0004A9802F0B5FDC7201F9002F0C1FD4A9855
:104DB00002F0AEFD4A9802F0ABFD4A9802F0A8FD61
:104DC0004A9802F0A5FDC82002F0B2FD4A9802F010
:104DD0009FFD4A9802F09CFD4A9802F099FD4A987E
:104DE00002F096FDC92002F0A3FD4A9802F090FD62
:104DF0004A9802F08DFD4A9802F08AFD4A9802F026
:104E000087FD4A9802F084FD4A9802F081FD4A9895
:104E100002F07EFD4A9802F07BFD4A9802F078FD90
:104E20004A9802F075FD4A9802F072FD4A9802F025
:104E30006FFD4A9802F06CFD4A9802F069FD4A98AD
:104E400002F066FD4A9802F063FDE020159002F042
:104E50006FFD16200C9002F05BFD4A9802F058FDA1
:104E60001C20199002F054FD4A9802F051FD0B9855
:104E700002F04EFD4A9802F04BFD0D9802F048FDFD
:104E80004A9802F045FD462002F042FD4A9802F0A1
:104E90003FFD52200E9002F03BFD4A9802F038FD93
:104EA000489802F035FD4A9802F032FD7A200F90C2
:104EB00002F02EFD4A9802F02BFD109802F028FD1A
:104EC0004A9802F025FD99203E9002F021FD4A9873
:104ED00002F01EFDA820119002F01AFD4A9802F07F
:104EE00017FDB920129002F013FD4A9802F010FD50
:104EF0002D9802F00DFD4A9802F00AFDCA20139089
:104F000002F006FD4A9802F003FDD220149002F050
:104F1000FFFC4A9802F0FCFCD92002F0F9FC4A9808
:104F200002F0F6FC159802F0F3FC4A9802F0F0FC4F
:104F3000449802F0EDFC4A9802F0EAFCE12002F00D
:104F4000F7FC0C9802F0E4FC4A9802F0E1FC199896
:104F500002F0DEFC4A9802F0DBFC222002F0D8FCD2
:104F60004A9802F0D5FC0D9802F0D2FC4A9802F063
:104F7000CFFC4520399002F0CBFC4A9802F0C8FCE7
:104F80000E9802F0C5FC4A9802F0C2FC489802F064
:104F9000BFFC4A9802F0BCFC0F9802F0B9FC4A989A
:104FA00002F0B6FC109802F0B3FC4A9802F0B0FC94
:104FB0003E9802F0ADFC4A9802F0AAFC119802F06B
:104FC000A7FC4A9802F0A4FC129802F0A1FC4A98AF
:104FD00002F09EFC2D9802F09BFC4A9802F098FC8F
:104FE000139802F095FC4A9802F092FC149802F093
:104FF0008FFC4A9802F08CFCD82002F089FC4A9879
:1050000002F086FC159802F083FC4A9802F080FCBE
:10501000449802F07DFC4A9802F07AFC169802F05F
:1050200087FC179802F074FC4A9802F071FC0B2080
:1050300002F06EFC4A9802F06BFC1B2002F068FC48
:105040004A9802F065FC3420329002F061FC4A98E4
:1050500002F05EFC409802F05BFC4A9802F058FCBB
:105060004F2002F055FC4A9802F052FC612002F0F9
:105070004FFC4A9802F04CFC792002F049FC4A9817
:1050800002F046FC3C9802F043FC4A9802F040FCD7
:1050900097201B9002F03CFC4A9802F039FCA620B5
:1050A0001C9002F035FC4A9802F032FC1D9802F088
:1050B0002FFC4A9802F02CFC1E9802F029FC4A981A
:1050C00002F026FC1F9802F023FC4A9802F020FC14
:1050D000D120209002F01CFC4A9802F019FCD62046
:1050E00002F016FC4A9802F013FCDD20229002F038
:1050F0000FFC4A9802F00CFC449802F009FC4A9814
:1051000002F006FCE32002F013FC179802F000FC0A
:105110004A9802F0FDFB189802F0FAFB4A9802F058
:10512000F7FB199802F0F4FB4A9802F0F1FB3320E8
:10513000389002F0EDFB4A9802F0EAFB409802F04A
:10514000E7FB4A9802F0E4FB439802F0E1FB4A983F
:1051500002F0DEFB1A9802F0DBFB4A9802F0D8FB63
:10516000782002F0D5FB4A9802F0D2FB3C9802F07E
:10517000CFFB4A9802F0CCFB1B9802F0C9FB4A987F
:1051800002F0C6FB1C9802F0C3FB4A9802F0C0FB79
:105190001D9802F0BDFB4A9802F0BAFB1E9802F07F
:1051A000B7FB4A9802F0B4FB1F9802F0B1FB4A9893
:1051B00002F0AEFB209802F0ABFB4A9802F0A8FB8D
:1051C000D52002F0A5FB4A9802F0A2FB229802F03B
:1051D0009FFB4A9802F09CFB449802F099FB4A9886
:1051E00002F096FBE42002F0A3FB219802F090FB72
:1051F0004A9802F08DFB219802F08AFB4A9802F04F
:1052000087FB239802F084FB4A9802F081FB2A2056
:1052100002F07EFB4A9802F07BFB249802F078FBB8
:105220004A9802F075FB4B20259002F071FB4A98DA
:1052300002F06EFB269802F06BFB4A9802F068FBC6
:105240007420279002F064FB4A9802F061FB2898D2
:1052500002F05EFB4A9802F05BFB9320299002F07B
:1052600057FB4A9802F054FBA2202A9002F050FB10
:105270004A9802F04DFB2B9802F04AFB4A9802F044
:1052800047FBBE202C9002F043FB4A9802F040FB03
:105290002D9802F03DFB4A9802F03AFBCD202E906B
:1052A00002F036FB4A9802F033FBD3202F9002F035
:1052B0002FFB4A9802F02CFB229802F029FB4A9817
:1052C00002F026FB449802F023FB4A9802F020FBF0
:1052D000E52002F02DFB4A9802F01AFB4A9802F0F2
:1052E00017FB4A9802F014FB4A9802F011FB23982E
:1052F00002F00EFB4A9802F00BFB499802F008FB03
:105300004A9802F005FB249802F002FB4A9802F04A
:10531000FFFA259802F0FCFA4A9802F0F9FA26986A
:1053200002F0F6FA4A9802F0F3FA279802F0F0FA3F
:105330004A9802F0EDFA289802F0EAFA4A9802F048
:10534000E7FA299802F0E4FA4A9802F0E1FA2A987A
:1053500002F0DEFA4A9802F0DBFA2B9802F0D8FA53
:105360004A9802F0D5FA2C9802F0D2FA4A9802F044
:10537000CFFA2D9802F0CCFA4A9802F0C9FA2E988A
:1053800002F0C6FA4A9802F0C3FA2F9802F0C0FA67
:105390004A9802F0BDFA309802F0BAFA4A9802F040
:1053A000B7FA449802F0B4FA4A9802F0B1FA319888
:1053B00002F0BEFA479802F0ABFA4A9802F0A8FA57
:1053C000329802F0A5FA4A9802F0A2FA56203690D6
:1053D00002F09EFA4A9802F09BFA349802F098FA8A
:1053E0004A9802F095FA77203B9002F091FA4A9899
:1053F00002F08EFA66203F9002F08AFA4A9802F094
:1054000087FA3C9802F084FA4A9802F081FA3E98B2
:1054100002F07EFA4A9802F07BFABB203D9002F03F
:1054200077FA4A9802F074FA3E9802F071FA4A98B4
:1054300002F06EFA3F9802F06BFA4A9802F068FAAE
:1054400055204C9002F064FA4A9802F061FA4C98A8
:1054500002F05EFA4A9802F05BFA399802F058FAC4
:105460004A9802F055FA432002F052FA4A9802F0A4
:105470004FFA409802F04CFA4A9802F049FAE720B5
:1054800002F056FA339802F043FA4A9802F040FAD2
:105490004C9802F03DFA4A9802F03AFA349802F039
:1054A00037FA4A9802F034FA3F9802F031FA4A98F3
:1054B00002F02EFA6720359002F02AFA4A9802F09C
:1054C00027FA359802F024FA4A9802F021FA872048
:1054D0003A9002F01DFA4A9802F01AFA3E9802F049
:1054E00017FA4A9802F014FA3D9802F011FA4A9815
:1054F00002F00EFA3E9802F00BFA4A9802F008FA0F
:105500003B9802F005FA4A9802F002FA409802F03D
:10551000FFF94A9802F0FCF9369802F0F9F94A9836
:1055200002F0F6F9379802F0F3F94A9802F0F0F930
:10553000389802F0EDF94A9802F0EAF9399802F049
:10554000E7F94A9802F0E4F9E82002F0F1F94A9804
:1055500002F0DEF94A9802F0DBF93E9802F0D8F941
:105560004A9802F0D5F93A9802F0D2F94A9802F036
:10557000CFF93C9802F0CCF94A9802F0C9F93B986F
:1055800002F0C6F94A9802F0C3F93F9802F0C0F958
:105590004A9802F0BDF93C9802F0BAF94A9802F034
:1055A000B7F9419802F0B4F94A9802F0B1F93D9880
:1055B00002F0AEF94A9802F0ABF93E9802F0A8F971
:1055C0004A9802F0A5F93F9802F0A2F94A9802F031
:1055D0009FF94C9802F09CF94A9802F099F94C987E
:1055E00002F096F94A9802F093F9409802F090F987
:1055F0004A9802F08DF9409802F08AF94A9802F030
:1056000087F94C9802F084F94A9802F081F9E92070
:1056100002F08EF9419802F07BF94A9802F078F98D
:105620004A9802F075F94A9802F072F94A9802F025
:105630007FF9419802F06CF9CF2002F079F94A988D
:1056400002F066F94A9802F063F94A9802F060F9AC
:105650004A9802F05DF94A9802F05AF94A9802F025
:1056600057F94A9802F054F94A9802F051F94A98C9
:1056700002F04EF94A9802F04BF94A9802F048F9C4
:105680004A9802F045F94A9802F042F94A9802F025
:105690003FF94A9802F03CF94A9802F039F94A98E1
:1056A00002F036F9429802F043F94A9802F030F9D4
:1056B000439802F02DF94A9802F02AF94A9802F02C
:1056C00027F94A9802F024F9449802F031F94A98EF
:1056D00002F01EF9F92002F02BF9062002F018F969
:1056E000459802F015F9499802F012F94A9802F02B
:1056F0000FF9469802F01CF94C9802F009F9479806
:1057000002F016F9489805F0F9FB499802F010F9F3
:10571000352002F00DF94A9802F0FAF8512002F013
:1057200007F94B9802F0F4F8532002F001F94D9874
:1057300002F0EEF84C9802F0FBF8822002F0E8F854
:105740004D9802F0F5F84EB080BD0000000000005A
:1057500080B5B4B04FF4704019905521329102F0E9
:1057600003F94FF201001A90AA211B9102F0FCF8F4
:105770004FF202001C9052211D9102F0F5F84FF2F9
:1057800003001E9008211F9102F0EEF84FF2040072
:1057900020900121289102F0E7F84FF430400D21CC
:1057A000009102F0E1F800994BF2010002F0DCF800
:1057B00000994BF2020002F0D7F84FF436402390E4
:1057C00034210D9102F0D0F80D994BF2016002F0F6
:1057D000CBF80D994BF2026002F0C6F800994FF435
:1057E0003140219002F0C0F800994BF20110229054
:1057F00002F0BAF800994BF2021002F0B5F80D99D8
:105800004FF43740249002F0AFF80D994BF201703D
:10581000259002F0A9F80D994BF2027002F0A4F85D
:105820004FF432400021319102F09EF831994BF251
:10583000012002F099F831994BF2022002F094F81D
:105840004FF4384027902421029102F08DF80299FC
:105850004BF60100299002F087F802994BF60200FE
:105860002A9002F081F828994FF43F4002F07CF82A
:105870004FF433400F21019102F076F801994BF279
:10588000013002F071F801994BF2023002F06CF82D
:105890000D994FF4394002F067F80D994BF601105D
:1058A00002F062F80D994BF6021002F05DF81F99B4
:1058B0004FF4354002F058F81F994BF2015002F0B6
:1058C00053F81F994BF2025002F04EF84FF4424049
:1058D00003212B9102F048F802994FF43A4002F06C
:1058E00043F802994BF6012002F03EF802994BF67C
:1058F000022002F039F831994FF43C402C9002F02C
:1059000033F84BF601402D907821339102F02CF8BA
:1059100031994BF602402E9002F026F831994FF45F
:105920003D4002F021F833994BF6015002F01CF88B
:1059300031994BF6025002F017F831994FF43E407E
:1059400002F012F84BF60160642102F00DF8319973
:105950004FF4514002F008F84DF201103321179135
:1059600002F002F831994DF2021001F0FDFF0D999D
:105970004DF2031001F0F8FF31994DF2041001F0DF
:10598000F3FF4DF205103A21039101F0EDFF31993B
:105990004DF2061001F0E8FF4DF207104A21049184
:1059A00001F0E2FF31994DF2081001F0DDFF4DF2F8
:1059B00009105C21059101F0D7FF31994DF20A10D1
:1059C00001F0D2FF4DF20B108121069101F0CCFFC6
:1059D00031994DF20C1001F0C7FF4DF20D10A621C8
:1059E000079101F0C1FF31994DF20E1001F0BCFF9B
:1059F0004DF20F10E521089101F0B6FF28994DF204
:105A0000101001F0B1FF4DF211101321099101F0B6
:105A1000ABFF28994DF2121001F0A6FF4DF21310C2
:105A200054210A9101F0A0FF28994DF2141001F0C1
:105A30009BFF4DF2151082210B9101F095FF2899E3
:105A40004DF2161001F090FF4DF21710CA210C9183
:105A500001F08AFF4DF2181002212F9101F084FF0E
:105A600031994DF2191001F07FFF2F994DF21A1064
:105A700001F07AFF28994DF21B1001F075FF2F9964
:105A80004DF21C1001F070FF0D994DF21D1001F048
:105A90006BFF2F994DF21E1001F066FF4DF21F10A3
:105AA00067210E9101F060FF2F994DF2201001F057
:105AB0005BFF4DF2211084210F9101F055FF2F99CA
:105AC0004DF2221001F050FF4DF22310A42110914D
:105AD00001F04AFF2F994DF2241001F045FF4DF2DD
:105AE0002510B721119101F03FFF2F994DF226109B
:105AF00001F03AFF4DF22710CF21129101F034FF4F
:105B00002F994DF2281001F02FFF4DF22910DE21C0
:105B1000139101F029FF2F994DF22A1001F024FF73
:105B20004DF22B10F221149101F01EFF2F994DF22E
:105B30002C1001F019FF4DF22D10FE21159101F0EE
:105B400013FF2B994DF22E1001F00EFF4DF22F1086
:105B50001021169101F008FF2B994DF2301001F041
:105B600003FF17994DF2311001F0FEFE2B994DF213
:105B7000321001F0F9FE4DF233106D21189101F051
:105B8000F3FE31994FF4524001F0EEFE17994DF2B9
:105B9000012001F0E9FE31994DF2022001F0E4FE0E
:105BA0000D994DF2032001F0DFFE31994DF20420F2
:105BB00001F0DAFE03994DF2052001F0D5FE31998E
:105BC0004DF2062001F0D0FE04994DF2072001F0BD
:105BD000CBFE31994DF2082001F0C6FE05994DF239
:105BE000092001F0C1FE31994DF20A2001F0BCFEFE
:105BF00006994DF20B2001F0B7FE31994DF20C20C1
:105C000001F0B2FE07994DF20D2001F0ADFE319981
:105C10004DF20E2001F0A8FE08994DF20F2001F080
:105C2000A3FE28994DF2102001F09EFE09994DF235
:105C3000112001F099FE28994DF2122001F094FEF6
:105C40000A994DF2132001F08FFE28994DF214208D
:105C500001F08AFE0B994DF2152001F085FE28997E
:105C60004DF2162001F080FE0C994DF2172001F044
:105C70007BFE2F994DF2182001F076FE31994DF2FE
:105C8000192001F071FE2F994DF21A2001F06CFEDF
:105C900028994DF21B2001F067FE2F994DF21C2030
:105CA00001F062FE0D994DF21D2001F05DFE2F996D
:105CB0004DF21E2001F058FE0E994DF21F2001F00A
:105CC00053FE2F994DF2202001F04EFE0F994DF218
:105CD000212001F049FE2F994DF2222001F044FECF
:105CE00010994DF2232001F03FFE2F994DF2242010
:105CF00001F03AFE11994DF2252001F035FE2F9961
:105D00004DF2262001F030FE12994DF2272001F0CD
:105D10002BFE2F994DF2282001F026FE13994DF20B
:105D2000292001F021FE2F994DF22A2001F01CFEBE
:105D300014994DF22B2001F017FE2F994DF22C20D3
:105D400001F012FE15994DF22D2001F00DFE2B9958
:105D50004DF22E2001F008FE16994DF22F2001F091
:105D600003FE2B994DF2302001F0FEFD17994DF204
:105D7000312001F0F9FD2B994DF2322001F0F4FDB4
:105D800018994DF2332001F0EFFD31994FF4534053
:105D900001F0EAFD17994DF2013001F0E5FD31996E
:105DA0004DF2023001F0E0FD0D994DF2033001F0AB
:105DB000DBFD31994DF2043001F0D6FD03994DF22F
:105DC000053001F0D1FD31994DF2063001F0CCFDE6
:105DD00004994DF2073001F0C7FD31994DF20830BA
:105DE00001F0C2FD05994DF2093001F0BDFD319978
:105DF0004DF20A3001F0B8FD06994DF20B3001F07A
:105E0000B3FD31994DF20C3001F0AEFD07994DF222
:105E10000D3001F0A9FD31994DF20E3001F0A4FDD5
:105E200008994DF20F3001F09FFD28994DF2103086
:105E300001F09AFD09994DF2113001F095FD289974
:105E40004DF2123001F090FD0A994DF2133001F03D
:105E50008BFD28994DF2143001F086FD0B994DF21F
:105E6000153001F081FD28994DF2163001F07CFDCE
:105E70000C994DF2173001F077FD2F994DF2183043
:105E800001F072FD31994DF2193001F06DFD2F993D
:105E90004DF21A3001F068FD28994DF21B3001F0E7
:105EA00063FD2F994DF21C3001F05EFD0D994DF20E
:105EB0001D3001F059FD2F994DF21E3001F054FDB7
:105EC0000E994DF21F3001F04FFD2F994DF2203009
:105ED00001F04AFD0F994DF2213001F045FD2F9957
:105EE0004DF2223001F040FD10994DF2233001F0C7
:105EF0003BFD2F994DF2243001F036FD11994DF202
:105F0000253001F031FD2F994DF2263001F02CFDA6
:105F100012994DF2273001F027FD2F994DF22830CC
:105F200001F022FD13994DF2293001F01DFD2F994A
:105F30004DF22A3001F018FD14994DF22B3001F08A
:105F400013FD2F994DF22C3001F00EFD15994DF2F5
:105F50002D3001F009FD2B994DF22E3001F004FD9A
:105F600016994DF22F3001F0FFFC2B994DF2303095
:105F700001F0FAFC17994DF2313001F0F5FC2B9944
:105F80004DF2323001F0F0FC18994DF2333001F04F
:105F9000EBFC31994FF4544001F0E6FC17994DF2B7
:105FA000014001F0E1FC31994DF2024001F0DCFCCE
:105FB0000D994DF2034001F0D7FC31994DF20440A8
:105FC00001F0D2FC03994DF2054001F0CDFC31996E
:105FD0004DF2064001F0C8FC04994DF2074001F073
:105FE000C3FC31994DF2084001F0BEFC05994DF219
:105FF000094001F0B9FC31994DF20A4001F0B4FCBE
:1060000006994DF20B4001F0AFFC31994DF20C4076
:1060100001F0AAFC07994DF20D4001F0A5FC319961
:106020004DF20E4001F0A0FC08994DF20F4001F036
:106030009BFC28994DF2104001F096FC09994DF215
:10604000114001F091FC28994DF2124001F08CFCB6
:106050000A994DF2134001F087FC28994DF2144043
:1060600001F082FC0B994DF2154001F07DFC28995E
:106070004DF2164001F078FC0C994DF2174001F0FA
:1060800073FC2F994DF2184001F06EFC31994DF2DE
:10609000194001F069FC2F994DF21A4001F064FC9F
:1060A00028994DF21B4001F05FFC2F994DF21C40E6
:1060B00001F05AFC0D994DF21D4001F055FC2F994D
:1060C0004DF21E4001F050FC0E994DF21F4001F0C0
:1060D0004BFC2F994DF2204001F046FC0F994DF2F8
:1060E000214001F041FC2F994DF2224001F03CFC8F
:1060F00010994DF2234001F037FC2F994DF22440C6
:1061000001F032FC11994DF2254001F02DFC2F9940
:106110004DF2264001F028FC12994DF2274001F083
:1061200023FC2F994DF2284001F01EFC13994DF2EB
:10613000294001F019FC2F994DF22A4001F014FC7E
:1061400014994DF22B4001F00FFC2F994DF22C4089
:1061500001F00AFC15994DF22D4001F005FC2B9938
:106160004DF22E4001F000FC16994DF22F4001F047
:10617000FBFB2B994DF2304001F0F6FB17994DF2E5
:10618000314001F0F1FB2B994DF2324001F0ECFB74
:1061900018994DF2334001F0E7FB31994FF4554027
:1061A00001F0E2FB17994DF2015001F0DDFB31994E
:1061B0004DF2025001F0D8FB0D994DF2035001F061
:1061C000D3FB31994DF2045001F0CEFB03994DF20F
:1061D000055001F0C9FB31994DF2065001F0C4FBA6
:1061E00004994DF2075001F0BFFB31994DF2085070
:1061F00001F0BAFB05994DF2095001F0B5FB319958
:106200004DF20A5001F0B0FB06994DF20B5001F02F
:10621000ABFB31994DF20C5001F0A6FB07994DF202
:106220000D5001F0A1FB31994DF20E5001F09CFB95
:1062300008994DF20F5001F097FB28994DF210503C
:1062400001F092FB09994DF2115001F08DFB289954
:106250004DF2125001F088FB0A994DF2135001F0F3
:1062600083FB28994DF2145001F07EFB0B994DF2FF
:10627000155001F079FB28994DF2165001F074FB8E
:106280000C994DF2175001F06FFB2F994DF21850F9
:1062900001F06AFB31994DF2195001F065FB2F991D
:1062A0004DF21A5001F060FB28994DF21B5001F09D
:1062B0005BFB2F994DF21C5001F056FB0D994DF2EE
:1062C0001D5001F051FB2F994DF21E5001F04CFB77
:1062D0000E994DF21F5001F047FB2F994DF22050BF
:1062E00001F042FB0F994DF2215001F03DFB2F9937
:1062F0004DF2225001F038FB10994DF2235001F07D
:1063000033FB2F994DF2245001F02EFB11994DF2E1
:10631000255001F029FB2F994DF2265001F024FB66
:1063200012994DF2275001F01FFB2F994DF2285082
:1063300001F01AFB13994DF2295001F015FB2F992A
:106340004DF22A5001F010FB14994DF22B5001F040
:106350000BFB2F994DF22C5001F006FB15994DF2D5
:106360002D5001F001FB2B994DF22E5001F0FCFA5B
:1063700016994DF22F5001F0F7FA2B994DF230504B
:1063800001F0F2FA17994DF2315001F0EDFA2B9924
:106390004DF2325001F0E8FA18994DF2335001F005
:1063A000E3FA31994FF4564001F0DEFA17994DF2B5
:1063B000016001F0D9FA31994DF2026001F0D4FA8E
:1063C0000D994DF2036001F0CFFA31994DF204605E
:1063D00001F0CAFA03994DF2056001F0C5FA31994E
:1063E0004DF2066001F0C0FA04994DF2076001F029
:1063F000BBFA31994DF2086001F0B6FA05994DF2F9
:10640000096001F0B1FA31994DF20A6001F0ACFA7D
:1064100006994DF20B6001F0A7FA31994DF20C602C
:1064200001F0A2FA07994DF20D6001F09DFA319941
:106430004DF20E6001F098FA08994DF20F6001F0EC
:1064400093FA28994DF2106001F08EFA09994DF2F5
:10645000116001F089FA28994DF2126001F084FA76
:106460000A994DF2136001F07FFA28994DF21460F9
:1064700001F07AFA0B994DF2156001F075FA28993E
:106480004DF2166001F070FA0C994DF2176001F0B0
:106490006BFA2F994DF2186001F066FA31994DF2BE
:1064A000196001F061FA2F994DF21A6001F05CFA5F
:1064B00028994DF21B6001F057FA2F994DF21C609C
:1064C00001F052FA0D994DF21D6001F04DFA2F992D
:1064D0004DF21E6001F048FA0E994DF21F6001F076
:1064E00043FA2F994DF2206001F03EFA0F994DF2D8
:1064F000216001F039FA2F994DF2226001F034FA4F
:1065000010994DF2236001F02FFA2F994DF224607B
:1065100001F02AFA11994DF2256001F025FA2F9920
:106520004DF2266001F020FA12994DF2276001F039
:106530001BFA2F994DF2286001F016FA13994DF2CB
:10654000296001F011FA2F994DF22A6001F00CFA3E
:1065500014994DF22B6001F007FA2F994DF22C603F
:1065600001F002FA15994DF22D6001F0FDF92B9919
:106570004DF22E6001F0F8F916994DF22F6001F0FE
:10658000F3F92B994DF2306001F0EEF917994DF2C5
:10659000316001F0E9F92B994DF2326001F0E4F934
:1065A00018994DF2336001F0DFF91998329901F032
:1065B000DBF91A981B9901F0D7F91C981D9901F085
:1065C000D3F91E981F9901F0CFF92098319901F065
:1065D000CBF92198CC2101F0C7F92298319901F02B
:1065E000C3F92398052101F0BFF924987021269161
:1065F00001F0BAF92598269901F0B6F9279828995B
:1066000001F0B2F929982B9901F0AEF92A982B994B
:1066100001F0AAF92B994BF6030001F0A5F92C988B
:106620002F9901F0A1F92D98319901F09DF92E983B
:10663000319901F099F94FF44940D02101F094F9D2
:106640002F994CF6011001F08FF94CF602105021F1
:10665000309101F089F930994CF6031001F084F97A
:1066600030994CF6041001F07FF931994FF45450F1
:1066700001F07AF932994FF4685001F075F94FF44E
:10668000885001F055F9339804F03DFC4FF4245044
:1066900001F04EF934B080BD80B588B0E22001F041
:1066A00047F91D2001F034F90220049001F030F97F
:1066B0000420039001F02CF9642004F024FCE02075
:1066C000009001F035F90120079001F021F90A202E
:1066D000019004F013FC009801F02AF903200690C1
:1066E00001F016F90C2004F009FC079801F020F9DC
:1066F000019804F003FCE62001F01AF92F2001F0C4
:1067000007F9FF20029001F003F9029801F000F967
:10671000B02001F00DF9202001F0FAF800200590DA
:1067200001F0F6F8069801F0F3F840F21F3001F09E
:10673000EFF8079801F0ECF840F2DF1001F0E8F80C
:10674000059801F0E5F8B42001F0F2F8039801F0A3
:10675000DFF840F21F4001F0DBF8059801F0D8F8AF
:106760002E2001F0D5F8059801F0D2F8059801F037
:10677000CFF8059801F0CCF8059801F0C9F8B620DB
:1067800001F0D6F8049801F0C3F84FF4037001F05B
:10679000BFF8059801F0BCF8172001F0B9F81520F2
:1067A00001F0B6F8059801F0B3F8059801F0B0F8DB
:1067B000F02001F0BDF8069801F0AAF8292001F0B8
:1067C000B7F8D02001F0B4F8059801F0A1F8BE2088
:1067D00001F0AEF8052001F09BF8FE2001F098F8DA
:1067E000079801F095F8059801F092F8059801F0E6
:1067F0008FF8059801F08CF8B82001F099F8069808
:1068000001F086F8079801F083F8BA2001F090F8BB
:10681000079801F07DF808B080BD0000000000007E
:1068200080B58CB0112001F083F8782004F066FB6D
:10683000362001F07DF800200A9001F069F83A2036
:1068400001F076F8052001F063F8B22001F070F84D
:106850000C20019001F05CF8019801F059F80A98B9
:1068600001F056F83320009001F052F8009801F042
:106870004FF8B72001F05CF8352001F049F8BB2053
:1068800001F056F83220029001F042F8C02001F0E9
:106890004FF8019801F03CF8C22001F049F80120BE
:1068A0000B9001F035F8C32001F042F8102001F000
:1068B0002FF8C42001F03CF8202001F029F8C62070
:1068C00001F036F80F2001F023F8D020039001F0FA
:1068D0002FF8A42001F01CF8A12001F019F8E02005
:1068E00001F026F8039801F013F80A9801F010F867
:1068F0000220049001F00CF80720059001F008F840
:106900000A20069001F004F82820079001F000F812
:10691000029800F0FDFF442000F0FAFF422000F052
:10692000F7FF062000F0F4FF0E20089000F0F0FFC3
:10693000122000F0EDFF142000F0EAFF172009906C
:1069400000F0E6FFE12000F0F3FF039800F0E0FF25
:106950000A9800F0DDFF049800F0DAFF059800F0D7
:10696000D7FF069800F0D4FF079800F0D1FF312040
:1069700000F0CEFF542000F0CBFF472000F0C8FF0E
:10698000089800F0C5FF1C2000F0C2FF099800F035
:10699000BFFF1B2000F0BCFF1E2000F0B9FF2A2023
:1069A00000F0C6FF0A9800F0B3FF0A9800F0B0FFAD
:1069B0000A9800F0ADFFEF2000F0AAFF2B2000F0B6
:1069C000B7FF0A9800F0A4FF0A9800F0A1FF0B9807
:1069D00000F09EFF3F2000F09BFF292000F0A8FF61
:1069E0000CB080BD0000000080B58CB0112000F01C
:1069F0009FFF78200A9004F081FA3620059000F07D
:106A000097FF482000F084FF3A2000F091FF5520C6
:106A100000F07EFFF020099000F08AFFC32000F014
:106A200077FF099800F084FF962000F071FFB420F2
:106A300000F07EFF012000F06BFFB62000F078FF31
:106A40000A2000F065FFA22000F062FFB72000F0EE
:106A50006FFFC62000F05CFFB92000F069FF022044
:106A600000F056FFE020049000F052FFC02000F03C
:106A70005FFF802000F04CFF1620019000F048FFDF
:106A8000C12000F055FF1920039000F041FFC22003
:106A900000F04EFFA72000F03BFFC52000F048FFAC
:106AA000019800F035FFE82000F042FF402000F0A0
:106AB0002FFF8A2000F02CFF0020029000F028FF1A
:106AC000029800F025FF29200B9000F021FF039889
:106AD00000F01EFFA52000F01BFF332000F018FF80
:106AE000049800F025FF099800F012FF072000F03D
:106AF0000FFF0D2000F00CFF042000F009FF05201F
:106B000000F006FF1420069000F002FF059800F048
:106B1000FFFE542000F0FCFE4C20079000F0F8FE31
:106B2000382000F0F5FE132000F0F2FE069800F089
:106B3000EFFE2E2000F0ECFE342000F0E9FEE12014
:106B400000F0F6FE099800F0E3FE1020089000F037
:106B5000DFFE069800F0DCFE0E2000F0D9FE0C20CF
:106B600000F0D6FE082000F0D3FE352000F0D0FE65
:106B7000442000F0CDFE079800F0CAFE262000F069
:106B8000C7FE089800F0C4FE122000F0C1FE2C20C1
:106B900000F0BEFE322000F0BBFE099800F0C8FEF7
:106BA0003C2000F0B5FE099800F0C2FE692000F01C
:106BB000AFFE0A9804F0A2F9212000F0B9FE0B986C
:106BC00000F0B6FE0CB080BD80B5C0B01FA8842117
:106BD00004F067F9002009901E901D901C901B90F6
:106BE0001A90199018901790169015901490139071
:106BF0001290119010900F900E900D900C9001F04B
:106C0000BBFA40F2E831C2F200410A91888001F0FB
:106C1000B3FA01460A988180808818B1FFE701F035
:106C20009FF84AE201201F90002020901FA804F046
:106C30003DF9FFE7FFE744F24050C5F60200016866
:106C400041F00801016000680B900B98FFE7FFE737
:106C50004FF400401A9001201B901C9002201D90C0
:106C600040F60040C5F602001AA904F0DEF80F2035
:106C700013900021069114916B22159219910C909A
:106C80000D9114200E90129140F24010C2F200407B
:106C9000079044F20002C5F20022026044F204129E
:106CA000C5F2002242608160C16001611022426130
:106CB0008161C16101624FF48052426281624FF48E
:106CC0008042C262016341634FF480128263C163F8
:106CD000016413A90CAAFAF767F9322004F00EF93F
:106CE000D32000F025FE00F0FFF940F2E831C2F2B7
:106CF00000410891888000F0F7F90899888000F039
:106D0000F3F908990002888000F0EEF9024608982D
:106D1000818811438180808849F24131884200F0A6
:106D20000481FFE7042000F003FE00F0DDF940F2EB
:106D3000E831C2F200410591888000F0D5F905994B
:106D4000888000F0D1F905990002888000F0CCF924
:106D500002460598818811438180808848F252510B
:106D6000884208D1FFE740F2E831C2F2004147F221
:106D700089708880FFE740F2E830C2F200408088E6
:106D800047F28971884200F0CF80FFE7D42000F0FD
:106D9000CFFD00F0A9F940F2E831C2F200410491C0
:106DA000888000F0A1F90499888000F09DF9049989
:106DB0000002888000F098F9024604988188114307
:106DC0008180808845F21031884200F0AC80FFE776
:106DD000D32000F0ADFD00F087F940F2E831C2F2B7
:106DE00000410391888000F07FF90399888000F0CA
:106DF0007BF90399888088880002888000F074F904
:106E000002460398818811438180808847F29671F9
:106E1000884200F08780FFE74FF47040552100F072
:106E2000A3FD4FF20100AA2100F09EFD4FF20200E7
:106E3000522100F099FD4FF20300082100F094FD6B
:106E40004FF20400012100F08FFD4FF4454000F0A7
:106E50006FFD00F049F9000240F2E831C2F2004152
:106E6000029188804CF2015000F062FD00F03CF984
:106E700002990246888810438880052004F03EF875
:106E80000298808845F2105188424AD0FFE7D3200B
:106E900000F04EFD00F028F940F2E831C2F2004166
:106EA0000191888000F020F90199888000F01CF998
:106EB0000199888088880002888000F015F90246D0
:106EC0000198818811438180808849F606018842B3
:106ED00026D0FFE7A12000F02BFD00F005F940F2DD
:106EE000E831C2F200410091888000F0FDF800997D
:106EF0000002888000F0F8F802460098818811436B
:106F00008180808845F26171884208D1FFE740F2B4
:106F1000E831C2F2004141F663108880FFE7FFE7E5
:106F2000FFE7FFE7FFE7FFE7FFE740F2E830C2F2E5
:106F30000040808847F28971884203D1FFE7FFF75C
:106F40006FFC56E040F2E830C2F20040808849F21F
:106F50004131884203D1FFE7FDF752F948E040F2A2
:106F6000E830C2F20040808845F21031884203D1F7
:106F7000FFE7FDF721FC3AE040F2E830C2F20040C2
:106F8000808847F29671884203D1FFE7FFF72CFD16
:106F90002CE040F2E830C2F20040808845F2105107
:106FA000884203D1FFE7FEF7D3FB1EE040F2E83052
:106FB000C2F20040808849F60601884203D1FFE70B
:106FC000FDF742FA10E040F2E830C2F2004080885B
:106FD00041F66311884206D1FFE7FFF75DFB6420AD
:106FE00000F066FCFFE7FFE7FFE7FFE7FFE7FFE7EB
:106FF000FFE740F2E830C2F20040808849F24131B8
:10700000884214D0FFE740F2E830C2F200408088A6
:1070100041F6631188420AD0FFE740F2E830C2F23D
:107020000040808847F2897188420ED1FFE707202F
:107030000C900E9040F24011C2F2004148688A68FC
:10704000CB6A0CA9F9F77CFA36E040F2E830C2F2DC
:107050000040808845F2103188421ED0FFE740F2A0
:10706000E830C2F20040808847F29671884214D01E
:10707000FFE740F2E830C2F20040808845F210514C
:1070800088420AD0FFE740F2E830C2F20040808830
:1070900049F6060188420ED1FFE705200C900E90BC
:1070A00040F24011C2F2004148688A68CB6A0CA9DC
:1070B000F9F746FAFFE7FFE7FFE70020FCF754FF88
:1070C000FFE740F60040C5F602004FF40041012200
:1070D00003F0DDFEFFE74FF6FF70FCF70DFF40B059
:1070E00080BD00000000000081B00020C6F2010059
:1070F0000088ADF80200BDF8020001B07047000042
:1071000080B588B08DF81F000020ADF81C0040F25B
:10711000E830C2F20040807901280AD1FFE740F24E
:10712000E830C2F20040808841F66311884212D1F3
:10713000FFE740F2E830C2F200408079002838D101
:10714000FFE740F2E830C2F20040808841F6631168
:1071500088422ED1FFE79DF81F00014605910728C0
:1071600026D80599DFE801F004080C1014181C203B
:1071700006208DF81F001BE007208DF81F0017E088
:1071800004208DF81F0013E005208DF81F000FE08C
:1071900001208DF81F000BE000208DF81F0007E094
:1071A00003208DF81F0003E002208DF81F00FFE789
:1071B000FFE79DF81F0001460491072838D804997D
:1071C000DFE801F004050C131A21282F30E0BDF888
:1071D0001C0040F08000ADF81C0029E0BDF81C0048
:1071E00040F04000ADF81C0022E0BDF81C0040F06B
:1071F000C000ADF81C001BE0BDF81C0040F02000F2
:10720000ADF81C0014E0BDF81C0040F06000ADF8C3
:107210001C000DE0BDF81C0040F0A000ADF81C0003
:1072200006E0BDF81C0040F0E000ADF81C00FFE7F0
:1072300040F2E830C2F20040808845F210518842A6
:1072400005D1FFE74FF45850ADF81A0003E036209F
:10725000ADF81A00FFE740F2E830C2F20040808843
:1072600049F24131884214D0FFE740F2E830C2F2DF
:107270000040808847F2897188420AD0FFE740F2D7
:10728000E830C2F20040808847F29671884207D108
:10729000FFE7BDF81C0040F00800ADF81C00FFE758
:1072A000BDF81A00BDF81C1000F05EFB40F2E8309B
:1072B000C2F20040808841F66311884235D0FFE772
:1072C000BDF81C008006002817D5FFE740F2E83122
:1072D000C2F200410888498888420DDAFFE740F28F
:1072E000E831C2F200410888ADF8180048880880EB
:1072F000BDF818004880FFE716E040F2E831C2F21E
:1073000000410888498888420DDDFFE740F2E831F6
:10731000C2F200410888ADF8180048880880BDF81E
:1073200018004880FFE7FFE7FFE740F2E830C2F2CD
:107330000040808845F21051884258D1FFE740F262
:10734000E830C2F200400390408900F0F1FA0020DA
:10735000029000F0DDFA03984089013080B200F01D
:10736000E7FA029800F0D4FA03984089023080B21C
:1073700000F0DEFA039800880138C0F30F2000F017
:10738000C7FA03984089033080B200F0D1FA03981D
:1073900000880138C0B200F0BBFA0398808900F081
:1073A000C7FA029800F0B4FA03988089013080B2DD
:1073B00000F0BEFA029800F0ABFA03988089023020
:1073C00080B200F0B5FA039840880138C0F30F206E
:1073D00000F09EFA03988089033080B200F0A8FA8A
:1073E000039840880138C0B200F092FA33E040F2CE
:1073F000E830C2F200400190408900F099FA002084
:10740000009000F085FA009800F082FA0198008858
:107410000138C0F30F2000F07BFA01980088013892
:10742000C0B200F075FA0198808900F081FA0098E6
:1074300000F06EFA009800F06BFA0198408801386D
:10744000C0F30F2000F064FA019840880138C0B200
:1074500000F05EFAFFE708B080BD00000000000009
:1074600080B586B0ADF81600ADF8141040F2E830E3
:10747000C2F20040808841F66311884261D1FFE783
:1074800040F2E830C2F200408079F0B9FFE740F204
:10749000E830C2F200400288BDF81610C94311441A
:1074A000ADF81610408900F043FA0020049000F077
:1074B0002FFA049800F02CFA9DF8170000F028FA33
:1074C0009DF8160000F024FA1DE040F2E830C2F208
:1074D00000400390408900F02BFA9DF8170000F05F
:1074E00017FA9DF8160000F013FA03980088013887
:1074F000C0F30F2000F00CFA039800880138C0B2E6
:1075000000F006FAFFE740F2E830C2F200400290D5
:10751000808900F00DFA9DF8150000F0F9F99DF84A
:10752000140000F0F5F9029840880138C0F30F20EC
:1075300000F0EEF9029840880138C0B200F0E8F996
:1075400050E040F2E830C2F20040808845F210512D
:10755000884229D1FFE740F2E830C2F200400190B2
:10756000408900F0E5F99DF8170000F0D1F9019885
:107570004089013080B200F0DBF99DF8160000F080
:10758000C7F90198808900F0D3F99DF8150000F043
:10759000BFF901988089013080B200F0C9F99DF8E7
:1075A000140000F0B5F91CE040F2E830C2F20040EF
:1075B0000090408900F0BCF99DF8170000F0A8F990
:1075C0009DF8160000F0A4F90098808900F0B0F949
:1075D0009DF8150000F09CF99DF8140000F098F952
:1075E000FFE7FFE706B080BD10B588B08C46864641
:1075F0000B980A99ADF81EE0ADF81CC08DF81B2061
:107600008DF81A308DF81910ADF816009DF81A1083
:10761000C808012202EBD1024B07002B18BF10460D
:10762000490848438DF815009DF81B0020388DF857
:107630001B009DF81A000C3801460191142839D816
:107640000199DFE801F00B3737371737373737370E
:10765000373721373737373737372D009DF81B003D
:1076600000EB40014BF61A00C9F2000000EB81006C
:10767000049020E09DF81B104BF68E40C9F20000EC
:1076800000EB0110049016E09DF81B0000EBC00118
:107690004CF27E20C9F2000000EB810004900AE069
:1076A0009DF81B104CF6DA70C9F2000000EBC11017
:1076B000049000E07FE0BDF81C00ADF80E00002053
:1076C0008DF80D00FFE79DF80D009DF8151088421C
:1076D00071DAFFE704989DF80D10405C8DF80B00FF
:1076E00000208DF80C00FFE79DF80C0007285BDCFC
:1076F000FFE79DF80B000006002809D5FFE7BDF85D
:107700001E00BDF81C10BDF81620FCF751FD10E05E
:107710009DF8190060B9FFE7BDF81E00BDF81C1008
:1077200040F20802C2F200421268FCF741FDFFE796
:10773000FFE79DF80B0040008DF80B00BDF81C0022
:107740000130ADF81C00BDF81C0040F2E831C2F277
:1077500000414988884201DBFFE72CE0BDF81C00AE
:10776000BDF80E10401A9DF81A10884215D1FFE797
:10777000BDF80E00ADF81C00BDF81E000130ADF8DC
:107780001E00BDF81E0040F2E831C2F20041098837
:10779000884201DBFFE70EE006E0FFE79DF80C0002
:1077A00001308DF80C009FE7FFE79DF80D000130D8
:1077B0008DF80D0087E708B010BD00000000000044
:1077C00010B588B08C4686460C980B990A99ADF88E
:1077D0001EE0ADF81CC0ADF81A20ADF818308DF8D9
:1077E0001710ADF814009DF81E008DF81300BDF8B9
:1077F0001E10BDF81A000844ADF81A00BDF81C10A0
:10780000BDF818000844ADF81800FFE70B980178A0
:1078100000207E29039008DCFFE70B980178002008
:107820001F29C8BF01200390FFE70398C007D0B30A
:10783000FFE7BDF81E00BDF81A1088420CDBFFE719
:107840009DF81300ADF81E009DF81710BDF81C0040
:107850000844ADF81C00FFE7BDF81C00BDF8181087
:10786000884201DBFFE71EE0BDF81E00BDF81C10DA
:107870000B9A12789DF81730BDF814C0EE46CEF87A
:1078800004C04FF0000CCEF800C0FFF7ADFE9DF82D
:107890001710BDF81E0000EB5100ADF81E000B984C
:1078A00001300B90B2E708B010BD000000000000EE
:1078B00080B582B08DF80700BE2000F039F80520B1
:1078C00000F026F89DF8070000EE100AB8EEC00B95
:1078D0009FED0D1B20EE010BBCEEC00B10EE100A4D
:1078E00000F016F8012000F013F8FF2000F010F867
:1078F0000020009000F00CF8009800F009F802B0A9
:1079000080BD00BF00BF00BF666666666666044055
:1079100081B0ADF80200BDF80200ADF80200BDF87C
:1079200002000021C6F20101088001B0704700008A
:1079300081B0ADF80200BDF80200ADF80200BDF85C
:1079400002004FF6FE71C6F20001088001B07047D8
:1079500040F2E830C2F2004000894FF6FE71C6F2F4
:10796000000108807047000081B0ADF80200ADF85A
:107970000010BDF802004FF6FE71C6F2000108804B
:10798000BDF800000021C6F20101088001B0704777
:1079900080B58CB000200B900A9009900890079059
:1079A000FFE7FFE744F24050C5F60200016841F0EE
:1079B00008010160006806900698FFE7FFE7FFE70F
:1079C000FFE744F24050C5F60200016841F00401AF
:1079D0000160006805900598FFE7FFE74FF48040DD
:1079E0000790012001900890022002900990002049
:1079F00003900A9040F60040C5F6020007A90491E2
:107A000003F013FA019B029A0398049907930893D1
:107A100009920A9040F60000C5F6020003F005FA4C
:107A2000FFE740F60040C5F602004FF48041012216
:107A300003F02DFAFFE7FFE740F60000C5F602006D
:107A40000122114603F023FAFFE70CB080BD0000CD
:107A500080B582B0019040F2F830C2F20040C18A95
:107A60000139008B0138019A6B461A608AB283B2E1
:107A70000021084600F0A4F802B080BD000000001C
:107A800080B5A4B0229001A8842103F00AFA42F242
:107A9000D860C2F20640002101604162C164022147
:107AA00041672299C0F88C1003F032FA20B1FFE749
:107AB00001208DF88F0011E04FF4803001900020FC
:107AC000129001A803F0F2F920B1FFE701208DF830
:107AD0008F0003E000208DF88F00FFE79DF88F00F6
:107AE00024B080BD0000000081B08DF803009DF837
:107AF000031040F2F830C2F200404175407D48B9B1
:107B0000FFE740F2F831C2F200414868C8820868D5
:107B1000088308E040F2F831C2F200410868C882E8
:107B200048680883FFE701B07047000000000000CC
:107B300080B582B0ADF80600ADF80410009240F2B6
:107B4000F830C2F20040407DF8B9FFE7009840F2FB
:107B5000F83CC2F2004C9CF8142040F28C01C2F2B6
:107B6000004151F822109CF81A20DCF80030DCF8B3
:107B700004E0BDF806C06FEA0C0CF444BDF804E064
:107B800003FB0CE35A43885216E0009840F2F833A6
:107B9000C2F200431A7D40F28C01C2F2004151F85A
:107BA00022109A7E1B68BDF804C0BDF806E003FBF6
:107BB0000CE35A438852FFE702B080BD000000008A
:107BC00089B0DDF824C0ADF82200ADF82010ADF882
:107BD0001E20ADF81C300020029040F2F830C2F2B6
:107BE0000040407DE8BBFFE7BDF81E0040F2F831E1
:107BF000C2F200414968884209D3FFE740F2F830F9
:107C0000C2F2004040680138ADF81E00FFE7BDF841
:107C1000220040F2F831C2F200414968884209D39B
:107C2000FFE740F2F830C2F2004040680138ADF89A
:107C30002200FFE7BDF82000069040F2F830C2F2C3
:107C400000404268BDF81E10C94311440591BDF8BB
:107C50001C1004914168BDF82200C0430844039001
:107C60000CE0BDF822000690BDF820000590BDF89C
:107C70001E000490BDF81C000390FFE740F2F831AD
:107C8000C2F200410A680498069BC01AC04310441F
:107C9000ADF806000A7D40F28C00C2F2004050F8B8
:107CA0002220887E0968059BDDF818C001FB03C10E
:107CB00000FB0120009041F20001C5F2002108689C
:107CC00020F0010008604FF44030086041F23402B7
:107CD000C5F2002202201060BDF8060041F2400209
:107CE000C5F200221060009841F23C02C5F2002269
:107CF00010600398059A801A0130049A069BD21AE4
:107D0000013240EA024041F24402C5F20022106012
:107D1000099841F23802C5F200221060086840F06C
:107D200001000860FFE741F20400C5F2002000688E
:107D30008007002809D4FFE7029801300290B0F5CF
:107D4000001F01D3FFE700E0EDE741F20801C5F2B3
:107D50000021086840F00200086009B07047000088
:107D600080B594B000201290119010900F900E905A
:107D700000F002FAADF84E00BDF84E0044F2423178
:107D8000884219D1FFE740F2F831C2F200410C916C
:107D90004FF4F07008604FF488704860012008814B
:107DA0004881282088810820C88105220A824882CB
:107DB0002120FFF765FE99E0BDF84E0047F28401EF
:107DC00088421AD1FFE740F2F831C2F200410B912C
:107DD0004FF4487008604FF4F0704860012008814B
:107DE00048812E2088811720C881D2200882162041
:107DF00048820920FFF744FE77E0BDF84E0047F2C5
:107E0000160188421AD1FFE740F2F831C2F2004170
:107E10000A914FF4806008604FF416704860142097
:107E2000088103224A818C228A81C881A02008828D
:107E30000C2048820620FFF723FE55E0BDF84E00D7
:107E400047F2180188420BD1FFE740F2F831C2F245
:107E500000414FF4A06008604FF44870486042E071
:107E6000BDF84E0044F2843188421BD1FFE740F256
:107E7000F831C2F2004109914FF4487008604FF4A4
:107E8000F07048605820088128204881302088817F
:107E90002020C8810D200882032048820920FFF796
:107EA000EFFD1FE0BDF84E0041F21801884218D1E5
:107EB000FFE740F2F831C2F2004108914FF4A060B0
:107EC00008604FF4487048608C2008810A2048817F
:107ED0008881C8810882032048820620FFF7D0FDF0
:107EE000FFE7FFE7FFE7FFE7FFE7FFE740F2F831D3
:107EF000C2F20041086840F2E832C2F2004210804B
:107F00004868508040F28C02C2F2004240F2000009
:107F1000C7F20000106002208876FFE7FFE744F216
:107F20004050C5F60200016841F008010160006898
:107F30000D900D98FFE7FFE74FF400400E900120F1
:107F40000F9010900220119040F60040C5F60200FC
:107F50000EA902F06AFF40F29401C2F2004141F220
:107F60000000C5F200000860002048608860C8601A
:107F7000BDF84E0041F21801884208D1FFE740F2F7
:107F80009401C2F200414FF08050086106E040F2D7
:107F90009401C2F2004100200861FFE740F2F8328C
:107FA000C2F2004206921089411E40F29400C2F2D1
:107FB000004005904161518901398161118993899E
:107FC00019440139C1615189D389194401390162C8
:107FD00011899389194413681944013941625189FF
:107FE000D3891944536819440139816211899389ED
:107FF000194413681944138A19440139C16251891B
:10800000D389194453681944528A114401390163D0
:108010000021079180F8361080F8351080F8341070
:10802000F8F7A6FC0598F8F7F7FC079840F28C01E2
:10803000C2F2004109686A46D060072393600623B4
:10804000536010600222FF2300F01EF80698079A82
:1080500003888088694608601046114600F064F87D
:10806000079800F039F9FFE740F60040C5F6020036
:108070004FF40041012202F00AFFFFE74FF0FF300A
:10808000FFF7E6FC14B080BDB0B592B094468E46C2
:108090000446199818981799169A8DF84740CDF804
:1080A00040E08DF83FC08DF83E308DF83D208DF8D2
:1080B0003C108DF83B0001A80090342102F0F1FE45
:1080C000009900200190029040F2F832C2F2004282
:1080D00013680393536804939DF83F3005939DF80C
:1080E0003E3006939DF83D3007939DF83C301B02CF
:1080F00008939DF83B300993109B0A9313680B93E8
:1081000052680C928DF836008DF8350019988DF86C
:1081100034009DF8472040F29400C2F20040F8F786
:10812000C7FB12B0B0BD000080B584B0844606988D
:108130008DF80FC0ADF80C10ADF80A20ADF808307E
:10814000ADF80600BDF80C10BDF80A209DF80F3000
:1081500040F29400C2F200400090F8F78DFE0098C3
:10816000BDF80810BDF806209DF80F30F8F7D0FED6
:1081700004B080BD0000000080B592B000201090D7
:108180000F900E900D900C90FFE744F24050C5F612
:108190000200016841F00101016000680A900A983C
:1081A000FFE7FFE744F24050C5F60200016841F0E6
:1081B00002010160006809900998FFE7FFE744F2B7
:1081C0004050C5F60200016841F0400101600068BE
:1081D00008900898FFE7042005900C9000200D906F
:1081E000012002900E9002200F900020C5F60200A0
:1081F00006900CA9009102F018FE00994FF48060DF
:1082000003900C9040F20040C5F60200049002F08A
:108210000CFE009902980C9041F60000C5F6020091
:10822000019002F002FE0198029902F076FE039995
:1082300002460498002A18BF01228DF82F2002F070
:108240006CFE059903460698002B18BF01239DF884
:108250002F2042EA43028DF82F2002F05EFE0146F5
:10826000002918BF01219DF82F0040EA81008DF8F8
:108270002F009DF82F0001460791052823D8079964
:10828000DFE801F003080D12171C44F24230ADF88C
:1082900046001CE047F28400ADF8460017E047F2C4
:1082A0001600ADF8460012E047F21800ADF846009F
:1082B0000DE044F28430ADF8460008E041F21800C9
:1082C000ADF8460003E00020ADF84600FFE7BDF83A
:1082D000460012B080BD000081B08DF803009DF80B
:1082E000030040F2F831C2F20041087501B0704756
:1082F00080B582B08DF8070004208DF806009DF847
:10830000072040F20C00C2F20040009000EB820017
:10831000C0694FF65C71C9F2000151F822109DF856
:1083200006204A43002100F047F800989DF8071006
:108330000144012081F8300002B080BD000000003F
:1083400083B08DF80B00002001900090FFE70098AB
:108350009DF80B204FF65C71C9F2000151F8221014
:10836000884217D2FFE79DF80B1040F20C00C2F2D2
:10837000004000EB8100C069009950F8210020B155
:10838000FFE7019801300190FFE7FFE70098013017
:108390000090DCE701984FF47A7148439DF80B2078
:1083A0004FF65C71C9F2000151F82210B0FBF1F0F8
:1083B00080B203B07047000084B003908DF80B10BA
:1083C000019203980090FFE70198411E019138B196
:1083D000FFE79DF80B0000994A1C00920870F3E734
:1083E00004B070470000000080B586B0059004918D
:1083F00045F29000C2F206400068029042F240400E
:10840000C2F206400268002182F859100068043068
:1084100001F046F988B9FFE742F24040C2F2064057
:108420000068C16A012000FA01F244F69071C2F2BC
:10843000064108689043086000E0FFE705980130B6
:1084400018BBFFE7049800B3FFE745F26801C2F2EA
:10845000064148680190019A42F24040C2F206404B
:1084600003689A60019A92680368DA6002680432CD
:10847000019B9B685A6002680432019B9A60006805
:1084800041610868013008603DE0029805990844A0
:108490000390039842F24041C2F2064109684860E5
:1084A0000398029988420ED2FFE742F25040C2F28E
:1084B0000640006842F24041C2F2064109680431B8
:1084C00001F032F91EE042F24840C2F20640006874
:1084D00042F24041C2F206410968043101F024F938
:1084E000039844F6F471C2F206410968884207D243
:1084F000FFE7039844F6F471C2F20641086000E019
:10850000FFE7FFE7FFE706B080BD000000000000C6
:1085100080B582B0019001F06BF944F68071C2F22F
:10852000064108680130086042F24040C2F206404D
:10853000006898B9FFE7019842F24041C2F2064153
:10854000086044F68070C2F206400068012803D13A
:10855000FFE700F005FB00E0FFE71CE045F25C00F0
:10856000C2F206400068A0B9FFE742F24040C2F202
:1085700006400068C06A0199C96A884207D8FFE7C7
:10858000019842F24041C2F20641086000E0FFE774
:1085900000E0FFE7FFE744F68C70C2F20640016896
:1085A000013101600068019948640198C16A0120A5
:1085B00000FA01F244F69071C2F2064108681043D5
:1085C00008600198C06A00EB800042F25841C2F294
:1085D000064101EB8000406800900098019A90608D
:1085E00000988068019AD06001980430009A9268DF
:1085F000506001980430009A9060019AD06A00EBB4
:10860000800001EB800050610198C06A00EB80029D
:1086100051F82200013041F8220001F019F945F229
:108620005C00C2F206400068C8B1FFE742F2404079
:10863000C2F206400068C06A0199C96A88420CD239
:10864000FFE74EF60451CEF200014FF08050086073
:10865000BFF34F8FBFF36F8F00E0FFE700E0FFE74E
:1086600002B080BD0000000080B582B001F0C0F80B
:1086700045F29400C2F206400068B0BBFFE744F642
:108680009470C2F20640009001F02EF844F6A870F3
:10869000C2F20640019001F027F80099019842F2D9
:1086A0004442C2F20642116042F25441C2F2064113
:1086B000086005201021002201F002FD014645F26C
:1086C0009400C2F206400160006860B1FFE745F225
:1086D0009400C2F20640006840F24501C9F201016F
:1086E00001F06EF900E0FFE700E0FFE701F0B0F80D
:1086F00002B080BD0000000080B582B0FFE744F604
:108700008470C2F20640006808B3FFE701F070F819
:1087100045F27C00C2F20640C068C0680190019832
:10872000043000F0BDFF44F68071C2F206410868D3
:108730000138086044F68471C2F2064108680138C5
:10874000086001F085F8019800F092F8D7E702B0D0
:1087500080BD00000000000080B582B00190009153
:108760000198006CB8B1FFE70199C8680A6C104421
:10877000C86001988168C068884204D3FFE7019906
:108780000868C86000E0FFE70098019AD168126CA1
:10879000F7F767FCFFE702B080BD000000000000B3
:1087A00080B586B005900491039200200290059850
:1087B000806B01900598006C78B9FFE70598006818
:1087C00048B9FFE70598806802F072F802900599B1
:1087D0000020886000E0FFE741E00398B8B9FFE7B8
:1087E000059A04995068126CF7F73BFC05994868A4
:1087F0000A6C10444860059948688968884204D327
:10880000FFE705990868486000E0FFE726E0059A61
:108810000499D068126CF7F724FC0599C8680A6CB3
:10882000801AC86005980168C068884206D2FFE7D0
:10883000059988680A6C801AC86000E0FFE7039811
:10884000022809D1FFE7019820B1FFE7019801381C
:10885000019000E0FFE700E0FFE7FFE7FFE7019896
:10886000013005998863029806B080BD00000000C1
:1088700080B582B001900198006B01F011F8019869
:1088800001F00EF802B080BD82B0019042F2444087
:10889000C2F2064000680068B0FA80F04009019911
:1088A00008600198006848B9FFE742F24440C2F20C
:1088B00006400068C0680068009002E00020009058
:1088C000FFE7009802B0704784B04FF4205000904A
:1088D00042F27570C2F2064001909DF80400400714
:1088E00088B1FFE7019807300190019820F0070058
:1088F0000190019A42F27571C2F206410098891AFC
:1089000008440090FFE701980290029945F2600048
:10891000C2F206400160002141600298009A1044B2
:108920000190019808380190019820F0070001900B
:10893000019A42F24C40C2F2064002600268516065
:1089400002681160029903910199039A891A516092
:108950000068039908600398406844F6F071C2F219
:10896000064108600398406844F6E871C2F2064187
:10897000086044F6BC71C2F206414FF00040086046
:1089800004B070470000000080B582B00190FFE79E
:10899000FFF7B2FE42F25840C2F2064000680228D9
:1089A0000CD3FFE74EF60451CEF200014FF0805099
:1089B0000860BFF34F8FBFF36F8F00E0FFE7E7E77B
:1089C00080B584B0DDF818C00390029101928DF853
:1089D0000330029818B9FFE70698006003E0019899
:1089E00006990860FFE703980699C86302980699FC
:1089F00008640698012101F0B3FB9DF80300069975
:108A000081F8500006990020886404B080BD000001
:108A100080B588B0DDF834C0DDF830C0DDF82CC09A
:108A2000DDF828C007900691059204930C98006B1E
:108A300005998900A52202F075FA0C98006B05993A
:108A400000EB810004380390039820F007000390A6
:108A50009DF80C00400768B1FFE74FF6DB70C9F2E4
:108A6000000040F22201C9F201014FF4587202F0F5
:108A70005FFAFFE70698F8B1FFE700200290FFE7F2
:108A800002980F2813D8FFE70698029A805C0C9989
:108A9000114481F8340006980299405C08B9FFE758
:108AA00005E0FFE7FFE7029801300290E8E70C9944
:108AB000002081F8430004E00C99002081F8340084
:108AC000FFE70A9820280DD3FFE74FF6DB70C9F2C5
:108AD000000040F22201C9F2010140F2973202F097
:108AE00027FAFFE70A98202803D3FFE71F200A9000
:108AF00000E0FFE70A980C99C8620A980C99C864CC
:108B00000C990020019008650C98043000F004FED8
:108B10000C98183000F000FE01980C9909610A9930
:108B2000C1F120010C9A91610C9949620C99486538
:108B30000C9981F858000C9981F85900039807990D
:108B4000049A00F019FD0C9908600B9820B1FFE71A
:108B50000C980B99086000E0FFE708B080BD0000AA
:108B600080B584B000200390FFE703981F2810D839
:108B7000FFE7039800EB800142F25840C2F2064042
:108B800000EB810000F0B0FDFFE703980130039097
:108B9000EBE744F6C070C2F20640019000F0A4FD7D
:108BA00044F6D470C2F20640029000F09DFD45F2FA
:108BB0000800C2F2064000F097FD45F27C00C2F2C8
:108BC000064000F091FD45F26800C2F2064000F058
:108BD0008BFD0199029842F24842C2F206421160AE
:108BE00042F25041C2F20641086004B080BD00006C
:108BF00083B0029045F26000C2F206400190FFE7A8
:108C0000019800680299884205D2FFE7FFE70198C2
:108C100000680190F4E70198009000980199496874
:108C200008440299884209D1FFE7029842680199F5
:108C30004868104448600198029000E0FFE70298FD
:108C4000009000980299496808440199096888428F
:108C500020D1FFE70198006842F24C41C2F2064180
:108C6000096888420DD0FFE70198006842680299C0
:108C700048681044486001980068006802990860DC
:108C800007E042F24C40C2F20640006802990860D8
:108C9000FFE704E00198006802990860FFE7019887
:108CA0000299884204D0FFE702980199086000E029
:108CB000FFE703B07047000080B586B005900491CF
:108CC000039202930020019004980599486005984A
:108CD000006104980399884216D8FFE70398029927
:108CE000401A05998969884203D3FFE70120019062
:108CF00009E042F25440C2F206400068059904318E
:108D000000F012FDFFE717E003980299884208D2AD
:108D1000FFE704980299884203D3FFE701200190FE
:108D200009E042F24440C2F206400068059904316D
:108D300000F0FAFCFFE7FFE7019806B080BD0000F5
:108D400080B582B0019000F053FD0198806B18B996
:108D5000FFE70120009002E000200090FFE700F014
:108D600077FD009802B080BD80B584B00390039871
:108D7000806C029000200190029868B9FFE74FF6DE
:108D8000DB70C9F200004FF6EB71C9F2000140F64A
:108D9000D53202F0CDF8FFE70298806B0299C96BDB
:108DA00088420DD3FFE74FF6DB70C9F200004FF6A3
:108DB000EB71C9F2000140F6D63202F0B9F8FFE7D4
:108DC0000298806B0299C96B88423BD2FFE70298F8
:108DD00090F845008DF80300029803A90022FFF7E0
:108DE000DFFC01909DF90300013088B9FFE702988C
:108DF000406A58B1FFE70298243001F0F9FD18B13C
:108E0000FFE70120019000E0FFE700E0FFE718E046
:108E10009DF903007F280DD1FFE74FF6DB70C9F203
:108E200000004FF6EB71C9F2000140F6F63202F095
:108E30007FF8FFE79DF803000130029981F84500B3
:108E4000FFE700E0FFE7019804B080BD00000000EC
:108E500008480068006880F308884FF0000080F33D
:108E6000148862B661B6BFF34F8FBFF36F8F00DF18
:108E700000BF000008ED00E080B584B003900291CF
:108E800042F24440C2F206400068C068C0680190E7
:108E90000198043000F004FC019890F82800400785
:108EA000002806D5FFE701980399029A00F024F9FB
:108EB00007E0019991F8280000F0FE0081F82800F1
:108EC000FFE70198016A884704B080BD00000000F8
:108ED00080B58AB0FFE745F29400C2F20640006810
:108EE00006A9002201F0C4F9002800F0B380FFE7D2
:108EF0000698B0F1FF3F19DCFFE706A804300290A6
:108F0000029868B9FFE74FF6DB70C9F2000040F243
:108F10004A01C9F2010140F2063202F009F8FFE706
:108F200002990A6848688968904700E0FFE7069858
:108F3000002800F18E80FFE70898059005984069A9
:108F400028B1FFE70598043000F0AAFB00E0FFE736
:108F500004A800F00DF9039006980138014601912C
:108F6000082800F274800199DFE801F00505323A23
:108F70005D0505323A00059991F8280040F001009E
:108F800081F828000598079B81691944039AFFF727
:108F900093FED8B1FFE7059890F828004007002815
:108FA00008D5FFE70598079982691144039A00F0F4
:108FB000A3F807E0059991F8280000F0FE0081F879
:108FC0002800FFE70598016A884700E0FFE73FE0D7
:108FD000059991F8280000F0FE0081F8280037E09C
:108FE000059991F8280040F0010081F828000798C1
:108FF000059988610598806968B9FFE74FF6DB70CD
:10900000C9F2000040F24A01C9F2010140F25932AE
:1090100001F08EFFFFE70598039B816919441A460A
:10902000FFF74AFE14E0059890F828008007002812
:1090300004D4FFE7059800F033FC07E0059991F8A8
:10904000280000F0FE0081F82800FFE700E0FFE7BD
:10905000FFE740E70AB080BD80B584B0039002917D
:1090600000F00EFF684600F083F801900098D8BB2E
:10907000FFE7029860B9FFE703980199884207D893
:10908000FFE701F081FD03980199FFF7F5FE2AE063
:10909000029858B1FFE742F25440C2F2064000681D
:1090A0000068B0FA80F040090290FFE745F29400B2
:1090B000C2F2064000680399019A891A029A00F0E8
:1090C000DFFC01F061FD60B9FFE74EF60451CEF21E
:1090D00000014FF080500860BFF34F8FBFF36F8FD8
:1090E00000E0FFE7FFE702E001F04EFDFFE704B01C
:1090F00080BD00000000000080B584B003900291A4
:109100000192FFE70398029B81691944019AFFF7D6
:10911000D3FD48B1FFE703988169029808440290A3
:109120000398016A8847EDE704B080BD00000000A5
:1091300042F24840C2F206400068006840B9FFE7CA
:1091400044F6F471C2F206414FF0FF3008600CE0C3
:1091500042F24840C2F206400068C068006844F627
:10916000F471C2F206410860FFE77047000000009A
:1091700080B582B0019001F05BFA0090009842F255
:109180003C41C2F206410968884206D2FFE700F07E
:1091900013F801990120086003E00199002008609C
:1091A000FFE7009842F23C41C2F206410860009895
:1091B00002B080BD0000000080B582B0FFE742F23F
:1091C0004440C2F206400068006870B1FFE742F216
:1091D0004440C2F206400068C068006801900198EF
:1091E0004FF0FF31FFF748FEE9E742F24442C2F296
:1091F00006421068009042F25441C2F206410868EB
:1092000010600098086002B080BD000000000000FF
:1092100080B582B00020009040F24C00C2F20040C5
:109220000068013060B1FFE74FF6DB70C9F2000063
:1092300040F2AB01C9F20101E12201F079FEFFE742
:109240004FF0500072B680F31188BFF36F8FBFF3F9
:109250004F8F62B60190FFE7009808B9FFE7FBE780
:1092600002B080BD0000000080B584B00390FFE72D
:1092700001A8FFF709FB029002980199FFF7ECFEA5
:10928000FFF726FEF4E7000080B582B0019000F001
:10929000AFFA019890F845008DF80300FFE79DF9BB
:1092A0000300012825DBFFE70198806C50B1FFE740
:1092B0000198FFF759FD18B1FFE700F011FD00E03C
:1092C000FFE710E00198406A58B1FFE701982430A9
:1092D00001F08EFB18B1FFE700F002FD00E0FFE7B0
:1092E00000E006E0FFE79DF8030001388DF8030079
:1092F000D5E70199FF2081F8450000F0A9FA00F0B8
:1093000077FA019890F844008DF80200FFE79DF984
:109310000200012816DBFFE70198006980B1FFE732
:109320000198103001F064FB18B1FFE700F0D8FCA1
:1093300000E0FFE79DF8020001388DF8020000E030
:1093400000E0E4E70199FF2081F8440000F080FA92
:1093500002B080BD0000000080B586B005900020FE
:10936000019000F08DFD42F24C40C2F206400068D0
:1093700018B9FFE7FFF7A8FA00E0FFE7059844F601
:10938000BC71C2F206410968084240F0DA80FFE78A
:10939000059890B3FFE7059901F1080088422CD9A0
:1093A000FFE70598083005909DF81400400710B3BA
:1093B000FFE7059921F007000830884217D9FFE739
:1093C000059820F00700083005909DF8140040072C
:1093D00060B1FFE74FF6DB70C9F2000040F27601A2
:1093E000C9F201019C2201F0A3FDFFE702E0002089
:1093F0000590FFE700E0FFE702E000200590FFE7AF
:109400000598002800F09B80FFE7059844F6E87176
:10941000C2F206410968884200F29180FFE745F2F6
:109420006000C2F20640039000680490FFE70498D1
:109430004168059A00209142009007D2FFE7049806
:109440000068002818BF01200090FFE70098C007BF
:1094500030B1FFE704980390049800680490E6E7B1
:10946000049842F24C41C2F206410968884264D035
:10947000FFE703980068083001900498006803999A
:109480000860049840680599401A112822D3FFE724
:1094900004980599084402909DF80800400760B1BF
:1094A000FFE74FF6DB70C9F2000040F27601C9F227
:1094B0000101CF2201F03CFDFFE7049840680599C7
:1094C000401A029948600598049948600298FFF78D
:1094D0008FFB00E0FFE70498426844F6E870C2F2B0
:1094E00006400168891A0160006844F6F071C2F212
:1094F0000641096888420BD2FFE744F6E870C2F2E1
:109500000640006844F6F071C2F20641086000E0CF
:10951000FFE744F6BC70C2F206400268049948684E
:109520001043486004990020086044F6FC71C2F2C0
:10953000064108680130086000E0FFE700E0FFE74F
:1095400000E0FFE701F020FB9DF80400400768B150
:10955000FFE74FF6DB70C9F2000040F27601C9F276
:1095600001014FF4887201F0E3FCFFE7019806B0B7
:1095700080BD00000000000083B0029001910092C5
:1095800002980438029002994FF0807008600298A7
:1095900004380290019820F00100029908600298B6
:1095A00004380290029949F21120C9F200000860C3
:1095B00002981438029000980299086002980438C2
:1095C000029002996FF00200086002982038029021
:1095D000029803B07047000080B586B0059000F097
:1095E00007F942F20F70039047F22F510491FAF7F6
:1095F000DFF903980499FAF713FA40F28400C2F2F3
:109600000040694648600220086049F23960C9F2AA
:1096100000004FF69671C9F200018022002300F08D
:109620009FFF40F28000C2F20040006800F098FA0C
:1096300000F00EF906B080BD80B584B00190002026
:109640000090FFE7009801300090052822D1FFE745
:109650004FF68370C9F2000001F06AFC4FF0500031
:1096600072B680F31188BFF36F8FBFF34F8F62B66E
:10967000029041F2883001F041FC4FF67070C9F25F
:10968000000001F055FC00200390039981F311883C
:109690000090FFE74FF47A7000F026FAD2E700005E
:1096A00082B001900198006900900198416880683B
:1096B0008860019948688968486000984068019905
:1096C000884205D1FFE7019880680099486000E072
:1096D000FFE70199002008610099086801380860D7
:1096E0000098006802B0704781B00090009901F1C5
:1096F0000800486000994FF0FF308860009901F140
:109700000800C860009901F1080008610099002074
:10971000086001B07047000081B0009000990020FF
:10972000086101B07047000084B003900291029874
:10973000006800900098013020B9FFE703980069A5
:10974000019010E0039808300190FFE7019840680D
:1097500000680099884205D8FFE7FFE70198406854
:109760000190F3E7FFE7019840680299486002988A
:109770004168886001980299886002980199486060
:10978000039802990861039908680130086004B0E1
:10979000704700000000000083B002900191029821
:1097A000406800900098019948600098806801998D
:1097B00088600198009989684860019800998860DC
:1097C000029801990861029908680130086003B0A5
:1097D0007047000000000000DFF80C00016841F451
:1097E000700101607047000088ED00E0000000009B
:1097F00080B582B04FF0500072B680F31188BFF38D
:109800006F8FBFF34F8F62B6019040F24C00C2F2EF
:1098100000400168013101600068012816D1FFE7AE
:109820004EF60450CEF200000068000668B1FFE773
:109830004FF6DB70C9F2000040F2AB01C9F2010142
:109840004FF4CD7201F074FBFFE7FFE702B080BD7B
:1098500080B582B040F24C00C2F20040006868B9A6
:10986000FFE74FF6DB70C9F2000040F2AB01C9F22E
:10987000010140F2A11201F05BFBFFE740F24C0056
:10988000C2F20040016801390160006830B9FFE7A9
:1098900000200190019880F31188FFE702B080BD9D
:1098A00080B584B00390039802900398002860D09C
:1098B000FFE70298083802900298019001984068EA
:1098C00044F6BC71C2F20641096808420DD1FFE7B7
:1098D0004FF6DB70C9F2000040F27601C9F20101D7
:1098E0004FF4927201F024FBFFE70198006868B121
:1098F000FFE74FF6DB70C9F2000040F27601C9F2D3
:10990000010140F2251201F013FBFFE701984068C6
:1099100044F6BC71C2F206410968084227D0FFE74D
:109920000198006808BBFFE744F6BC70C2F206402D
:109930000268019948689043486000F0A1FA0198D4
:10994000426844F6E871C2F20641086810440860B3
:109950000198FFF74DF945F20001C2F2064108688F
:109960000130086001F010F900E0FFE700E0FFE7D8
:10997000FFE704B080BD00004EF21001CEF20001FE
:10998000002008604EF21802CEF20002106040F291
:109990000400C2F20040006844F6D352C1F26202F1
:1099A000A0FB02024FF0FF3000EB92104EF21402C7
:1099B000CEF200021060072008607047000000002F
:1099C00080B584B003900291039868B9FFE74FF621
:1099D000DB70C9F200004FF6EB71C9F2000140F6EE
:1099E000C82201F0A5FAFFE7002000900298C8B352
:1099F000FFE700200190FFE70198072831D8FFE733
:109A00000398019A45F21C01C2F2064101EBC20122
:109A10004968884209D1FFE7019945F21C00C2F26A
:109A2000064000EBC10000901BE0009890B9FFE7F2
:109A3000019945F21C00C2F2064050F8310048B9C5
:109A4000FFE7019945F21C00C2F2064000EBC1009D
:109A5000009000E0FFE7FFE7FFE701980130019089
:109A6000CAE7FFE7009838B1FFE70298009908605D
:109A7000039800994860FFE704B080BD0000000033
:109A800080B584B003900291019203980090FFF793
:109A9000AFFE009890F94400013028B9FFE7009923
:109AA000002081F84400FFE7009890F9450001305C
:109AB00028B9FFE70099002081F84500FFE7FFF78C
:109AC000C7FE0098806B38B9FFE7009824300299F0
:109AD000019A00F031F900E0FFE70098FFF7D4FBAE
:109AE00004B080BD0000000080B582B0019000206D
:109AF00000900198F0B1FFE744F68870C2F206408A
:109B0000006868B1FFE74FF6DB70C9F2000040F271
:109B10002201C9F2010140F2495201F009FAFFE7BE
:109B200000F0AEF901980021FEF75EFC01F02CF880
:109B3000009000E0FFE7009860B9FFE74EF604519F
:109B4000CEF200014FF080500860BFF34F8FBFF39B
:109B50006F8F00E0FFE702B080BD00000000000052
:109B600080B584B00390FFF743FE039838B9FFE750
:109B700042F24040C2F206400068019002E00398C1
:109B80000190FFE70198029002980430FFF788FDEA
:109B9000D0B9FFE70298C06A00EB800142F258405A
:109BA000C2F2064050F8210068B9FFE70298C16A86
:109BB000012000FA01F244F69071C2F206410868F1
:109BC00090430860FFE700E0FFE70298806A28B151
:109BD000FFE702981830FFF763FD00E0FFE744F667
:109BE0008C71C2F20641086801300860029842F2A6
:109BF0004041C2F206410968884210D1FFE702984D
:109C0000011D45F27C00C2F20640FFF7C5FD44F697
:109C10008471C2F2064108680130086009E044F628
:109C20008071C2F20641086801380860FFF780FAC7
:109C3000FFE7FFF70DFE029842F24041C2F20641F3
:109C40000968884204D0FFE70298FEF711FEFFE79B
:109C500045F25C00C2F20640006858B3FFE7029884
:109C600042F24041C2F206410968884220D1FFE732
:109C700044F68870C2F20640006868B1FFE74FF60C
:109C8000DB70C9F2000040F22201C9F2010140F28A
:109C9000DC4201F04DF9FFE74EF60451CEF200012F
:109CA0004FF080500860BFF34F8FBFF36F8F00E01D
:109CB000FFE7FFE704B080BD81B0009044F6F87084
:109CC000C2F2064000680099086045F29000C2F2B6
:109CD000064000680099486001B07047000000002D
:109CE00045F29C01C2F20641012008607047000065
:109CF00080B582B001900091019868B9FFE74FF6F6
:109D0000DB70C9F2000040F22201C9F2010140F605
:109D10001C4201F00DF9FFE7019842F24041C2F206
:109D2000064109681831FFF7FFFC00980121FEF792
:109D30005BFB02B080BD000080B584B0039002914F
:109D40000192039868B9FFE74FF6DB70C9F2000093
:109D500040F22201C9F2010140F6524201F0E8F856
:109D6000FFE7039840680090009842F24041C2F239
:109D700006410A68D061009880680A681062086825
:109D80001830009A9268506008681830009A906005
:109D9000039809688862039908680130086001988F
:109DA00020B1FFE74FF0FF300290FFE702980199E2
:109DB000FEF71AFB04B080BD80B584B044F6EC71A8
:109DC000C2F20641684641600023036048F68910EC
:109DD000C9F2000040F21D01C9F20101802200F029
:109DE000BFFB02900298012804D1FFE700F0E0FFDA
:109DF000029000E0FFE70298012825D1FFE74FF02D
:109E0000500072B680F31188BFF36F8FBFF34F8F8E
:109E100062B6039044F6F471C2F206414FF0FF308F
:109E2000086045F25C01C2F206410120086045F27B
:109E30009001C2F206410020086000F08DF808B1E0
:109E4000FFE700E0FFE711E00298013068B9FFE7A3
:109E50004FF6DB70C9F2000040F22201C9F20101A5
:109E60004FF4046201F064F8FFE7FFE740F2E80016
:109E7000C9F20100006804B080BD000000000000CD
:109E800044F68871C2F206410868013008607047E4
:109E900080B584B044F68870C2F20640006838B1DC
:109EA000FFE745F29C01C2F20641012008604FE045
:109EB00045F29C01C2F206410020086044F6907011
:109EC000C2F20640006803900398B0FA80F08DF863
:109ED0000B009DF80B00C0F11F000190019800EBF2
:109EE000800142F25840C2F2064050F8210068B9A1
:109EF000FFE74FF6DB70C9F2000040F22201C9F221
:109F0000010140F6024201F013F8FFE7019800EB6F
:109F1000800142F25840C2F2064000EB81000090FE
:109F2000009948684068486000994868083188424C
:109F300005D1FFE70099486840684860FFE700984E
:109F40004068C06842F24041C2F206410860FFE743
:109F500004B080BD0000000080B584B04EF2004027
:109F6000CEF20000029001780391FF210170007889
:109F70008DF807009DF8070000F0500044F6757159
:109F8000C2F20641087044F67871C2F20641072019
:109F90000860FFE79DF80700000600280DD5FFE7E1
:109FA00044F67871C2F206410868013808609DF8ED
:109FB000070040008DF80700ECE744F67870C2F225
:109FC0000640006803280DD0FFE74FF6DB70C9F2AA
:109FD000000040F2AB01C9F201014FF4A67200F09B
:109FE000A7FFFFE744F67870C2F206400068032836
:109FF0000DD0FFE74FF6DB70C9F2000040F2AB0175
:10A00000C9F2010140F2551200F092FFFFE744F659
:10A010007871C2F20641086800020860086800F41E
:10A02000E060086003984EF20041CEF20001087033
:10A030004EF62051CEF20001086840F4700008602E
:10A04000086840F070400860FFF796FC40F24C0151
:10A05000C2F20041002000900860FFF7BDFB4EF601
:10A060003471CEF20001086840F040400860FEF70D
:10A07000EFFEFFF70DFFFFF7CBF8009804B080BDAF
:10A0800080B582B04FF0500072B680F31188BFF3F4
:10A090006F8FBFF34F8F62B6009000F0D5FA40B1DA
:10A0A000FFE74EF60451CEF200014FF080500860F9
:10A0B000FFE700200190019880F3118802B080BD75
:10A0C00080B588B0079006918DF817200020049085
:10A0D000079880B3FFE707994FF0FF30B0FBF1F02E
:10A0E0000699884227D3FFE707980699484310F15D
:10A0F000550F20D8FFE70798069948430390039827
:10A100005430FFF729F90490049890B1FFE70498C0
:10A11000029002985430029007980699029A9DF88E
:10A120001730DDF810C0EE46CEF800C0FEF748FC50
:10A1300000E0FFE710E0049868B9FFE74FF6DB7036
:10A14000C9F200004FF6EB71C9F200014FF4E3725F
:10A1500000F0EEFEFFE7FFE7049808B080BD0000C6
:10A1600080B584B003900291012001900398009083
:10A17000009868B9FFE74FF6DB70C9F200004FF6B0
:10A18000EB71C9F200014FF4887200F0D1FEFFE7D5
:10A190000098002856D0FFE70098C06B002851D0E7
:10A1A000FFE70098C26B016C4FF0FF30B0FBF2F09C
:10A1B000884247D3FFE7FFF71BFB00990B68C86B8A
:10A1C0000A6C00FB023088600099002088630099C7
:10A1D0000868486000990B68C86B0A6C013800FB7E
:10A1E0000230C8600099FF2081F84400009981F88E
:10A1F00045000298D0B9FFE700980069A0B1FFE7D9
:10A200000098103000F0F4FB60B1FFE74EF6045107
:10A21000CEF200014FF080500860BFF34F8FBFF3C4
:10A220006F8F00E0FFE700E0FFE708E000981030E4
:10A23000FFF75AFA00982430FFF756FAFFE7FFF7C6
:10A2400007FB02E000200190FFE7019868B9FFE7F3
:10A250004FF6DB70C9F200004FF6EB71C9F2000156
:10A2600040F2451200F064FEFFE7019804B080BDA3
:10A2700080B58CB00A9009910892002007900A9846
:10A280000490049868B9FFE74FF6DB70C9F200004C
:10A290004FF6EB71C9F2000140F2515200F048FE56
:10A2A000FFE709990020029039B9FFE70498006C94
:10A2B000002818BF01200290FFE70298C00768B18C
:10A2C000FFE74FF6DB70C9F200004FF6EB71C9F201
:10A2D000000140F2555200F02BFEFFE700F08CF930
:10A2E00001460020019031B9FFE70898002818BF07
:10A2F00001200190FFE70198C00768B1FFE74FF622
:10A30000DB70C9F200004FF6EB71C9F2000140F2B8
:10A310005A5200F00DFEFFE7FFE7FFF769FA0498D5
:10A32000806B0390039830B3FFE704980999FEF718
:10A3300013FA039801380499886304980069A0B15E
:10A34000FFE70498103000F053FB60B1FFE74EF6D2
:10A350000451CEF200014FF080500860BFF34F8FE0
:10A36000BFF36F8F00E0FFE700E0FFE7FFF770FA51
:10A3700001200B906DE0089828B9FFE7FFF768FA15
:10A3800000200B9065E0079830B9FFE705A8FFF7BC
:10A3900093FC0120079000E0FFE7FFE7FFE7FFF7EE
:10A3A00057FAFFF76DFDFFF723FA049890F9440080
:10A3B000013028B9FFE70499002081F84400FFE745
:10A3C000049890F94500013028B9FFE7049900206E
:10A3D00081F84500FFE7FFF73BFA05A808A900F060
:10A3E0003BF830BBFFE70498FEF7AAFCD0B1FFE7CB
:10A3F000049824300899FFF77BFC0498FEF744FF8B
:10A4000000F0C2FB60B9FFE74EF60451CEF2000146
:10A410004FF080500860BFF34F8FBFF36F8F00E0A5
:10A42000FFE705E00498FEF72FFF00F0ADFBFFE724
:10A430000EE00498FEF728FF00F0A6FB0498FEF754
:10A440007FFC18B1FFE700200B9002E0FFE7FFE779
:10A4500063E70B980CB080BD80B586B00590049181
:10A46000059868B9FFE74FF6DB70C9F2000040F2CB
:10A470002201C9F2010140F6FD4200F059FDFFE75B
:10A48000049868B9FFE74FF6DB70C9F2000040F2AC
:10A490002201C9F2010140F6FE4200F049FDFFE74A
:10A4A000FFF7A6F945F29000C2F20640006802905C
:10A4B000029805994968401A019042F24040C2F260
:10A4C0000640006890F8590058B1FFE742F240405A
:10A4D000C2F206400168002081F859000120039073
:10A4E00037E004980068013018B9FFE700200390B6
:10A4F0002EE044F6F870C2F206400068059909683B
:10A5000088420CD0FFE7029805994968884206D333
:10A51000FFE70120039004990020086017E00198EC
:10A520000499096888420BD2FFE7019A04990868E8
:10A53000801A08600598FFF7BFFB0020039005E034
:10A5400004990020086001200390FFE7FFE7FFE780
:10A55000FFE7FFF77DF9039806B080BD000000001B
:10A5600070B58CB0DDF844C0DDF840C00B900A91A6
:10A57000ADF826200893BDF826008000FEF7ECFE1B
:10A580000590059880B1FFE75C20FEF7E5FE079097
:10A59000079820B1FFE705980799086303E005983D
:10A5A000FFF77EF9FFE702E000200790FFE707983A
:10A5B000D8B1FFE70B980A99BDF82620089BDDF873
:10A5C00040C0119C079DEE460026CEF80C60CEF8E8
:10A5D0000850CEF80440CEF800C0FEF719FA0798EC
:10A5E000FDF796FF0120069003E04FF0FF30069044
:10A5F000FFE706980CB070BD81B045F25C00C2F276
:10A600000640006818B9FFE7012000900DE044F60D
:10A610008870C2F20640006818B9FFE70220009077
:10A6200002E000200090FFE7FFE7009801B07047CC
:10A6300081B045F29000C2F2064000680090009898
:10A6400001B070470000000080B588B00020059080
:10A6500044F68870C2F206400068002840F01B8172
:10A66000FFE745F29001C2F206410868013004900C
:10A6700004980860049868BBFFE742F24840C2F2C1
:10A6800006400068006868B1FFE74FF6DB70C9F26A
:10A69000000040F22201C9F2010140F6C72200F099
:10A6A00047FCFFE742F24842C2F2064210680390BC
:10A6B00042F25041C2F206410868106003980860F7
:10A6C00044F6F871C2F20641086801300860FEF7EE
:10A6D0002FFD00E0FFE7049844F6F471C2F2064152
:10A6E00009688842C0F0B680FFE7FFE742F24840C1
:10A6F000C2F206400068006840B9FFE744F6F47112
:10A70000C2F206414FF0FF300860A2E042F248403A
:10A71000C2F206400068C068C068079007984068A9
:10A72000069004980699884207D2FFE7069844F6F7
:10A73000F471C2F2064108608BE0FFE707984069B8
:10A74000029007988168C068886007998868C9681E
:10A7500048600298406807990431884205D1FFE7B4
:10A760000798C06802994860FFE707990020486190
:10A7700002990868013808600798806AF8B1FFE715
:10A780000798806A01900798C169006A88600799F4
:10A79000C869096A48600198406807991831884279
:10A7A00005D1FFE70798006A01994860FFE707991C
:10A7B00000208862019908680138086000E0FFE71E
:10A7C0000798C16A012000FA01F244F69071C2F2C2
:10A7D00006410868104308600798C06A00EB8000D3
:10A7E00042F25841C2F2064101EB800040680090FD
:10A7F0000098079A906000988068079AD060079840
:10A800000430009A9268506007980430009A906073
:10A81000079AD06A00EB800001EB80005061079836
:10A82000C06A00EB800251F82200013041F822009A
:10A830000798C06A42F24041C2F206410968C96AFB
:10A84000884203D3FFE70120059000E0FFE7FFE720
:10A850004CE7FFE742F24040C2F206400068C06A9F
:10A8600000EB800142F25840C2F2064050F821004D
:10A87000022803D3FFE70120059000E0FFE745F23F
:10A880009C00C2F20640006818B1FFE70120059065
:10A8900000E0FFE707E045F20401C2F20641086864
:10A8A00001300860FFE7059808B080BD0000000097
:10A8B00080B584B003900398029000200190039823
:10A8C000002800F09180FFE7029842F24041C2F276
:10A8D0000641096888420DD0FFE74FF6DB70C9F2E8
:10A8E000000040F22201C9F2010141F24F0200F0E2
:10A8F0001FFBFFE70298006D68B9FFE74FF6DB70BA
:10A90000C9F2000040F22201C9F2010141F25002F5
:10A9100000F00EFBFFE70299086D01380865029907
:10A92000C86AC96C88425DD0FFE70298006D0028B4
:10A9300056D1FFE702980430FEF7B2FE68B9FFE790
:10A940000298C16A012000FA01F244F69071C2F245
:10A95000064108689043086000E0FFE70299C86C70
:10A96000C8620299C86AC0F1200088610298C16A71
:10A97000012000FA01F344F69072C2F20642116817
:10A98000194311600299C96A01EB810142F25842F0
:10A99000C2F2064202EB8101496800910099029BD4
:10A9A000996000998968029BD96002990431009BE3
:10A9B0009B68596002990431009B9960029BD96A97
:10A9C00001EB810102EB810159610299C96A01EB36
:10A9D000810352F82310013142F82310019000E066
:10A9E000FFE700E0FFE700E0FFE7019804B080BD6B
:10A9F00080B588B007900798C068C0680690069830
:10AA000068B9FFE74FF6DB70C9F2000040F222019F
:10AA1000C9F2010140F6824200F08AFAFFE7069887
:10AA2000806A04900698C169006A88600699C869BE
:10AA3000096A48600498406806991831884205D12F
:10AA4000FFE70698006A04994860FFE7069900202E
:10AA50008862049908680138086044F68870C2F278
:10AA600006400068002857D1FFE706984069039028
:10AA700006988168C068886006998868C9684860D7
:10AA80000398406806990431884205D1FFE706988B
:10AA9000C06803994860FFE7069900204861039960
:10AAA0000868013808600698C16A012000FA01F2BE
:10AAB00044F69071C2F20641086810430860069897
:10AAC000C06A00EB800042F25841C2F2064101EB3D
:10AAD0008000406802900298069A90600298806810
:10AAE000069AD06006980430029A926850600698E0
:10AAF0000430029A9060069AD06A00EB800001EB65
:10AB0000800050610698C06A00EB800251F8220074
:10AB1000013041F822001BE045F20801C2F2064173
:10AB2000486801900198069AD06101988068069A59
:10AB3000106206981830019A926850600698183092
:10AB4000019A906006988162086801300860FFE70A
:10AB50000698C06A42F24041C2F206410968C96AD9
:10AB6000884208D9FFE70120059045F29C01C2F216
:10AB70000641086002E000200590FFE7059808B054
:10AB800080BD00000000000080B586B00020059068
:10AB9000049044F68870C2F20640006868B9FFE786
:10ABA0004FF6DB70C9F2000040F22201C9F2010148
:10ABB00040F6B30200F0BCF9FFE7FEF719FE44F6D9
:10ABC0008870C2F2064001680139016000680028FF
:10ABD00040F0E780FFE744F68070C2F2064000686C
:10ABE000002800F0DD80FFE7FFE745F20800C2F231
:10ABF00006400068002800F09080FFE745F208005A
:10AC0000C2F20640C068C06805900598806A03904B
:10AC10000598C169006A88600599C869096A486031
:10AC20000398406805991831884205D1FFE70598D7
:10AC3000006A03994860FFE705990020886203993C
:10AC40000868013808600598406902900598816895
:10AC5000C068886005998868C9684860029840683B
:10AC600005990431884205D1FFE70598C06802992B
:10AC70004860FFE70599002048610299086801389B
:10AC800008600598C16A012000FA01F244F690714B
:10AC9000C2F206410868104308600598C06A00EBDC
:10ACA000800042F25841C2F2064101EB8000406848
:10ACB00001900198059A906001988068059AD0608B
:10ACC00005980430019A9268506005980430019A02
:10ACD0009060059AD06A00EB800001EB8000506123
:10ACE0000598C06A00EB800251F82200013041F85B
:10ACF00022000598C06A42F24041C2F2064109684A
:10AD0000C96A884207D3FFE745F29C01C2F20641B7
:10AD10000120086000E0FFE767E7059818B1FFE74A
:10AD2000FEF706FAFFE745F20400C2F206400068AB
:10AD300000900098E0B1FFE7FFE7FFF785FC38B12E
:10AD4000FFE745F29C01C2F206410120086000E0E5
:10AD5000FFE7009801380090FFE700980028ECD149
:10AD6000FFE745F20401C2F206410020086000E05E
:10AD7000FFE745F29C00C2F20640006870B1FFE7B1
:10AD8000012004904EF60451CEF200014FF08050A5
:10AD90000860BFF34F8FBFF36F8F00E0FFE7FFE75F
:10ADA00000E0FFE7FEF754FD049806B080BD000008
:10ADB00080B584B000200390FDF756FC45F2940066
:10ADC000C2F206400068B8B1FFE745F29800C2F24F
:10ADD0000640694648601F20086049F26920C9F2B0
:10ADE000000040F26E01C9F201014FF480720023AD
:10ADF000FFF7B6FB039000E0FFE7039868B9FFE7B1
:10AE00004FF6DB70C9F2000040F24A01C9F20101BD
:10AE100040F2191200F08CF8FFE7039804B080BDEF
:10AE200040F2B97CC0F6000C604740F2B14CC0F66D
:10AE3000000C604742F6C94CC0F6000C604742F671
:10AE4000D15CC0F6000C604742F2911CC0F6000CC9
:10AE5000604742F2B91CC0F6000C604742F2591C30
:10AE6000C0F6000C604742F2E90CC0F6000C6047E7
:10AE700042F2211CC0F6000C604740F6B11CC0F63F
:10AE8000000C604740F6991CC0F6000C604740F289
:10AE9000897CC0F6000C604740F2513CC0F6000CC3
:10AEA000604740F2F72CC0F6000C604740F6B93C12
:10AEB000C0F6000C604743F2395CC0F6000C6047F6
:10AEC00042F6C16CC0F6000C604743F2D13CC0F6BC
:10AED000000C604743F2594CC0F6000C604743F247
:10AEE000317CC0F6000C604743F6291CC0F6000C0C
:10AEF000604743F6E12CC0F6000C604744F2F97C51
:10AF0000C0F6000C604744F6290CC0F6000C604700
:10AF100042F2B94CC0F6000C604740F2597CC0F6D2
:10AF2000000C604740F2E92CC0F6000C60470000BE
:10AF30000FB4054B10B503A9044A029800F0CAF8F3
:10AF400010BC5DF814FB0000B948000800000024A4
:10AF50002DE9FF5F82B00021DDE90430020DDDF84C
:10AF600040B0034318D044F61050A2F2FF324243DF
:10AF70001514119801281FD0A5EB0B00401C5FEAA7
:10AF8000000A4FF000064E4FDFF83891B0465046A9
:10AF900015D5CAF1000413E0119801244AA3012831
:10AFA00001D16FEA0B010298119AC0E90031C0E9A2
:10AFB000024206B0BDE8F09FCBF10000DFE7044697
:10AFC0000021404A491842EB0450CDE9001012E03C
:10AFD000E00707D032463B4640464946F5F72FF991
:10AFE0008046894632463B4610461946F5F727F912
:10AFF00006460F466410002CEAD1DDE90401DDE9C4
:10B000000023BAF1000F06DAF5F719F942464B466C
:10B01000F5F715F905E0F5F784F942464B46F5F7E3
:10B0200080F904460E460022284BF5F701FA03D8B2
:10B030004FF0FF30014607E00022254B2046314605
:10B04000F5F756F8F5F7DCF9102409E0002C0ADBD7
:10B050000A220023F4F7D4FF039B30321A55641EF2
:10B0600050EA0102F2D1641C039AC4F111031444A2
:10B07000119A012A03D0012208430DD10AE00843A6
:10B0800004D000204FF0110B119072E7A3EB0B05D9
:10B090006D1E0DE05B4504DD4FF0000205F101057A
:10B0A00004E003DA4FF00002A5F10105002AECD01C
:10B0B00002981199C0E90231C0E9004579E7000022
:10B0C000000014400000F03F300000000000F0439A
:10B0D0000000E03F2DE9FF4F95B09B4689460646AC
:10B0E00000250FE2252877D100242746F84A0121C0
:10B0F000059400E0044316F8013F203B01FA03F0F9
:10B100001042F7D130782A2811D06FF02F03307811
:10B11000A0F13002092A16D8059A44F0020402EB85
:10B12000820203EB42021044761C0590EFE759F8C7
:10B13000042B0592002A03DA504244F4005405908F
:10B1400044F00204761C30782E2816D116F8010F30
:10B1500044F004042A280DD06FF02F023078A0F1BB
:10B160003003092B09D807EB870302EB4303C71809
:10B17000761CF3E759F8047B761C30786C280FD0E6
:10B1800006DC4C2817D068280DD06A2814D104E0BA
:10B19000742810D07A280FD10DE044F400140AE08E
:10B1A00044F4801401E044F440147278824202D1E5
:10B1B00004F58014761C761C307866280BD013DCDE
:10B1C000582877D009DC002875D04528F6D04628C5
:10B1D000F4D047281AD19DE118E0632835D06428BF
:10B1E00079D0652812D195E1702873D008DC6728E2
:10B1F000F1D069286FD06E280DD06F2806D1B5E048
:10B2000073282CD0752875D0782874D05A46179991
:10B2100090476D1C75E1C4F30250022809D0032841
:10B220000DD0D9F8001004280DD00D6009F10409E3
:10B2300067E1D9F80010EA17C1E90052F6E7D9F83A
:10B2400000100D80F2E70D70F0E719F8041B8DF87F
:10B25000001000208DF80100EA46012003E059F8B3
:10B2600004AB4FF0FF3061074FF0000102D40DE056
:10B2700008F101018846B9420FDA8045F8DB1AF877
:10B2800008100029F4D108E008F101018846814244
:10B29000FADB1AF808100029F6D105985B46A0EBF6
:10B2A000080721463846179A00F094FA284400EB24
:10B2B000080507E04DE029E10DE01AF8010B5A46B8
:10B2C00017999047B8F10108F7D25B4621463846F6
:10B2D000179A13E142E00A220092C4F302524FF09F
:10B2E000000A022A08D059F804CB032A4FEAEC716D
:10B2F0000AD00DE029E02AE009F1070121F0070258
:10B30000F2E802C1914609E00FFA8CFC4FEAEC71B9
:10B31000042A03D14FFA8CFC4FEAEC71002907DABA
:10B320000A460021DCF1000C61EB02012D2202E053
:10B33000220504D52B228DF80420012203E0E20728
:10B3400001D02022F7E7904659E00A2102E01022BE
:10B350000DE010214FF0000A00910BE010224FF099
:10B36000000A44F004040827009203E008224FF08A
:10B37000000A0092C4F30252022A05D059F804CB05
:10B380000021032A08D009E009F1070121F0070292
:10B39000F2E802C1914605E01FFA8CFC042A01D1B3
:10B3A0000CF0FF0C4FF00008220728D5702806D0BB
:10B3B000009B83F0100353EA0A0305D00EE04022FD
:10B3C0008DF80420012208E05CEA010206D0302258
:10B3D0008DF804208DF8050002229046009B83F032
:10B3E000080353EA0A030AD15CEA010201D16207A9
:10B3F00005D530228DF804204FF001087F1E582813
:10B4000004D034A003900EA802900DE036A0F9E716
:10B4100053466046009AF4F7F3FD84460398825C35
:10B420000298401E029002705CEA0100F0D102987E
:10B4300006A9081A00F1200A600702D524F4803416
:10B4400000E00127574502DDA7EB0A0000E00020DD
:10B4500000EB0A01009005984144401A0590E00372
:10B4600006D45B462146179A059800F0B3F90544C7
:10B47000002706E001A85A46C05D179990476D1C49
:10B480007F1C4745F6DBE0030CD55B462146179A47
:10B49000059800F09FF9054404E030205A461799BA
:10B4A00090476D1C0099481E00900029F5DC08E0CB
:10B4B000029802995A460078491C029117999047C0
:10B4C0006D1CBAF10001AAF1010AF1DC65E100008E
:10B4D000092801003031323334353637383961626A
:10B4E000636465660000000030313233343536372E
:10B4F00038394142434445460000000000F058F905
:10B500000544761C307800287FF4ECAD19B028464D
:10B51000BDE8F08F620700D4062709F1070222F088
:10B52000070CFCE80223E14603F000485FEA080C40
:10B5300002D00FF2702C0DE05FEA045C02D50FF22E
:10B54000682C07E05FEAC47C02D00FF2602C01E0B7
:10B55000AFF2700C4FF0FF3823F00043CDF850C02D
:10B5600065280CD006DC452809D046281DD0472880
:10B570003DD13DE0662818D067287ED138E0002113
:10B58000112F01DB112000E0781CCDE9000106A994
:10B590000EA8FFF7DDFCDDE90F010E9A03910021F3
:10B5A000009207F1010A04914DE04FF0004000972E
:10B5B000CDE9011006A90EA8FFF7CAFCDDE90F02CC
:10B5C00003920E9B11990022DDF80CA000930492C7
:10B5D00011B9791C00EB010AB7EB0A0004D4C0F1E1
:10B5E000FF3007F1010A0490AAEB0700019044E044
:10B5F000012F00DA01270021112F01DD112000E0C9
:10B600003846CDE9000106A90EA8FFF7A1FCDDE947
:10B610000F010E9A0391002104910092BA4621076E
:10B620000CD40399514500DA8A46BAF1010F05DDC1
:10B63000009AAAF10101515C302908D0B84202DA1F
:10B6400010F1040F06DA0121CDE9011015E0AAF18D
:10B650000101E9E7002805DC049901440491AAEB03
:10B66000000102E0411C514500DD8A460499401A60
:10B67000401C01904FF000400290200704D4019834
:10B68000504501DBCDF8048000208DF84F00029872
:10B690000DF14F07B0F1004F25D02B200E900298EE
:10B6A0004FF0020800280CDA404202902D200E9044
:10B6B00007E00A210298F4F7E6FC3031029007F81F
:10B6C000011DB8F10001A8F10108F2DC0298002880
:10B6D000EFD1791E0E980870307800F0200040F00D
:10B6E000450007F8020D12A8C01B00F107081498C6
:10B6F000007800B1012000EB0A01019801EBE07134
:10B7000005984144401A401E0590E00306D45B466C
:10B710002146179A059800F05DF8054414980078C2
:10B7200018B15A46179990476D1CE00324D55B4623
:10B730002146179A059800F04DF805441CE004983E
:10B74000002807DBDDE90301884203DD0098405C47
:10B75000179901E0179930205A469047049805F14F
:10B760000105401C04900198401E019004D12E2038
:10B770005A46179990476D1CBAF10001AAF1010AC7
:10B78000DDDC05E017F8010B5A46179990476D1C50
:10B79000B8F10001A8F10108F4DC5B462146179AD4
:10B7A0000598ABE62D0000002B00000020000000F3
:10B7B0002DE9F041044600251E461746880404D4AE
:10B7C00005E039462020B0476D1C641EF9D5284697
:10B7D000BDE8F0812DE9F041044600251E46904663
:10B7E000C80301D5302700E02027880404D505E0F0
:10B7F00041463846B0476D1C641EF9D52846BDE861
:10B80000F081010002000400060008000A000C009C
:10B810001000200040008000000100000000000037
:10B82000000000000000000000003F400000000099
:10B83000000000003000400030004000000009001F
:10B840000BC03D000BC03D00090018C024407FE044
:10B85000224031800000180024C01B000D803240BF
:10B86000018003801C4027401C80074000401000DE
:10B870006000000000000000000000000000000068
:10B880001F80204040200000402020401F800000FA
:10B890000000090006001F800600090000000400E7
:10B8A00004003F800400040000000010006000005D
:10B8B0000000000000000400040004000400040074
:10B8C0000000000000400000000000000000002018
:10B8D00001C006003800400000001F8020402040CA
:10B8E00020401F800000000010403FC000400000CA
:10B8F000000018C021402240244018400000108061
:10B900002040244024401B80000002000D00110054
:10B910003FC0014000003C8024402440244023805C
:10B9200000001F8024402440344003800000300089
:10B93000200027C03800200000001B802440244045
:10B9400024401B8000001C0022C0224022401F8097
:10B95000000000000000084000000000000000009F
:10B9600000000460000000000000000004000A0065
:10B970001100208040400900090009000900090069
:10B98000000000004040208011000A000400180060
:10B99000200023402400180000001F802040274082
:10B9A00029401F400000004007C039000F0001C0BF
:10B9B000004020403FC0244024401B8000001F80E6
:10B9C0002040204020403080000020403FC02040E8
:10B9D00020401F80000020403FC024402E4030C047
:10B9E000000020403FC024402E00300000000F0027
:10B9F0001080204022403380020020403FC00400DD
:10BA000004003FC02040204020403FC02040204054
:10BA100000000060202020203FC0200020002040A7
:10BA20003FC024400B0030C0204020403FC0204099
:10BA30000040004000C03FC03C0003C03C003FC08D
:10BA4000000020403FC00C4023003FC020001F806A
:10BA50002040204020401F80000020403FC0244064
:10BA60002400180000001F802140214020E01FA07A
:10BA7000000020403FC02440260019C0004018C0EC
:10BA800024402440224031800000300020403FC04C
:10BA900020403000000020003F80004000403F80F8
:10BAA000200020003E0001C00700380020003800C0
:10BAB00007C03C0007C038000000204039C0060025
:10BAC00039C0204000002000384007C03840200026
:10BAD0000000304021C02640384020C00000000057
:10BAE00000007FE0402040200000000070000C00BB
:10BAF0000380004000000000402040207FE0000064
:10BB000000000000200040002000000000000010A5
:10BB10000010001000100010001000000000400095
:10BB2000000000000000000002800540054003C046
:10BB3000004020003FC0044004400380000000009B
:10BB400003800440044006400000000003800440DD
:10BB500024403FC0004000000380054005400340F2
:10BB60000000000004401FC02440244020000000CA
:10BB700002E0055005500650042020403FC004401C
:10BB8000040003C000400000044027C00040000043
:10BB9000000000100010041027E00000000020400A
:10BBA0003FC00140070004C00440204020403FC087
:10BBB00000400040000007C0040007C0040003C0AC
:10BBC0000000044007C00440040003C0004000001F
:10BBD00003800440044003800000041007F0045078
:10BBE000044003800000000003800440045007F07C
:10BBF0000010044007C002400400040000000000E0
:10BC000006400540054004C00000000004001F80FD
:10BC1000044000400000040007800040044007C0CA
:10BC200000400400070004C0018006000400060074
:10BC300001C0070001C006000000044006C001006A
:10BC400006C0044000000410071004E00180060054
:10BC500004000000044005C006400440000000004D
:10BC6000000004007BE04020000000000000000015
:10BC7000FFF000000000000040207BE00400000016
:10BC80000000400080004000200020004000000034
:10BC900000000000000000000000000000000000A4
:10BCA000000000001FCC000C00000000000000009D
:10BCB0000800300060000800300060000000022032
:10BCC00003FC1E20022003FC1E20022000000000B6
:10BCD0000E1811043FFF10840C78000000000F00C4
:10BCE00010840F3800C007781884007800000078AE
:10BCF0000F8410C411240E9800E40084000808008A
:10BD0000680070000000000000000000000000005B
:10BD10000000000007E018182004400200000000A6
:10BD200040022004181807E0000000000000024054
:10BD3000024001800FF001800240024000000080BC
:10BD4000008000800FF8008000800080000000016B
:10BD5000000D000E000000000000000000000000C8
:10BD60000080008000800080008000800080000053
:10BD7000000C000C000000000000000000000000AB
:10BD80000006001800600180060018002000000076
:10BD900007F0080810041004080807F0000000006D
:10BDA000080408041FFC0004000400000000000058
:10BDB0000E0C10141024104411840E0C000000000E
:10BDC0000C1810041104110412880C7000000000FB
:10BDD00000E00320042408241FFC002400000000CD
:10BDE0001F981084110411041088107000000000C6
:10BDF00007F0088811041104188800700000000082
:10BE00001C00100010FC13001C00100000000000BB
:10BE10000E3811441084108411440E3800000000C4
:10BE20000700088C10441044088807F00000000048
:10BE300000000000030C030C0000000000000000E4
:10BE400000000001010600000000000000000000EA
:10BE500000800140022004100808100400000220A5
:10BE60000220022002200220022002200000000006
:10BE700010040808041002200140008000000000A7
:10BE80000E001200100C106C10800F00000003E078
:10BE90000C1813E4142417C4082807D00000000469
:10BEA000003C03C41C40074000E4001C00041004D4
:10BEB0001FFC1104110411040E880070000003E03F
:10BEC0000C1810041004100410081C1000001004BA
:10BED0001FFC100410041004080807F000001004F0
:10BEE0001FFC1104110417C41004081800001004EA
:10BEF0001FFC1104110017C010000800000003E02F
:10BF00000C181004100410441C78004000001004A9
:10BF10001FFC10840080008010841FFC10040000AF
:10BF2000100410041FFC10041004000000000003A3
:10BF30000001100110011FFE10001000000010048D
:10BF40001FFC110403801464181C1004000010046A
:10BF50001FFC1004000400040004000C0000100486
:10BF60001FFC1F0000FC1F001FFC10040000100439
:10BF70001FFC0C04030000E010181FFC100007F069
:10BF80000808100410041004080807F0000010044A
:10BF90001FFC10841080108010800F00000007F03C
:10BFA000081810241024101C080A07F200001004BE
:10BFB0001FFC1104110011C011300E0C0004000010
:10BFC0000E1C11041084108410441C38000018004A
:10BFD000100010041FFC10041000180000001000D6
:10BFE0001FF810040004000410041FF810001000D3
:10BFF0001E0011E0001C007013801C0010001FC008
:10C00000103C00E01F0000E0103C1FC000001004C6
:10C01000180C163401C001C01634180C100410009E
:10C020001C00130400FC13041C0010000000080492
:10C03000101C1064108413041C041018000000006D
:10C04000000000007FFE40024002400200000000AD
:10C0500030000C0003800060001C000300000000A2
:10C060004002400240027FFE00000000000000008D
:10C0700000002000400040004000200000000001BF
:10C0800000010001000100010001000100010000A9
:10C090004000400020000000000000000000000000
:10C0A0000098012401440144014400FC00041000F4
:10C0B0001FFC0088010401040088007000000000DB
:10C0C00000700088010401040104008800000000E1
:10C0D000007000880104010411081FFC0004000026
:10C0E00000F8014401440144014400C8000000007C
:10C0F000010401040FFC11041104110018000000D8
:10C1000000D601290129012901C9010600001004F6
:10C110001FFC008401000100010400FC0004000079
:10C120000104190419FC00040004000000000000D0
:10C13000000300010101190119FE000000001004B4
:10C140001FFC0024004001B4010C010400000000A9
:10C15000100410041FFC000400040000000001048F
:10C1600001FC0104010001FC0104010000FC0104C8
:10C1700001FC008401000100010400FC0004000037
:10C1800000F8010401040104010400F800000101A9
:10C1900001FF008501040104008800700000000018
:10C1A0000070008801040104010501FF0001010481
:10C1B000010401FC00840104010001800000000072
:10C1C00000CC012401240124012401980000000076
:10C1D0000100010007F80104010400000000010053
:10C1E00001F8000400040004010801FC000401003F
:10C1F00001800170000C001001600180010001F05D
:10C20000010C003001C00030010C01F00100000001
:10C210000104018C00740170018C01040000010113
:10C2200001810171000E0018016001800100000011
:10C230000184010C013401440184010C0000000060
:10C2400000000000000001003EFC4002400200002F
:10C25000000000000000FFFF0000000000000000E0
:10C26000400240023EFC010000000000000000000F
:10C27000600080008000400040002000200000009E
:10C2800000000000000000000000000000000000AE
:10C29000000000000000000000000000000000009E
:10C2A000000000000000000000000000000000008E
:10C2B000000F80380FFE380F8038000000000000AB
:10C2C0000000000000000000000000000100000667
:10C2D00000000C00003800003100000600000C00D7
:10C2E0000038000030000000000000000000618005
:10C2F0000067F807F98000618000618000618000BC
:10C3000061800067F807F98000618000000000008C
:10C310000000000001C0E003E0F006300804180847
:10C320001FFFFE040E080787F00381E000000000F5
:10C33000000001F000060C00040408060C7001F96E
:10C34000C0000E00003BE000EC18070808040C18C1
:10C350000003E00000000001E00007F003F818040B
:10C360001C0804170807E1D003C0E00023B0003C1C
:10C37000080020080000100000000000000100007C
:10C380003100003200001C0000000000000000002E
:10C39000000000000000000000000000000000009D
:10C3A00000000000000000000000000000007F000E
:10C3B00001FFC00780F00C001810000420000200EC
:10C3C00000000000002000021000040C001807808C
:10C3D000F001FFC0007F000000000000000000002E
:10C3E00000000000000000000000420000660000A5
:10C3F0006600003C0000180003FFC0001800003C6D
:10C400000000660000660000420000000000080016
:10C4100000080000080000080000080001FFC0003C
:10C4200008000008000008000008000008000000E4
:10C430000000000100003100003200001C0000007C
:10C4400000000000000000000000000000000000EC
:10C4500000000000000008000008000008000008BC
:10C4600000000800000800000800000800000800A4
:10C47000000800000000000000000000000038007C
:10C48000003800003800000000000000000000003C
:10C490000000000000000000000000000000000696
:10C4A00000001C000070000180000E000038000039
:10C4B000C0000700001C0000300000000000000069
:10C4C00000007F8001FFE003807006001804000870
:10C4D00004000806001803807001FFE0007F800060
:10C4E0000000000000000000010008010008010039
:10C4F0000803FFF807FFF800000800000800000824
:10C5000000000000000000000001C03802C0580414
:10C510000098040118040218040418061C1803F8F3
:10C520001801E0F800000000000000000001C0E079
:10C5300003C0F004000804080804080806180803EB
:10C54000F41801E7F00001E0000000000000000026
:10C5500000000300000D00001100006100008108D0
:10C5600003010807FFF80FFFF800010800010800A9
:10C5700000000000000000E007FCD00608080610DC
:10C5800008061008061008061838060FF00607C03F
:10C59000000000000000000000003F8001FFE003F9
:10C5A0008430020818041008041008041008071842
:10C5B00010030FF00007C0000000000000000000A2
:10C5C00003C0000700000600000600F80607F80692
:10C5D000180006E000070000060000000000000050
:10C5E0000001E1E003F7F00634100418080418080D
:10C5F000040C08040C0806161803F3F001C1E0004F
:10C60000000000000000F80003FC300306380402BC
:10C61000080402080402080404100308F001FFC023
:10C62000007F00000000000000000000000000008B
:10C630000000000000007038007038007038000002
:10C6400000000000000000000000000000000000EA
:10C6500000000000000000000000301A00301C0044
:10C6600000000000000000000000000000000000CA
:10C67000000000000008000014000022000041003B
:10C680000080800100400200200400100800080023
:10C690000000000000002100002100002100002116
:10C6A00000002100002100002100002100002100E5
:10C6B0000021000000000000000000000800080445
:10C6C0000010020020010040008080004100002294
:10C6D0000000140000080000000000000003C0007B
:10C6E00004C000040000080038080F3808083808A3
:10C6F00010000C300007E00003C000000000000044
:10C7000000003F8000FFE0038070020F1006708879
:10C7100004C088048308047F8802C09003012000BD
:10C72000FE400000080000180001F8003E0801C2A9
:10C730000007020007E20000FE00001FC80001F829
:10C7400000003800000804000807FFF807FFF8049D
:10C75000080804080804080804080806180803F470
:10C760001801E7F00001E0000000000000003F8039
:10C7700001FFE003807002001804000804000804B0
:10C7800000080400100600200780C000000004001C
:10C790000807FFF807FFF804000804000804000871
:10C7A00004001802001003807001FFE0007F800089
:10C7B000000004000807FFF807FFF8040808040851
:10C7C00008040808040808043E08040008060018C5
:10C7D00001006000000004000807FFF807FFF804EC
:10C7E0000808040800040800040800043E000600CD
:10C7F00000060000018000000000000000003F80F3
:10C8000001FFE00380700600180400080402080419
:10C8100002080203F00783F0000200000200040097
:10C820000807FFF807FFF8040808000800000800E0
:10C8300000080000080004080807FFF807FFF804D4
:10C8400000080000000000000400080400080400C4
:10C850000807FFF807FFF8040008040008040008B0
:10C8600000000000000000000000000600000700BB
:10C87000000104000104000104000307FFFE07FF9C
:10C88000FC04000004000004000004000807FFF896
:10C8900007FFF8040C08001800003E0004C78005DC
:10C8A00003C80600F804003804001800000804005B
:10C8B0000807FFF807FFF804000800000800000858
:10C8C00000000800000800000800001800006000D8
:10C8D000000004000807FFF807800807FC00007F3D
:10C8E000C00003F80007C000780007800807FFF8C1
:10C8F00007FFF804000804000807FFF80700080312
:10C90000C00000E000003800001E00000700000129
:10C91000C00400F007FFF8040000000000007F8062
:10C9200001FFE003807006001804000804000806F8
:10C93000001803003001FFE0007F800000000400C9
:10C940000807FFF807FFF8040408040400040400C3
:10C95000040400040400060C0003F80001F00000C9
:10C960000000000000007F8001FFE00380700600EF
:10C97000880400880400C806003C03003E01FFE66E
:10C98000007F8400000004000807FFF807FFF80498
:10C990000808040800040C00040F00040BC0061073
:10C9A000F003F03801E00800000800000001E0F8A2
:10C9B00003F030063010041808041808040C0804AA
:10C9C0000C080206180207F00781E0000000018051
:10C9D0000006000004000004000004000807FFF83F
:10C9E00007FFF8040008040000040000060000012E
:10C9F000800004000007FFE007FFF00400180000BB
:10CA000008000008000008000008000008040010EA
:10CA100007FFE004000004000006000007E0000734
:10CA2000FE00041FE00001F80000380001E0043EB1
:10CA30000007C00006000004000004000007E0003A
:10CA400007FFC0041FF80007C007F80007FF8004B5
:10CA50003FF80007C004F8000700000400000000D1
:10CA60000004000806001807C07805F1C8003E0061
:10CA7000001F800463E80780F8060018040008001F
:10CA8000000004000006000007800007E008047CA6
:10CA900008001FF80007F800180804E00807000065
:10CAA0000600000400000000000100080600380431
:10CAB00000F80403E8040F08047C0805F00807C028
:10CAC00008070018040060000000000000000000DB
:10CAD0000000000000000000003FFFFE20000220D8
:10CAE00000022000022000022000020000000000DE
:10CAF0000000000008000007000000C0000038002F
:10CB00000006000001C000003000000E000001001F
:10CB100000000000000000002000022000022000B1
:10CB2000022000022000023FFFFE00000000000083
:10CB300000000000000000000000000000000008ED
:10CB40000000100000300000200000300000100045
:10CB500000080000000000000000000001000001CB
:10CB600000000100000100000100000100000100C0
:10CB700000010000010000010000010000010000B0
:10CB80000000000000000020000020000010000055
:10CB90001000000000000000000000000000000085
:10CBA00000000000000000F00019F8001B1800222F
:10CBB00008002608002408002410003FF8001FF891
:10CBC00000000800001800000004000007FFF80F34
:10CBD000FFF000181800100800200800200800309E
:10CBE00018001FF0000FC00000000000000007C088
:10CBF000001FF00018300020080020080020080066
:10CC00003C08001C10000060000000000000000054
:10CC1000000007C0001FF00038180020080020089E
:10CC200000200804101007FFF80FFFF000001000AC
:10CC300000000000000000000007C0001FF000120C
:10CC400030002218002208002208003208001E10BE
:10CC5000000E20000000000000002000002008005E
:10CC6000200801FFF803FFF806200804200804202C
:10CC70000807200003000000000000000000000E74
:10CC8000000E6E001FF30031B10020B10020B10092
:10CC90003191001F13002E1E00200E0030000000F6
:10CCA0000004000807FFF80FFFF80010080020003C
:10CCB000002000002008003FF8001FF800000800D6
:10CCC00000000000000000000020080020080020F4
:10CCD00008063FF8063FF8000008000008000008BA
:10CCE0000000000000000000000000000000030041
:10CCF0000003002001002001002003063FFE063F44
:10CD0000FC0000000000000000000000000400081B
:10CD100007FFF80FFFF8000188000300002FC00094
:10CD200038F800203800200800000800000000004B
:10CD30000000000004000804000804000807FFF8D1
:10CD40000FFFF800000800000800000800000000C5
:10CD50000000002008003FF8003FF8001008002005
:10CD600000003FF8003FF8001008002000003FF8E6
:10CD7000003FF8000008000000002008003FF80015
:10CD80003FF8001008001000002000002008003FBD
:10CD9000F8001FF80000080000000000000007C0B5
:10CDA000000FF000183000300800200800200800B4
:10CDB0003008001830000FF00007C000000000002D
:10CDC00000002001003FFF003FFF0010110020097C
:10CDD000002008002008003038001FF0000FC000BD
:10CDE00000000000000007C0001FF00038180020FD
:10CDF00008002008002009001011001FFF003FFF5D
:10CE000000000100000000200800200800200800A9
:10CE10003FF8003FF8000808001008002008002034
:10CE200000003000003000000000000000000000A2
:10CE3000000C78001E1800330800230800210800A9
:10CE400021880021980030F00038600000000000C8
:10CE50000000200000200000200000FFF003FFF889
:10CE6000002008002008002008000030000000001A
:10CE70000000000000002000003FF0007FF80000EC
:10CE800018000008000008002010003FF8007FF0A4
:10CE90000000100000000000000020000030000032
:10CEA0003C00003F800023F0000078000070002369
:10CEB00080003C00003000002000002000003C000A
:10CEC000003FE00023F80000E0002700003E0000E3
:10CED0003FE00021F80001E0003E000020000000DB
:10CEE00000002008002008003838003E6800278035
:10CEF0000003C8002CF80038380020180020080073
:10CF00000000000000002000003003003C01003F52
:10CF1000830023EC000070002380003C0000200010
:10CF200000200000000000000000000000380800A1
:10CF300020380020F80023E8002F88003E08003841
:10CF40000800201800007000000000000000000031
:10CF50000000000000000000000008000014001F96
:10CF6000F7FC300006200002000000000000000076
:10CF700000000000000000000000000000000000B1
:10CF8000FFFFFF00000000000000000000000000A4
:10CF900000000000000000002000023000061FF723
:10CFA000FC00140000080000000000000000000069
:10CFB00000000000000000000018000060000040B9
:10CFC00000004000002000001000000800000400E5
:10CFD000000400000C000010000000000000000031
:10CFE0000000000000000000000000000000000041
:10CFF0000000000000000000000000000000000031
:10D000000000000000000000000000000000000020
:10D010000000000000000000000000000000000010
:10D020000000000000000000000000000000000000
:10D0300000000000000000000000000000000000F0
:10D0400000000000000000000000000000000000E0
:10D0500000000000000000000000000000000000D0
:10D0600000000000000000000000000000000000C0
:10D07000000007F000C007FFE1E007F001E000005A
:10D0800000C00000000000000000000000000000E0
:10D090000000000000000000000000000000000090
:10D0A0000000000000000000000000000000000080
:10D0B0000000000000000000000000000000000070
:10D0C0000000000000000000000000000000000060
:10D0D0000000000000000000000000000000000050
:10D0E00000000020000001C00000078000001F00B9
:10D0F00000001E0000001C20000001C0000007808E
:10D1000000001F0000001E0000001C0000000000C6
:10D11000000000000000000000000000000000000F
:10D1200000000000000000000000000000000000FF
:10D1300000000000000000000000000000000000EF
:10D1400000000000000000000000000000000000DF
:10D1500000000000000000000000000000000018B7
:10D160000C0000180C0000180FE0001FFC0003F872
:10D170000C0000180C0000180C0000180C0000181F
:10D180000C0000180FE0001FFC0003F80C00001852
:10D190000C0000180C00000000000000000000005F
:10D1A000000000000000000000000000000000007F
:10D1B000000000000000000000000000000000006F
:10D1C000000000000000000000000000000000005F
:10D1D000000000000000000000000000000000004F
:10D1E000000000000780007807C000FC0640010E28
:10D1F000002003070020020380200FFFFFFC020134
:10D20000C0200200E0600130704001F03F8000F07B
:10D210001F000000000000000000000000000000EF
:10D2200000000000000000000000000000000000FE
:10D2300000000000000000000000000000000000EE
:10D2400000000000000000000000000000000000DE
:10D250000000000000000000000000FE000001FFD0
:10D2600000000301800002008060030181C001FF13
:10D27000070000FE18000000E0000003BF00000CE3
:10D28000FFC00071806001C10020030180600000C8
:10D29000FFC000003F000000000000000000000090
:10D2A000000000000000000000000000000000007E
:10D2B000000000000000000000000000000000006E
:10D2C000000000000000000000000000000000005E
:10D2D0000000000000000000000000001F0000002F
:10D2E0007FC000FCC0C001FF80600303E020020299
:10D2F000782002061E2003FC074001F00380000195
:10D3000003C000011C600001E020000100200001BA
:10D31000004000000180000000000000000000004C
:10D3200000000000000000000000000000000000FD
:10D3300000000000000000000000000000000000ED
:10D3400000000000000000000000000000000000DD
:10D3500000000000000000000000000000000020AD
:10D3600000001C6000001C4000001F8000000F0037
:10D3700000000000000000000000000000000000AD
:10D38000000000000000000000000000000000009D
:10D39000000000000000000000000000000000008D
:10D3A000000000000000000000000000000000007D
:10D3B000000000000000000000000000000000006D
:10D3C000000000000000000000000000000000005D
:10D3D000000000000000000000000000000000004D
:10D3E000000000000000000000000000000000003D
:10D3F0000000000000000007F800003FFF00007878
:10D4000007C001C000E0030000300400000808006D
:10D4100000041000000200000000000000000000F6
:10D4200000000000000000000000000000000000FC
:10D4300000000000000000000000000000000000EC
:10D4400000000000000000000000000000000000DC
:10D4500000000000000000000000000000001000BC
:10D46000000208000004040000080300003001C0AE
:10D4700000E0007807C0003FFF000007F800000050
:10D48000000000000000000000000000000000009C
:10D49000000000000000000000000000000000008C
:10D4A000000000000000000000000000000000007C
:10D4B000000000000000000000000000000000006C
:10D4C000000000000000000000000000000000005C
:10D4D000000000000000000000000000000000004C
:10D4E0000000000C1800000E3800000E3800000686
:10D4F0003000000360000061438000FFFF80006196
:10D5000043000003600000063000000E3800000EEB
:10D510003800000C180000000000000000000000AF
:10D5200000000000000000000000000000000000FB
:10D5300000000000000000000000000000000000EB
:10D5400000000000000000000000000000000000DB
:10D5500000000000000000000000000000000000CB
:10D56000000000008000000080000000800000003B
:10D5700080000000800000008000007FFF000000AD
:10D58000800000008000000080000000800000009B
:10D59000800000008000000000000000000000008B
:10D5A000000000000000000000000000000000007B
:10D5B000000000000000000000000000000000006B
:10D5C000000000000000000000000000000000005B
:10D5D000000000000000000000000000000000004B
:10D5E0000001000000E3000000E2000000FC000079
:10D5F00000780000000000000000000000000000B3
:10D60000000000000000000000000000000000001A
:10D61000000000000000000000000000000000000A
:10D6200000000000000000000000000000000000FA
:10D6300000000000000000000000000000000000EA
:10D6400000000000000000000000000000000000DA
:10D6500000000000000000000000000000000000CA
:10D6600080000000800000008000000080000000BA
:10D6700080000000800000008000000080000000AA
:10D68000800000008000000080000000800000009A
:10D69000800000008000000000000000000000008A
:10D6A000000000000000000000000000000000007A
:10D6B000000000000000000000000000000000006A
:10D6C000000000000000000000000000000000005A
:10D6D000000000000000000000000000000000004A
:10D6E0000000000000C0000001E0000001E00000B8
:10D6F00000C000000000000000000000000000006A
:10D700000000000000000000000000000000000019
:10D710000000000000000000000000000000000009
:10D7200000000000000000000000000000000000F9
:10D7300000000000000000000000000000000000E9
:10D7400000000000000000000000000000000000D9
:10D7500000000000000000000000000000000000C9
:10D76000000C00000038000000E000000380000012
:10D770000E00000038000000E00000038000000EF2
:10D7800000000038000000E00000038000000E00F0
:10D790000000180000000000000000000000000071
:10D7A0000000000000000000000000000000000079
:10D7B0000000000000000000000000000000000069
:10D7C0000000000000000000000000000000000059
:10D7D0000000000000000000000000000000000049
:10D7E0000000000FF800007FFF0000F007800180BC
:10D7F00000C00300006002000020020000200200C0
:10D80000002003000060018000C000E00380007F72
:10D81000FF00000FF8000000000000000000000002
:10D8200000000000000000000000000000000000F8
:10D8300000000000000000000000000000000000E8
:10D8400000000000000000000000000000000000D8
:10D8500000000000000000000000000000000000C8
:10D8600000000000000000800020008000200080F8
:10D8700000200080006001FFFFE003FFFFE00000E8
:10D8800000600000002000000020000000200000D8
:10D890000000000000000000000000000000000088
:10D8A0000000000000000000000000000000000078
:10D8B0000000000000000000000000000000000068
:10D8C0000000000000000000000000000000000058
:10D8D0000000000000000000000000000000000048
:10D8E0000000007800E00098016001000260020082
:10D8F0000460020008600200106002002060020064
:10D900004060030080600183006001FE00E0007C55
:10D910000780000000000000000000000000000080
:10D9200000000000000000000000000000000000F7
:10D9300000000000000000000000000000000000E7
:10D9400000000000000000000000000000000000D7
:10D9500000000000000000000000000000000000C7
:10D96000000000F0078001F007C001000040020045
:10D970000020020100200201002002010020030318
:10D9800080200186804001FCC0C000787F800000BC
:10D990001E00000000000000000000000000000069
:10D9A0000000000000000000000000000000000077
:10D9B0000000000000000000000000000000000067
:10D9C0000000000000000000000000000000000057
:10D9D0000000000000000000000000000000000047
:10D9E0000800000038000000480000018800000620
:10D9F0000800000C0810003008100040081001FF5B
:10DA0000FFF003FFFFF003FFFFF00000081000002D
:10DA100008100000081000000000000000000000D6
:10DA200000000000000000000000000000000000F6
:10DA300000000000000000000000000000000000E6
:10DA400000000000000000000000000000000000D6
:10DA500000000000000000000000000000000000C6
:10DA6000000000000780001F864003E10020030241
:10DA7000002003040020030400200304002003040A
:10DA8000002003060040030301C00301FF800300E0
:10DA90007E00000000000000000000000000000008
:10DAA0000000000000000000000000000000000076
:10DAB0000000000000000000000000000000000066
:10DAC0000000000000000000000000000000000056
:10DAD0000000000000000000000000000000000046
:10DAE00000000007FC00003FFF000070C3800081C1
:10DAF00080C0010100600302002002020020020237
:10DB00000020020200200203004001C180C000C0CA
:10DB1000FF8000007E000000000000000000000008
:10DB200000000000000000000000000000000000F5
:10DB300000000000000000000000000000000000E5
:10DB400000000000000000000000000000000000D5
:10DB500000000000000000000000000000000000C5
:10DB6000000000F0000003C000000380000003007C
:10DB70000000030007E003003FE00301C0000306CC
:10DB80000000031800000360000003800000030091
:10DB90000000000000000000000000000000000085
:10DBA0000000000000000000000000000000000075
:10DBB0000000000000000000000000000000000065
:10DBC0000000000000000000000000000000000055
:10DBD0000000000000000000000000000000000045
:10DBE0001F0000783F8000FC60C0018EC04003072A
:10DBF0008020020300200201802002018020020117
:10DC0000C0200301E040018670C000FC3F80007826
:10DC10001F000000000000000000000000000000E5
:10DC200000000000000000000000000000000000F4
:10DC300000000000000000000000000000000000E4
:10DC400000000000000000000000000000000000D4
:10DC50000000000000000000000000000000003F85
:10DC6000000000FF81C001C0C1C0010060200200AF
:10DC7000202002002020020020200200206002005C
:10DC800040C00100C18000C18F00007FFE00001F66
:10DC9000F000000000000000000000000000000094
:10DCA0000000000000000000000000000000000074
:10DCB0000000000000000000000000000000000064
:10DCC0000000000000000000000000000000000054
:10DCD0000000000000000000000000000000000044
:10DCE0000000000000000000000000000000000034
:10DCF0000000000300C0000781E0000781E000038E
:10DD000000C0000000000000000000000000000053
:10DD10000000000000000000000000000000000003
:10DD200000000000000000000000000000000000F3
:10DD300000000000000000000000000000000000E3
:10DD400000000000000000000000000000000000D3
:10DD500000000000000000000000000000000000C3
:10DD600000000000000000000000000000000000B3
:10DD700000000006006600060078000000000000B9
:10DD80000000000000000000000000000000000093
:10DD90000000000000000000000000000000000083
:10DDA0000000000000000000000000000000000073
:10DDB0000000000000000000000000000000000063
:10DDC0000000000000000000000000000000000053
:10DDD0000000000000000000000000000000000043
:10DDE0000000000080000001C00000036000000689
:10DDF0003000000C180000180C0000300600006015
:10DE0000030000C001800100004002000020040067
:10DE100000100000000000000000000000000000F2
:10DE200000000000000000000000000000000000F2
:10DE300000000000000000000000000000000000E2
:10DE400000000000000000000000000000000000D2
:10DE500000000000000000000000000000000004BE
:10DE60001000000410000004100000041000000462
:10DE70001000000410000004100000041000000452
:10DE80001000000410000004100000041000000442
:10DE9000100000041000000000000000000000005E
:10DEA0000000000000000000000000000000000072
:10DEB0000000000000000000000000000000000062
:10DEC0000000000000000000000000000000000052
:10DED0000000000000000000000000000000000042
:10DEE000000004000010020000200100004000C0FB
:10DEF0000180006003000030060000180C00000CD8
:10DF0000180000063000000360000001C00000009F
:10DF10008000000000000000000000000000000081
:10DF200000000000000000000000000000000000F1
:10DF300000000000000000000000000000000000E1
:10DF400000000000000000000000000000000000D1
:10DF500000000000000000000000000000000000C1
:10DF600000000078000001F8000002380000020004
:10DF70000000040000C0040079E0040081E0040116
:10DF800000C004030000020200000306000001FCC0
:10DF9000000000F800000000000000000000000089
:10DFA0000000000000000000000000000000000071
:10DFB0000000000000000000000000000000000061
:10DFC0000000000000000000000000000000000051
:10DFD0000000000000000000000000000000000F32
:10DFE000F800003FFE000070078000C000C0010183
:10DFF000F8400307FC20021E042002300820022003
:10E000003020023FFC20013F044001800CC000E0B2
:10E010003180001FC200000000000000000000006E
:10E0200000000000000000000000000000000000F0
:10E0300000000000000000000000000000000000E0
:10E0400000000000000000000000000000000000D0
:10E0500000000000000000000000000000200000A0
:10E060000060000003E000003E200003E020003ECE
:10E07000200003E020000380200007FC2000003F78
:10E08000E0000003FE2000003FE0000001E000008F
:10E090000020000000200000000000000000000040
:10E0A0000000000000000000000000000000000070
:10E0B0000000000000000000000000000000000060
:10E0C0000000000000000000000000000000000050
:10E0D000000000000000000000000000000002003E
:10E0E00000200200002003FFFFE003FFFFE0020129
:10E0F0000020020100200201002002010020020194
:10E100000020030300200186806001FCC0C000F8ED
:10E110007F8000001F0000000000000000000000E1
:10E1200000000000000000000000000000000000EF
:10E1300000000000000000000000000000000000DF
:10E1400000000000000000000000000000000000CF
:10E1500000000000000000000000000000000007B8
:10E16000F800003FFF000070078000C000C0010001
:10E1700000400300002002000020020000200200F6
:10E1800000200200002001000040018000C003C008
:10E1900001800030060000000000000000000000C8
:10E1A000000000000000000000000000000000006F
:10E1B000000000000000000000000000000000005F
:10E1C000000000000000000000000000000000004F
:10E1D000000000000000000000000000000002003D
:10E1E00000200200002003FFFFE003FFFFE0020029
:10E1F0000020020000200200002002000020030096
:10E20000006001000040018000C000F00780007F36
:10E21000FE00000FF80000000000000000000000F9
:10E2200000000000000000000000000000000000EE
:10E2300000000000000000000000000000000000DE
:10E2400000000000000000000000000000000000CE
:10E2500000000000000000000000000000000200BC
:10E2600000200200002003FFFFE003FFFFE00201A7
:10E270000020020100200201002002010020020112
:10E28000002002038020020FE0200300006003C092
:10E2900000E000600300000000000000000000003B
:10E2A000000000000000000000000000000000006E
:10E2B000000000000000000000000000000000005E
:10E2C000000000000000000000000000000000004E
:10E2D000000000000000000000000000000002003C
:10E2E00000200200002003FFFFE003FFFFE0020127
:10E2F00000200201002002010000020100000201D2
:10E3000000000201000002038000030FE000030090
:10E31000000003C0000000600000000000000000DA
:10E3200000000000000000000000000000000000ED
:10E3300000000000000000000000000000000000DD
:10E3400000000000000000000000000000000000CD
:10E3500000000000000000000000000000000007B6
:10E36000F800003FFE000070078001C001C00100FE
:10E3700000400300002002000020020000200200F4
:10E380000020010020200100204003C03F80003019
:10E390003F8000002000000020000000000000007E
:10E3A000000000000000000000000000000000006D
:10E3B000000000000000000000000000000000005D
:10E3C000000000000000000000000000000000004D
:10E3D0000000000000000000000002000020020019
:10E3E000002003FFFFE003FFFFE0020080200200A7
:10E3F00080200000800000008000000080000200FB
:10E4000080200200802003FFFFE003FFFFE0020006
:10E4100000200200002000000000000000000000BA
:10E4200000000000000000000000000000000000EC
:10E4300000000000000000000000000000000000DC
:10E4400000000000000000000000000000000000CC
:10E4500000000000000000000000000000000000BC
:10E460000000000000000200002002000020020066
:10E4700000200200002003FFFFE003FFFFE0020096
:10E480000020020000200200002002000020000006
:10E49000000000000000000000000000000000007C
:10E4A000000000000000000000000000000000006C
:10E4B000000000000000000000000000000000005C
:10E4C000000000000000000000000000000000004C
:10E4D000000000000000000000000000000000003C
:10E4E000000E0000000F0000000F000000010200FD
:10E4F000000102000001020000030200000603FF09
:10E50000FFFC03FFFFF80200000002000000020011
:10E5100000000200000000000000000000000000F9
:10E5200000000000000000000000000000000000EB
:10E5300000000000000000000000000000000000DB
:10E5400000000000000000000000000000000000CB
:10E5500000000000000000000000000000000200B9
:10E5600000200200002003FFFFE003FFFFE00200A5
:10E57000C0200201002000078000000FE0000030F2
:10E58000F80002603E2003800F20030003E0020039
:10E5900000E0020000200000002000000000000059
:10E5A000000000000000000000000000000000006B
:10E5B000000000000000000000000000000000005B
:10E5C000000000000000000000000000000000004B
:10E5D0000000000000000000000000000000020039
:10E5E00000200200002003FFFFE003FFFFE0020025
:10E5F0000020020000200000002000000020000099
:10E60000002000000020000000200000006000004A
:10E6100000E0000003000000000000000000000017
:10E6200000000000000000000000000000000000EA
:10E6300000000000000000000000000000000000DA
:10E6400000000000000000000000000000000000CA
:10E650000000000000000000000002000020020096
:10E66000002003FFFFE003E0002003FF0020001F65
:10E67000F0000001FF8000000FE000001E0000031A
:10E68000E000003E002003E0002003FFFFE003FF66
:10E69000FFE0020000200200002000000000000057
:10E6A000000000000000000000000000000000006A
:10E6B000000000000000000000000000000000005A
:10E6C000000000000000000000000000000000004A
:10E6D0000000000000000000000002000020020016
:10E6E000002003FFFFE00380002003F0002000FC77
:10E6F0000000001F00000007C0000001F000000043
:10E700007C0002001F80020007E003FFFFE0020020
:10E7100000000200000000000000000000000000F7
:10E7200000000000000000000000000000000000E9
:10E7300000000000000000000000000000000000D9
:10E7400000000000000000000000000000000000C9
:10E750000000000000000000000000000000000FAA
:10E76000F800003FFE0000F00780018000C00100BB
:10E7700000400200002002000020020000200200F1
:10E78000002001000040018000C000F00380003F35
:10E79000FE00000FF8000000000000000000000074
:10E7A0000000000000000000000000000000000069
:10E7B0000000000000000000000000000000000059
:10E7C0000000000000000000000000000000000049
:10E7D0000000000000000000000000000000020037
:10E7E00000200200002003FFFFE003FFFFE0020023
:10E7F00080200200802002008000020080000200D1
:10E80000800002008000030180000183000000FE00
:10E810000000007C0000000000000000000000007C
:10E8200000000000000000000000000000000000E8
:10E8300000000000000000000000000000000000D8
:10E8400000000000000000000000000000000000C8
:10E850000000000000000000000000000000000FA9
:10E86000F800007FFF0000F00380018001C001007C
:10E8700006400200042002000420020006200200DC
:10E8800003E0010000F80180005C00E0038C003F21
:10E89000FF0C000FFC18000000000000000000004A
:10E8A0000000000000000000000000000000000068
:10E8B0000000000000000000000000000000000058
:10E8C0000000000000000000000000000000000048
:10E8D0000000000000000000000000000000020036
:10E8E00000200200002003FFFFE003FFFFE0020121
:10E8F000002002010020020180000201E00002016C
:10E90000FC0003033F80018607E001FC00E000F803
:10E9100000200000002000000000000000000000B7
:10E9200000000000000000000000000000000000E7
:10E9300000000000000000000000000000000000D7
:10E9400000000000000000000000000000000000C7
:10E9500000000000000000000000000000000000B7
:10E9600000000078060000FE01E0018600C00303FD
:10E9700000400203002002018020020180200201E9
:10E98000C0200200C0200100E060018070C003E0F0
:10E990003F8000001F000000000000000000000099
:10E9A0000000000000000000000000000000000067
:10E9B0000000000000000000000000000000000057
:10E9C0000000000000000000000000000000000047
:10E9D00000000000000000000000000000000060D7
:10E9E000000003800000030000000200000002009D
:10E9F00000200200002003FFFFE003FFFFE0020011
:10EA0000002002000020020000000200000003803D
:10EA1000000000E000000000000000000000000016
:10EA200000000000000000000000000000000000E6
:10EA300000000000000000000000000000000000D6
:10EA400000000000000000000000000000000000C6
:10EA500000000000000000000000020000000200B2
:10EA6000000003FFFF0003FFFFC0020000400200A0
:10EA700000600000002000000020000000200000D6
:10EA80000020020000400200008003FFFF0002009F
:10EA90000000020000000000000000000000000074
:10EAA0000000000000000000000000000000000066
:10EAB0000000000000000000000000000000000056
:10EAC0000000000000000000000000000000000046
:10EAD0000000000000000000000000000000020034
:10EAE00000000200000003C0000003FC0000023F21
:10EAF000C0000003F80000007F80000007E0000075
:10EB00000780000078000203C000023C000003C040
:10EB100000000200000002000000000000000000F1
:10EB200000000000000000000000000000000000E5
:10EB300000000000000000000000000000000000D5
:10EB400000000000000000000000000000000000C5
:10EB5000000000000000000000000200000003C0F0
:10EB6000000003FF8000023FFE0002007FE0000083
:10EB70000F000200F00003EF000003FF8000020F0F
:10EB8000FE0000003FE000001F000207E00003F865
:10EB90000000030000000200000000000000000070
:10EBA0000000000000000000000000000000000065
:10EBB0000000000000000000000000000000000055
:10EBC0000000000000000000000000000000000045
:10EBD0000000000000000000000000000000020033
:10EBE000002002000020038000E003F0032002FC6C
:10EBF0000C20021F30000007C0000007F0000218C0
:10EC00007C0002601F20038003E0020000E002009D
:10EC100000200000002000000000000000000000B4
:10EC200000000000000000000000000000000000E4
:10EC300000000000000000000000000000000000D4
:10EC400000000000000000000000000000000000C4
:10EC500000000000000000000000000000000200B2
:10EC600000000300000003C0000003F80000023EA3
:10EC70000020020FC0200001FFE000007FE0000341
:10EC80008020021C002002700000038000000200AF
:10EC90000000020000000000000000000000000072
:10ECA0000000000000000000000000000000000064
:10ECB0000000000000000000000000000000000054
:10ECC0000000000000000000000000000000000044
:10ECD0000000000000000000000000000000000034
:10ECE0000020006000E0038003E003000FA00200AA
:10ECF0003E200200F8200203E020020F8020023EA6
:10ED000000200278002003E00060038000E00200A1
:10ED100003000000000000000000000000000000F0
:10ED200000000000000000000000000000000000E3
:10ED300000000000000000000000000000000000D3
:10ED400000000000000000000000000000000000C3
:10ED500000000000000000000000000000000000B3
:10ED600000000000000000000000000000000000A3
:10ED700000001FFFFFFC1000000410000004100042
:10ED80000004100000041000000410000004100033
:10ED9000000400000000000000000000000000006F
:10EDA0000000000000000000000000000000000063
:10EDB0000000000000000000000000000000000053
:10EDC0000000000000000000000000000000000043
:10EDD0000000000000000000000000000000000033
:10EDE0000000000000000700000003C000000078E1
:10EDF0000000001E00000003C0000000F000000042
:10EE00001E0000000780000000F00000003C000031
:10EE100000060000000000000000000000000000EC
:10EE200000000000000000000000000000000000E2
:10EE300000000000000000000000000000000000D2
:10EE400000000000000000000000000000000000C2
:10EE500000000000000000000000000000000000B2
:10EE60000000100000041000000410000004100056
:10EE700000041000000410000004100000041FFF34
:10EE8000FFFC000000000000000000000000000087
:10EE90000000000000000000000000000000000072
:10EEA0000000000000000000000000000000000062
:10EEB0000000000000000000000000000000000052
:10EEC0000000000000000000000000000000000042
:10EED0000000000000000000000000000000000032
:10EEE000000000000000000000000200000004001C
:10EEF00000000800000018000000100000001800CA
:10EF000000001800000004000000020000000000E3
:10EF100000000000000000000000000000000000F1
:10EF200000000000000000000000000000000000E1
:10EF300000000000000000000000000000000000D1
:10EF400000000000000000000000000000000000C1
:10EF500000000000000000000000000000010000B0
:10EF6000000100000001000000010000000100009D
:10EF7000000100000001000000010000000100008D
:10EF8000000100000001000000010000000100007D
:10EF9000000100000001000000010000000000006E
:10EFA0000000000000000000000000000000000061
:10EFB0000000000000000000000000000000000051
:10EFC0000000000000000000000000000000000041
:10EFD0000000000000000000000000000000000031
:10EFE00000000000000010000000100000001000F1
:10EFF00000001800000008000000040000000000ED
:10F000000000000000000000000000000000000000
:10F0100000000000000000000000000000000000F0
:10F0200000000000000000000000000000000000E0
:10F0300000000000000000000000000000000000D0
:10F0400000000000000000000000000000000000C0
:10F0500000000000000000000000000000000000B0
:10F06000038000018FC000038C600006182000049C
:10F07000102000041020000420200004204000067E
:10F0800020400003FFC00001FFE00000002000005E
:10F090000020000000C00000000000000000000090
:10F0A0000000000000000000000000000000000060
:10F0B0000000000000000000000000000000000050
:10F0C0000000000000000000000000000000000040
:10F0D000000000000000000000000000000002002E
:10F0E00000000200000003FFFFE007FFFFC0000177
:10F0F00080C0000200600002002000040020000424
:10F1000000200004002000060040000300C00001B1
:10F11000FF800000FE000000000000000000000072
:10F1200000000000000000000000000000000000DF
:10F1300000000000000000000000000000000000CF
:10F1400000000000000000000000000000000000BF
:10F1500000000000000000000000000000000000AF
:10F16000000000007E000001FF80000381C000025B
:10F1700000400006002000040020000400200004DD
:10F180000020000600200003C0400001C0800000F5
:10F19000030000000000000000000000000000006C
:10F1A000000000000000000000000000000000005F
:10F1B000000000000000000000000000000000004F
:10F1C000000000000000000000000000000000003F
:10F1D000000000000000000000000000000000002F
:10F1E000000000007E000001FF80000380C00006D8
:10F1F000006000040020000400200004002002043D
:10F2000000400202008003FFFFE007FFFFC0000094
:10F21000004000000040000000000000000000006E
:10F2200000000000000000000000000000000000DE
:10F2300000000000000000000000000000000000CE
:10F2400000000000000000000000000000000000BE
:10F2500000000000000000000000000000000000AE
:10F26000000000007E000001FF80000311C00002CA
:10F27000104000041060000410200004102000045E
:10F28000102000061020000310400001F0C0000014
:10F2900071000000000000000000000000000000FD
:10F2A000000000000000000000000000000000005E
:10F2B000000000000000000000000000000000004E
:10F2C000000000000000000000000000000000003E
:10F2D000000000000000000000000000000000002E
:10F2E00000000004000000040020000400200004CE
:10F2F0000020007FFFE001FFFFE001040020030485
:10F300000020020400200204002002040000020089
:10F31000000001C0000001C000000000000000006B
:10F3200000000000000000000000000000000000DD
:10F3300000000000000000000000000000000000CD
:10F3400000000000000000000000000000000000BD
:10F3500000000000000000000000000000000000AD
:10F3600000000000001C0000E33E0003FFC200029A
:10F370000CC3000404C1000404C1000404C100045F
:10F3800004C100060CC10003F8C30005F0620006CA
:10F39000007E0006003C00000000000000000000AD
:10F3A000000000000000000000000000000000005D
:10F3B000000000000000000000000000000000004D
:10F3C000000000000000000000000000000000003D
:10F3D000000000000000000000000000000002002B
:10F3E00000200200002003FFFFE007FFFFE0000114
:10F3F00000200002002000060000000400000004BD
:10F40000000000040020000600200003FFE00001CF
:10F41000FFE00000002000000020000000000000CD
:10F4200000000000000000000000000000000000DC
:10F4300000000000000000000000000000000000CC
:10F4400000000000000000000000000000000000BC
:10F4500000000000000000000000000000000000AC
:10F460000000000000000004002000040020000450
:10F470000020000400200387FFE0038FFFE00380EB
:10F4800000200000002000000020000000200000FC
:10F49000000000000000000000000000000000006C
:10F4A000000000000000000000000000000000005C
:10F4B000000000000000000000000000000000004C
:10F4C000000000000000000000000000000000003C
:10F4D000000000000000000000000000000000002C
:10F4E000000000000000000000060000000700000F
:10F4F00000010000000100040001000400010004FC
:10F500000003000400060387FFFC038FFFF803805D
:10F5100000000000000000000000000000000000EB
:10F5200000000000000000000000000000000000DB
:10F5300000000000000000000000000000000000CB
:10F5400000000000000000000000000000000000BB
:10F5500000000000000000000000000000000200A9
:10F5600000200200002003FFFFE007FFFFE0000093
:10F57000082000001020000030000000FC00000502
:10F580008E00000707A0000601E0000400E0000470
:10F59000002000000020000000000000000000002B
:10F5A000000000000000000000000000000000005B
:10F5B000000000000000000000000000000000004B
:10F5C000000000000000000000000000000000003B
:10F5D000000000000000000000000000000000002B
:10F5E00000000000000002000020020000200200D5
:10F5F00000200200002003FFFFE007FFFFE0000003
:10F60000002000000020000000200000002000007A
:10F6100000000000000000000000000000000000EA
:10F6200000000000000000000000000000000000DA
:10F6300000000000000000000000000000000000CA
:10F6400000000000000000000000000000000000BA
:10F6500000000000000000000000000000000004A6
:10F6600000200007FFE0000FFFE000020020000480
:10F670000000000400200007FFE00003FFE000029C
:10F68000002000040000000400200007FFE0000349
:10F69000FFE000000020000000000000000000006B
:10F6A000000000000000000000000000000000005A
:10F6B000000000000000000000000000000000004A
:10F6C000000000000000000000000000000000003A
:10F6D0000000000000000000000000000000000426
:10F6E0000020000400200007FFE0000FFFE0000101
:10F6F00000200002002000020000000400000004BE
:10F70000000000040020000600200003FFE00001CC
:10F71000FFE00000002000000020000000000000CA
:10F7200000000000000000000000000000000000D9
:10F7300000000000000000000000000000000000C9
:10F7400000000000000000000000000000000000B9
:10F7500000000000000000000000000000000000A9
:10F76000000000007E000000FF80000381C0000256
:10F7700000400006002000040020000400200004D7
:10F7800000200006002000020040000381C00001AC
:10F79000FF8000007E00000000000000000000006C
:10F7A0000000000000000000000000000000000059
:10F7B0000000000000000000000000000000000049
:10F7C0000000000000000000000000000000000039
:10F7D0000000000000000000000000000000000425
:10F7E0000001000400010007FFFF000FFFFF000100
:10F7F00000C10002004100040020000400200004B9
:10F8000000200004002000060040000301C00001A9
:10F81000FF8000007E0000000000000000000000EB
:10F8200000000000000000000000000000000000D8
:10F8300000000000000000000000000000000000C8
:10F8400000000000000000000000000000000000B8
:10F8500000000000000000000000000000000000A8
:10F86000000000007E000001FF80000380C0000255
:10F8700000600004002000040020000400200004B8
:10F88000002000020041000300C10003FFFF000749
:10F89000FFFF000000010000000100000000000068
:10F8A0000000000000000000000000000000000058
:10F8B0000000000000000000000000000000000048
:10F8C0000000000000000000000000000000000038
:10F8D0000000000000000000000000000000000424
:10F8E0000020000400200004002000040020000F7D
:10F8F000FFE0000FFFE00000C02000010020000238
:10F9000000200006002000040000000400000007A2
:10F9100000000003000000000000000000000000E4
:10F9200000000000000000000000000000000000D7
:10F9300000000000000000000000000000000000C7
:10F9400000000000000000000000000000000000B7
:10F9500000000000000000000000000000000000A7
:10F960000000000003E00001C0E00003E0400006EA
:10F970003020000430200004182000041820000467
:10F98000182000040C2000020C60000307C00007D0
:10F990008380000000000000000000000000000064
:10F9A0000000000000000000000000000000000057
:10F9B0000000000000000000000000000000000047
:10F9C0000000000000000000000000000000000037
:10F9D0000000000000000000000000000000000027
:10F9E0000000000400000004000000040000000CFF
:10F9F0000000001FFF8000FFFFC000040060000443
:10FA0000002000040020000400200004004000004A
:10FA10000180000000000000000000000000000065
:10FA200000000000000000000000000000000000D6
:10FA300000000000000000000000000000000000C6
:10FA400000000000000000000000000000000000B6
:10FA500000000000000000000000000000000004A2
:10FA60000000000400000007FF80000FFFC000003E
:10FA700000600000002000000020000000200000C6
:10FA8000002000040040000400800007FFE0000F99
:10FA9000FFC0000000400000004000000000000027
:10FAA0000000000000000000000000000000000056
:10FAB0000000000000000000000000000000000046
:10FAC0000000000000000000000000000000000036
:10FAD0000000000000000000000000000000000422
:10FAE000000000040000000780000007F000000490
:10FAF000FE0000041FC0000003E0000003800000BF
:10FB00001C000004600000078000000600000004E4
:10FB100000000000000000000000000000000000E5
:10FB200000000000000000000000000000000000D5
:10FB300000000000000000000000000000000000C5
:10FB400000000000000000000000000000000000B5
:10FB5000000000000000000000000004000000069B
:10FB600000000007C0000007FC0000043F80000008
:10FB700003E000040F800006F0000007F00000071B
:10FB8000FF8000040FE00000038000043C00000739
:10FB9000C00000060000000400000000000000009B
:10FBA0000000000000000000000000000000000055
:10FBB0000000000000000000000000000000000045
:10FBC0000000000000000000000000000000000035
:10FBD0000000000000000000000000000000000025
:10FBE00000200004002000040060000700E000077F
:10FBF00083200007E6000004F80000003C00000439
:10FC00005E20000587A0000601E0000400600004FB
:10FC100000200000002000000000000000000000A4
:10FC200000000000000000000000000000000000D4
:10FC300000000000000000000000000000000000C4
:10FC400000000000000000000000000000000000B4
:10FC500000000000000000000000000000000004A0
:10FC6000000000040003000700030007E001000497
:10FC7000F80100041F02000007FC000000E0000083
:10FC80000700000438000007C00000060000000460
:10FC90000000000400000000000000000000000060
:10FCA0000000000000000000000000000000000054
:10FCB0000000000000000000000000000000000044
:10FCC0000000000000000000000000000000000034
:10FCD0000000000000000000000000000000000024
:10FCE000000000078060000600E0000403E000045C
:10FCF00007A000040E2000043C2000047020000532
:10FD0000E0200007802000070060000400E0000001
:10FD10000380000000000000000000000000000060
:10FD200000000000000000000000000000000000D3
:10FD300000000000000000000000000000000000C3
:10FD400000000000000000000000000000000000B3
:10FD500000000000000000000000000000000000A3
:10FD60000000000000000000000000000000000093
:10FD70000000000000000000800000008000000182
:10FD8000400007FE3FF808000004100000021000C9
:10FD90000002000000000000000000000000000061
:10FDA0000000000000000000000000000000000053
:10FDB0000000000000000000000000000000000043
:10FDC0000000000000000000000000000000000033
:10FDD0000000000000000000000000000000000023
:10FDE0000000000000000000000000000000000013
:10FDF00000000000000000000000FFFFFFFF000007
:10FE000000000000000000000000000000000000F2
:10FE100000000000000000000000000000000000E2
:10FE200000000000000000000000000000000000D2
:10FE300000000000000000000000000000000000C2
:10FE400000000000000000000000000000000000B2
:10FE500000000000000000000000000000000000A2
:10FE6000000010000002100000020800000407FE5D
:10FE70003FF800014000000080000000800000000A
:10FE80000000000000000000000000000000000072
:10FE90000000000000000000000000000000000062
:10FEA0000000000000000000000000000000000052
:10FEB0000000000000000000000000000000000042
:10FEC0000000000000000000000000000000000032
:10FED000000000000000000000000000000018000A
:10FEE0000000300000004000000040000000400022
:10FEF00000002000000030000000080000000400A6
:10FF000000000200000002000000020000000C00DF
:10FF100000001800000000000000000000000000C9
:10FF200000000000000000000000000000000000D1
:10FF300000000000000000000000000000000000C1
:10FF400000000000000000000000000000000000B1
:10FF50000000000000000000000000000F1700007B
:10FF60003C6C0100E1010000C3030000C30300007A
:10FF70004672656552544F53B4F2BFAAD6D0B6CF7D
:10FF80000D0A004672656552544F53B9D8B1D5D6A3
:10FF9000D0B6CF0D0A007461736B310053544D33EA
:10FFA000320041544F4D40414C49454E54454B0061
:10FFB00073746172745F7461736B00496E746572FF
:10FFC000727570740054494D33CAE4B3F60D0A00DB
:10FFD00054494D35CAE4B3F60D0A004572726F728A
:10FFE0003A2025732C2025640D0A002E2E2F2E2E4C
:10FFF0002F4D6964646C6577617265732F46726515
:02000004900169
:100000006552544F532F71756575652E6300092530
:10001000630925750925750925750D0A0049444CA4
:1000200045002E2E2F2E2E2F4D6964646C6577614E
:100030007265732F4672656552544F532F74617306
:100040006B732E6300546D7251002E2E2F2E2E2FA7
:100050004D6964646C6577617265732F467265657E
:1000600052544F532F74696D6572732E6300546D33
:100070007220537663002E2E2F2E2E2F4D6964642E
:100080006C6577617265732F4672656552544F5384
:100090002F706F727461626C652F4D656D4D616E6E
:1000A000672F686561705F342E63002E2E2F2E2E11
:1000B0002F4D6964646C6577617265732F46726554
:1000C0006552544F532F706F727461626C652F4785
:1000D00043432F41524D5F434D372F723070312FC4
:0C00E000706F72742E6300001F0000009F
:04000005080002B13C
:00000001FF
