:020000040800F2
:1000000060400624C5020008A129000891290008C3
:100010009929000879030008F92B00080000000066
:10002000000000000000000000000000B92B0008E4
:100030008103000800000000A9290008C12B000866
:10004000DF02000800000000DF020008DF020008F5
:10005000DF020008DF0200080000000000000000CE
:10006000DF020008DF020008DF02000800000000D5
:1000700000000000DF020008000000000000000097
:10008000DF020008DF020008DF020008DF020008CC
:10009000DF020008DF020008DF020008DF020008BC
:1000A000DF020008DF020008DF020008DF020008AC
:1000B000DF020008DF020008DF020008DF0200089C
:1000C000DF0200080000000000000000DF0200085E
:1000D000DF020008DF020008DF020008DF0200087C
:1000E000DF020008DF020008DF020008DF0200086C
:1000F000DF020008DF020008DF020008DF0200085C
:10010000DF020008DF020008DF020008DF0200084B
:10011000DF020008DF020008DF020008DF0200083B
:10012000DF020008DF020008DF020008DF0200082B
:10013000DF020008DF020008DF020008DF0200081B
:10014000DF020008DF020008DF020008DF0200080B
:10015000DF020008DF020008DF020008DF020008FB
:10016000DF020008DF020008DF020008DF020008EB
:10017000DF020008DF020008DF020008DF020008DB
:10018000DF020008DF020008E92B0008DF02000898
:10019000DF020008DF020008DF020008DF020008BB
:1001A000DF020008DF020008DF020008992100904A
:1001B000DF020008DF020008DF020008DF0200089B
:1001C000DF020008DF020008DF020008DF0200088B
:1001D000DF020008DF02000800000000000000004D
:1001E00000000000DF020008DF020008DF02000854
:1001F000DF020008DF02000800000000000000002D
:10020000DF020008DF020008DF020008DF0200084A
:10021000DF020008DF020008DF020008DF0200083A
:10022000DF020008DF020008DF020008DF0200082A
:10023000DF020008DF020008DF020008DF0200081A
:10024000DF020008DF020008DF020008DF0200080A
:10025000DF020008DF020008DF020008DF020008FA
:10026000DF020008DF020008DF020008DF020008EA
:10027000DF020008DF020008DF020008DF020008DA
:10028000DF020008DF020008DF020008DF020008CA
:10029000DF020008DF020008DF020008DF020008BA
:1002A000DF020008DF020008DF020008DF020008AA
:1002B000DFF80CD000F02AF800480047592E00085B
:1002C000604006240648804706480047FEE7FEE7F0
:1002D000FEE7FEE7FEE7FEE7FEE7FEE7FEE7FEE7F6
:1002E000C92B0008B1020008D2B201E000F8012BCE
:1002F000491EFBD270470022F6E710B513460A46A6
:1003000004461946FFF7F0FF204610BD1CB509480A
:100310000090094801900546009C06E0E06840F026
:10032000010394E8070098471034AC42F6D3FFF776
:10033000C3FF0000043F0008243F000830B58C18BC
:1003400010F8012B12F00F0301D110F8013B120934
:1003500006D110F8012B03E010F8015B01F8015BF6
:100360005B1EF9D101E001F8013B521EFBD1A14215
:10037000E6D3002030BD0000FEE7000000000000D2
:10038000704700000000000080B54EF2180140F2F6
:100390004432CEF20001C2F20042002351F804CCF4
:1003A000126850434FF47A7200FB02FE086800BFE7
:1003B0000A688242FCD003448242A3EB0203104647
:1003C00028BF63447345F3D380BD000000000000E4
:1003D000002908BF70472DE9F04F81B04FF67F72BA
:1003E00040F2040EC0F22902C5F6000E02EA902285
:1003F000009200F1200B00220027002429E000BF1A
:100400000323056803FA02F96FF0030303EA5403B8
:1004100045EA0905056007F01C050F2606FA05FCEC
:100420005BF8035025EA0C054BF80350836823EA78
:1004300009038360436823EA08034360C36823EA2F
:100440000903C3600134043731FA04F302F10202F4
:100450003CD0012303FA04F818EA0109F2D040F273
:10046000305324F00305C5F6000307F00C0CED58DB
:100470000F2303FA0CFA009B05EA0A0503FA0CF6AF
:10048000B542BDD1DEF87C604FF0B04326EA0906E4
:10049000CEF87C60DEF8806026EA0906CEF880603F
:1004A000DEF8006026EA0906CEF800601D68A6089E
:1004B00025EA09051D6040F23053C5F6000353F8E4
:1004C000265025EA0A0543F8265099E701B0BDE811
:1004D000F04F7047000000002DE9F04F82B00F6828
:1004E000002F00F0B2804FF67F7340F2040EC0F28E
:1004F0002903C5F6000E00F12002009203EA9022C3
:1005000000234FF0010A0025002601920AE000BFF7
:1005100001360F6837FA06F205F1020503F104030C
:1005200000F093800AFA06FC17EA0C09F0D0D1F823
:1005300004B003220BF0030702FA05F87C1E012C1D
:1005400012D88468D1F80CA024EA08040AFA05F24B
:1005500022438260CBF3001442684FF0010A22EA82
:100560000C02B44022434260032F20D0C2688C6842
:1005700022EA0802AC40022F42EA0402C26016D10D
:100580006FF0030203F01C0402EA560B009A0F27D7
:1005900052F80BC007FA04FA0F692CEA0A0C4FF064
:1005A000010A07FA04F444EA0C0742F80B700268E7
:1005B0004F6807F0030422EA0802AC4017F4403FFA
:1005C00042EA04020260A3D040F2305826F003024F
:1005D000C5F6000803F00C070F2452F808C0BC4011
:1005E0002CEA040C019C04FA07F747EA0C0742F8CE
:1005F00008704FF0B048D8F800C04F684CEA0904C2
:10060000FA0258BF2CEA0904BA02C8F80040DEF822
:1006100000C04CEA090458BF2CEA0904BA03CEF81A
:100620000040DEF880C04CEA090458BF2CEA0904F7
:10063000FF03CEF88040DEF87C2042EA090458BF70
:1006400022EA0904CEF87C4062E702B0BDE8F08FF0
:100650000069084018BF012070470000000000003A
:10066000426902EA0103914341EA03418161704713
:100670001823002A08BF2823C1507047000000003B
:1006800043F25C00C2F206400068704700000000C0
:1006900040F2341043F25C01C2F20040C2F2064163
:1006A00000780A68104408607047000000000000ED
:1006B00080B5032000F0DCF80F2000F009F80028D6
:1006C0001CBF012080BD00F08BF8002080BD000021
:1006D00040F23411C2F20041097819B310B5044652
:1006E00040F21C00C2F200404FF47A72B2FBF1F10A
:1006F0000068B0FBF1F001F04FFB0F2C01464FF00A
:1007000001000ED8002918BF10BD4FF0FF300022A5
:10071000214600F07DF840F238110020C2F200417D
:100720000C6010BD0120704710B54EF6A051437803
:10073000CEF2000190F800C041F8083C0B6823F0AD
:1007400001030B600B6823F001030B60436841F861
:10075000043C90F80CE0C27A837A447B120642EAA9
:100760000E7290F80EE042EAC342C37B42EA844232
:10077000447A42EA4E42007A42EA034242EA0422C2
:1007800042EA400040EA0C00086010BD0000000092
:100790004EF62450CEF20000BFF35F8F016821F4C3
:1007A0008031016000210167BFF34F8FBFF36F8F6E
:1007B00070470000000000004EF6245140F0010098
:1007C000CEF20001BFF35F8F0867086840F4803005
:1007D0000860BFF34F8FBFF36F8F704700000000BA
:1007E0007047000000000000002848BF704700F07C
:1007F0001F01012202FA01F14EF20012C0F34A1069
:10080000CEF2000242F82010704700000000000005
:1008100070B54EF60C5C4FF0FF36CEF2000C00F1D6
:10082000604505F56445DCF80030C3F3022E8EF018
:100830000703042B28BF0423BEF1030406FA03F3C5
:1008400021EA030100F00F0338BF0024043B002815
:10085000634406FA04F048BF03F10C05A14022EA04
:10086000000008430001287070BD00000000000077
:100870004EF60C514FF6FF03CEF200010A681A4003
:1008800060F30A2242F0806040F0FD70086070471B
:1008900070B544F60C060446C5F6020631683068A9
:1008A00001F00701062912D120F01F00204330601B
:1008B000FFF7E6FE054600BF56F8080C80070CD48B
:1008C000FFF7DEFE401BB0F57A7FF5D915E000F0AA
:1008D0001F00001B18BF012070BDA4F11D000128DE
:1008E0000DD8FFF7CDFE04463068C00307D4FFF7EC
:1008F000C7FE001BB0F57A7FF6D9012070BD00203D
:1009000070BD000000000000B0B544F61405C5F647
:100910000205296821F0010108432860FFF7B0FEB5
:10092000044600BF2868800707D4FFF7A9FE001B14
:10093000B0F57A7FF6D90120B0BD0020B0BD00002F
:1009400044F60C00C5F60200016841F00061016048
:100950007047000000000000B0B544F60C05C5F675
:100960000205286840F080702860FFF789FE044681
:100970002868400107D4FFF783FE001BB0F57A7F9B
:10098000F6D90120B0BD0020B0BD0000000000007D
:1009900044F60C00C5F60200016841F48041016094
:1009A000704700000000000044F60C00C5F602008D
:1009B000016841F400410160704700000000000040
:1009C0002DE9F041817844F22C45C5F6020549072E
:1009D00002D4002600213DE0696C11F440711ED064
:1009E000C26F02F44072914219D0D5F8D41341F489
:1009F0008071C5F8D413D5F8D413C90503D40126E2
:100A0000002179B925E0696C6A6C42F480326A642D
:100A10006A6C21F4407122F480326A6469640026B1
:100A20000121B1B1C16FB1F5807F0FD18046FFF7D1
:100A300027FE044641F28937686C800705D4FFF72A
:100A40001FFE001BB842F7D303264046002E00F0DD
:100A50000A8131460268D3073AD1930746D4530737
:100A600061D4130700F17E80930200F18480D306E5
:100A700000F19280930600F1BC80530600F11781CB
:100A8000130600F11D81D30500F12381930500F1C8
:100A90002E81130500F15781530500F16981D304BC
:100AA00000F17B81930400F1AE81530400F1C58114
:100AB000130400F1DC81D30300F1F181930300F111
:100AC000F581130300F10082D20200F1298298E23D
:100AD0004368032B00F2C280DFE803F002A8B802EB
:100AE000002E00F0AA8031469307B8D58368ABB1D9
:100AF000202B0FD0102B40F08B802F6847F400275D
:100B00002F606EB92F6A27F030073B432B625307E3
:100B1000A7D508E02F6847F480172F60002EF1D08A
:100B2000314653079DD5C368B3B1802B10D0402BFD
:100B300040F073802F6847F400272F6076B92F6A42
:100B400027F0C0073B432B6213077FF58DAF09E009
:100B50002F6847F480172F60002EF0D0314613071E
:100B60007FF582AF2B6A076923F040533B432B622A
:100B700093027FF57CAF436D23B1042B23D14FF457
:100B8000801701E04FF400272C6827432F60EEB157
:100B90003146D3067FF56EAF4369B3F1007F22D0B3
:100BA000B3F1807F1BD0002B3CD12F6847F48037F6
:100BB0002F60D6B92F6A27F040773B432B6293060C
:100BC0007FF55BAF15E00126002EE1D12F6A27F0FB
:100BD00004073B432B62D3067FF54CAFDCE72F685D
:100BE00047F000572F60002EE4D0314693067FF582
:100BF00044AF83694FEA3357052F00F2B281DFE833
:100C000007F04F034B4F4F4F2F6847F4803746E0B4
:100C10000126002E7FF484AF74E70126002E7FF4B6
:100C20009DAF8CE70126002EDFD1C3E72F6847F088
:100C300040072F60002E7FF456AF2F6A27F003077E
:100C40003B432B6293077FF50AAF4FE72F6847F4CA
:100C500080272F60002E7FF446AFEEE70126002E9E
:100C60007FF441AFE9E7C16F55F81C2C6FF03003FA
:100C700022F47C5203EA111311F47C3F18BF1A438B
:100C800001F4407145F81C2C6A6C11436964696C6D
:100C900041F4004169649DE62F6847F000672F60CA
:100CA000002E00F06281314653067FF5E9AE6B6A93
:100CB000C76923F040533B436B6213067FF5E3AEF5
:100CC0002B6A076A23F440333B432B62D3057FF53D
:100CD000DDAE436A33B1B3F5802F1ED12F6847F0E4
:100CE00080472F60E6B1314693057FF5D2AE836A27
:100CF0001BB3B3F5000F1CD0B3F5800F5CD12F6888
:100D000047F040072F60D6B96F6A27F440073B438E
:100D10006B6213057FF5C0AE15E00126002EE2D10F
:100D20002F6A27F480273B432B6293057FF5B1AEF2
:100D3000DDE72F6847F480372F60002EE4D031467E
:100D400013057FF5A9AEC36A6FF0010707EB3337D0
:100D5000022F08D34FEA33372FB1012F30D12F683C
:100D600047F000572F6076B3314653057FF597AEB5
:100D7000036B6FF0010707EB3327022F08D34FEA0D
:100D800033272FB1012F27D12F6847F000572F604D
:100D90002EB33146D3047FF585AE436B4FEA33471C
:100DA000052F00F2EB80DFE807F027032327272732
:100DB0002F6847F480371EE00126002EBFD1A3E73D
:100DC0000126002ED0D16F6A27F440573B436B6257
:100DD00053057FF564AECBE70126002ED9D16F6AAB
:100DE00027F440773B436B62D3047FF55BAED4E7D7
:100DF0002F6847F000572F60002E00F0C380314667
:100E000093047FF552AE836B4FEA3327052F00F230
:100E1000C280DFE807F00B03070B0B0B2F6847F4CA
:100E2000803702E02F6847F000572F60002E00F057
:100E3000B680314653047FF53BAEC36B4FEA333780
:100E4000052F00F2B580DFE807F00B03070B0B0B53
:100E50002F6847F4803702E02F6847F000572F6073
:100E6000002E00F0A980314613047FF524AE036CF8
:100E7000052B00F2AA80DFE803F00B03070B0B0B36
:100E80002F6847F4003702E02F6847F080572F6043
:100E9000002E00F09E803146D3037FF50FAE2B6805
:100EA00043F000532B6093037FF50BAE836CB3F1DB
:100EB000006F04D0BBB92F6847F000572F60AEB168
:100EC000314613037FF500AEC36C4FEA3347042F5E
:100ED0003BD8DFE807F0183314030300CEB13146E6
:100EE000D2021DD48DE00126002EE9D12F6A27F011
:100EF00000673B432B6213037FF5E6ADE4E72F6801
:100F000047F0006702E02F6847F040072F60002E8F
:100F1000E5D1AF6A27F4E0273B43AB62D20270D53C
:100F2000026D4FEA3253052B5CD8DFE803F0125F05
:100F300016030303002E5FD0314662E02F6847F4AA
:100F400080372F60002ECAD1E3E70126002EC6D1DC
:100F5000DFE72B6843F040034BE02B6843F000636E
:100F600047E00126002E7FF49EAE2F6A27F4E007AB
:100F70003B432B6253067FF583AD98E60126002E96
:100F80007FF43DAF6F6A27F4E0273B436B62930425
:100F90007FF58BAD37E70126002E7FF44AAFEF6A6D
:100FA00027F4E0673B43EB6253047FF581AD44E7F0
:100FB0000126002E7FF457AFEF6A27F4E0473B434A
:100FC000EB6213047FF577AD51E70126002E7FF425
:100FD00062AFEF6A27F007073B43EB62D3037FF56D
:100FE0006DAD5CE70126002EA6D105E02B6843F429
:100FF00080332B60002E9FD1AB6A23F4E0031A43A9
:10100000AA620268530227D4130248D4D30156D4EB
:10101000930100F16480530100F1BC80D30000F122
:10102000D380930000F1E880530000F1FC80B2F11E
:10103000FF3F40F30481120108D555F81C2CD0F86D
:10104000800022F40042104345F81C0C002918BF10
:1010500001210846BDE8F081836E4FEA3367032F14
:101060004CD8DFE807F0020613172F6847F0400757
:1010700002E02F6847F480272F606EB96F6A27F06F
:1010800040773B436B621302C0D508E02F6847F0FE
:1010900000572F60002EF1D031461302B6D5836D74
:1010A0004FEA3327042F00F26180DFE807F0335165
:1010B0002B030300002E33D03146D301A8D5C36DD6
:1010C0004FEA3317042F56D8DFE807F033492003DF
:1010D0000300002E33D0314693017FF59CAF036EA1
:1010E0004FEA3317052F00F2E080DFE807F04C03EA
:1010F000484C4C4C2F6847F4003743E00126002E43
:10110000CAD1BBE72F6847F0006706E02F6847F0B9
:10111000006711E02F6847F040072F60002ECBD109
:10112000AF6A27F4E0673B43AB62D3017FF570AF52
:10113000C5E72F6847F040072F60002ECBD16F6ABC
:1011400027F070073B436B6293017FF564AFC6E7FE
:101150002F6847F480372F60002EADD1E0E72F686D
:1011600047F480372F60002EB5D1E8E70126002E26
:101170007FF4A2AFD4E70126002EACD1DFE72F68C1
:1011800047F080572F60002E00F0938031465301C6
:101190007FF544AF436E4FEA3317052F00F292807C
:1011A000DFE807F00B03070B0B0B2F6847F4003742
:1011B00002E02F6847F080572F60002E00F08680F5
:1011C0003146D3007FF52DAFC36E052B00F287802B
:1011D000DFE803F00B03070B0B0B2F6847F4003716
:1011E00002E02F6847F080572F60002E00F07B80D0
:1011F000314693007FF518AF036F052B00F27C801A
:10120000DFE803F00B03070B0B0B2F6847F40037E5
:1012100002E02F6847F080572F60002E70D03146D3
:1012200053007FF504AF436F002B18BFB3F5805F09
:1012300025D1D6B13146B2F1FF3F3FF7FCAE836F07
:101240006FF0010707EBB337022F08D34FEAB3372C
:101250002FB1012F1DD12F6847F080572F60DEB1CD
:10126000012112013FF5E9AEF0E62F6A27F440575D
:101270003B432B62B2F1FF3F3FF7DDAEDFE7B3F553
:10128000005F04D12F6847F080572F60D1E7012617
:10129000CFE70126002EE3D12F6A27F440473B43D6
:1012A0002B6212013FF5C9AED0E60126002E7FF475
:1012B0006DAFAF6A27F070073B43AB6253017FF518
:1012C000ADAE67E70126002E7FF47AAFEF6A27F014
:1012D00070073B43EB62D3007FF5A3AE74E70126B2
:1012E000002E7FF485AFAF6A27F007073B43AB6260
:1012F00093007FF599AE7FE70126002E7FF48FAF34
:101300006F6A27F007073B436B6253007FF58FAE90
:1013100089E70000000000002DE9F04381B00028BB
:1013200000F0E78042F200080446C5F20028894632
:10133000D8F8000000F03F0088420ED2D8F8000034
:1013400020F03F0040EA0900C8F80000D8F800008B
:1013500000F03F00484540F0CC80206844F2204730
:101360004107C5F602070AD521693A6802F007026B
:10137000914204D93A6822F007021143396001070B
:101380000AD561693A6802F07002914204D93A685C
:1013900022F0700211433960C1060AD5A1693A688A
:1013A00002F4E062914204D93A6822F4E062114307
:1013B000396081060AD5E1693A6802F4E042914257
:1013C00004D93A6822F4E0421143396081070DD50F
:1013D000E16857F8042C02F00F02914206D957F841
:1013E000042C22F00F02114347F8041CC0076AD1F5
:1013F000206881070DD5E16857F8042C02F00F0230
:10140000914206D257F8042C22F00F02114347F8FC
:10141000041CD8F8001001F03F0149450DD9D8F857
:10142000001021F03F0141EA0901C8F80010D8F886
:10143000001001F03F0149455BD141070AD5216900
:101440003A6802F00702914204D23A6822F0070299
:101450001143396001070AD561693A6802F07002E8
:10146000914204D23A6822F0700211433960C106F9
:101470000AD5A1693A6802F4E062914204D23A685E
:1014800022F4E0621143396080060AD5E0693968C8
:1014900001F4E041884204D2396821F4E041084374
:1014A000386000F085F940F2381140F21C02C2F2B7
:1014B0000041C2F2004209681060084601B0BDE870
:1014C000F043FFF705B957F8080C20F00F01D4E9F5
:1014D0000102114347F8081C012857F8201C0CD0C2
:1014E000032804D0022829D1890302D507E0890105
:1014F00005D4012001B0BDE8F083C905F9D557F83E
:10150000101C21F00701084347F8100CFFF7B8F84A
:10151000064641F2883500BF57F8100C616800F0AC
:101520003800B0EBC10F3FF463AFFFF7A9F8801BA1
:10153000A842F1D9032001B0BDE8F0834907D8D50E
:10154000DDE700000000000080B500F031F944F252
:101550001C41C5F60201096801F00F01082938BFD6
:1015600080BD43F6B062C0F60002114411F8081CB9
:10157000C84080BD0000000010B544F21C44C5F610
:10158000020400F015F9216801F00F01082907D3C2
:1015900043F6B062C0F60002114411F8081CC840BE
:1015A000616801F00701033938BF0021C84010BD50
:1015B00010B544F21C44C5F6020400F0F9F82168A5
:1015C00001F00F01082907D343F6B062C0F600020C
:1015D000114411F8081CC8406168C1F302110339B5
:1015E00038BF0021C84010BD10B544F21C44C5F6F8
:1015F000020400F0DDF8216801F00F01082907D38B
:1016000043F6B062C0F60002114411F8081CC8404D
:101610006168C1F30221033938BF0021C84010BD01
:1016200010B544F20043C5F60203D3F838E09A6AD5
:10163000986BC2F305344CB16FF35F20D96A09058A
:1016400000F1010C04D49FED240A0CE000213CE0E1
:10165000D86B9FED221AC0F3CC0000EE100AB8EE52
:10166000400A20EE010A02F0030002280BD00128F4
:1016700006D010B91868800608D49FED171A12E03A
:101680009FED181A0FE09FED161A0CE0186849F24A
:101690000001C0F2D031C0F3C10021FA00F001EE28
:1016A000100AB8EE411A02EE104A03EE10CAB8EE64
:1016B000422AB8EE433A81EE021A30EE030A20EED7
:1016C000010ABCEEC00A10EE101ACEF3064001303B
:1016D000B1FBF0F010BD00BF0000000000000039B9
:1016E000001BB74B0024744A10B544F20043C5F602
:1016F0000203D3F840E09A6A186CC2F305544CB167
:101700006FF35F20D96A490200F1010C04D49FED08
:10171000240A0CE000213CE0586C9FED221AC0F333
:10172000CC0000EE100AB8EE400A20EE010A02F0EA
:10173000030002280BD0012806D010B918688006D3
:1017400008D49FED171A12E09FED181A0FE09FEDD5
:10175000161A0CE0186849F20001C0F2D031C0F34B
:10176000C10021FA00F001EE100AB8EE411A02EEB3
:10177000104A03EE10CAB8EE422AB8EE433A81EEA0
:10178000021A30EE030A20EE010ABCEEC00A10EE87
:10179000101ACEF306400130B1FBF0F010BD00BFCF
:1017A0000000000000000039001BB74B0024744A01
:1017B00080B544F20040C5F602000169C1F3C201E0
:1017C000032914D002290DD021BB0168890626D532
:1017D000016849F20002C0F2D032C1F3C10122FA1D
:1017E00001F161E043F20061C0F26E115CE0826AD7
:1017F000816AC36AD0F834C0C1F3051179B102F02F
:101800000302022A0DD07AB9026892060FD49FED26
:101810002D0A3BE040F60011C0F23D0144E00021FA
:1018200042E09FED270A0FE09FED240A0CE00268DA
:10183000C2F3C10E49F20002C0F2D03222FA0EF217
:1018400000EE102AB8EE400A03F001029FED1E3AA6
:10185000524202EADC026FF35F3201EE102A026BA1
:101860006FF35F2202EE102AB8EE411AB8EE422A58
:1018700001EE032A01EE101AB7EE003AB8EE411A53
:1018800080EE010A32EE031A20EE010A016BC1F369
:101890004621013101EE101AB8EE411A80EE010A1C
:1018A000BCEEC00A10EE101A806900F00F00073875
:1018B00038BF002021FA00F080BD00BF0024744A28
:1018C000001BB74B000000000000003900000000C2
:1018D00000286AD02DE9F04381B044F20046044666
:1018E000C5F602063069B16A3768227800F0380818
:1018F00001F00309D2070ED0B8F1100F07D017F08E
:10190000285F00F0C780B9F1020F40F0C380606823
:10191000002800F08B802078800748D42078C0060B
:101920000DD5B8F1080F07D017F0285F00F004813B
:10193000B9F1010F40F00081206A002876D02078AC
:10194000000777D42078800600F18B80207840074C
:1019500000F1CE80214651F8240F002800F03A8192
:10196000B8F1180F40F02C8101285FD0706BA16C8A
:10197000C0F3CC00814200F02D81F06A20F001001C
:10198000F062FEF77DFE0546FEF77AFEA842FBD028
:10199000706B4FF6F871A26C884340EAC200706326
:1019A000F06A40F00100F06214E101207047B8F1E4
:1019B000000F05D017F0285F79D0B9F1000F76D16C
:1019C000E06898B3B9F1000F306807D117F02851DB
:1019D00004D000F018002169884227D130682169BD
:1019E00020F01800B8F1000F40EA010040F00100BB
:1019F00030600DD1306840F21C0249F20001C2F2A1
:101A00000042C0F3C100C0F2D03121FA00F01060F2
:101A100040F23810C2F200400068FEF759FE00287C
:101A200000F0F680012001B0BDE8F083012001B094
:101A3000BDE8F083A0690028706F6AD040F0010013
:101A40007067FEF71DFE0546706F80073FF57AAFA1
:101A5000FEF716FE401B0128F6D9032001B0BDE8B1
:101A6000F083E0690028306800F0978040F48050EF
:101A70003060FEF705FE0546306880043FF566AF2E
:101A8000FEF7FEFD401B01284FF00300F4D901B022
:101A9000BDE8F08361683068B1F5A02F64DA0029F1
:101AA00000F0DF80B1F5803F00F0EE80CEE0E0682E
:101AB0003168002800F0B48021F01901D4E9042332
:101AC000114308433060706820F0FE4040EA036034
:101AD0007060FEF7D5FD0546306840073FF51EAF44
:101AE000FEF7CEFD401B01284FF00300F4D9CEE7EE
:101AF000D6F8000440F48070C6F80004A568306F82
:101B0000042D3DDC002D00F0FC80012D00F00C8147
:101B1000ECE020F001007067FEF7B2FD054600BF63
:101B2000706F80077FF50EAFFEF7AAFD401B0128FE
:101B30004FF00300F4D9AAE7206A0028306800F0CB
:101B4000C38040F080003060FEF79AFD054600BF7C
:101B50003068C0053FF5F3AEFEF792FD401B01284B
:101B60004FF00300F4D992E700F08680B1F5502FD2
:101B70006CD140F480203060306840F4002081E077
:101B8000052D00F0C980852D40F0B08040F00400A4
:101B90003067306F40F08000C4E020F48050306047
:101BA000FEF76EFD054600BF306880047FF5CEAEBF
:101BB000FEF766FD401B01284FF00300F4D966E7ED
:101BC00001206064002000F0F3FE0146012000299E
:101BD0007FF45DAF214651F84C0F38B1012000F081
:101BE000E7FE0146012000297FF451AF214651F85C
:101BF000740F38B30120C4F89400022000F0D8FE1E
:101C000001460120002908BF002001B0BDE8F08393
:101C10007068616920F0FE4040EA016070607DE616
:101C200021F001003060FEF72BFD054630684007CB
:101C30007FF574AEFEF724FD401B01284FF0030032
:101C4000F4D924E7002001B0BDE8F08320F480300F
:101C50003060306820F480203060306820F400204C
:101C600014E020F480303060306820F400203060D0
:101C7000306820F4802009E040F480203060306833
:101C800020F400203060306840F480303060FEF78F
:101C9000F7FC6168054699B1306880033FF53BAEBB
:101CA000FEF7EEFC401B64284FF00300F4D9EEE68B
:101CB000FEF7E6FC401B64284FF003003FF6E7AE5A
:101CC00030688003F4D426E620F080003060FEF710
:101CD000D7FC05463068C0057FF531AEFEF7D0FC75
:101CE000401B01284FF00300F4D9D0E620F001009A
:101CF0003067306F20F004003067306F20F08000D4
:101D000014E020F001003067306F20F08000306771
:101D1000306F20F0040009E040F004003067306FBD
:101D200020F080003067306F40F001003067FEF730
:101D3000A7FC002D054641F2883713D0306F80078D
:101D40003FF508AEFEF79CFC401BB8424FF0030085
:101D5000F4D99CE6FEF794FC401BB8424FF0030018
:101D60003FF695AE306F8007F4D4F3E50000000035
:101D70004EF21000CEF20000016841F00201016055
:101D8000704700000000000040F21051C5F600014D
:101D90000A68104308607047411E0020B0EB116FC5
:101DA00001D0012070474EF21002F023CEF2000263
:101DB00051604EF62351CEF200010B700721906066
:101DC00011607047000000004EF21000CEF20000DB
:101DD000016821F00201016070470000000000006E
:101DE0002DE9F043A7B0044606A88421FEF783FA44
:101DF00041F200022168C4F20022002091420590C5
:101E0000CDE903000290019002D027B0BDE8F08335
:101E1000219006A84FF080510691FEF7D1FD44F2C3
:101E2000405040F20044C5F60200C5F6020401AD80
:101E30004FF0020801694FF0010941F01001016102
:101E4000016900910099016841F002010160016897
:101E500000910099016841F0020101600068009062
:101E600000984FF48040019020462946CDF8088024
:101E7000CDF80C900326049604270597FEF72CFB5B
:101E800001A94FF40040CDE9046781E80103204631
:101E90002946FEF721FB522003210022FEF7B8FC61
:101EA0005220FEF7A1FC27B0BDE8F083000000003F
:101EB00041F200010068C4F20021884218BF704757
:101EC00040F68820C2F20040B0F90010002922D468
:101ED00089B240F6DC02C2F20042B1F5804F1378BD
:101EE00004D20D2B0CD141F4804213E048F2000CD7
:101EF0000022CFF6FF7C0A2B08BF41EA0C0209E062
:101F000040F6C01C4A1CC2F2004CC6290CF8013035
:101F100088BF0022028040F62C1040F6DC01C2F29D
:101F20000040C2F20041012201F06DBF000000003C
:101F3000F0B586B04BF200470023C5F200276A4691
:101F40004FF0010C0593CDE90333CDE90133009344
:101F500005E000BF0024D4500C330C2B1CD13D688D
:101F600002EB030453B13E6885EA56062CEA0606E6
:101F700066603E68F606EDD5402406E0C5F34005F0
:101F800065603D68ED06E5D520243E6826424FF0A9
:101F9000700408BF1024DEE745F2000CC5F2002CE7
:101FA000DCF80020D20701D1002306E0DCF8002095
:101FB000012322F00102CCF800204AF2000EC5F203
:101FC000002EDEF80020D20706D0DEF80020023313
:101FD00022F00102CEF8002000223A603A688C68B4
:101FE000002522F47F02CFF6FF7505EB044422435F
:101FF0003A600068704508D0604538D1D1E90001E9
:10200000019160B16FF0300105E0D1E90001049168
:1020100028B16FF050013A681140084338600198C8
:102020000499884212D1396841F0010139600128D0
:102030000ED0D80712D1980705D5DEF8000040F081
:102040000100CEF80000002006B0F0BD0128F0D15C
:10205000386840F002003860D807ECD0DCF80000A7
:1020600040F00100CCF800009807E6D4EBE701202F
:1020700006B0F0BD000000002DE9F04715460F4600
:102080000446FEF7FDFA2168D1F84880D1F8109196
:10209000626D042A49D18246F868B0F5800F44D1B8
:1020A000086A800653D42068D4F80CC097E84C0026
:1020B000F968C0F88820C0F88030BCF1806F3A69B8
:1020C000C0F89020026822F0435242EA060241EA38
:1020D000020141F0005101604FF0480107D0D0F8F3
:1020E000002112F4E06204BF4FF48871C84640F842
:1020F0000180006A00071DD46E1C03E02068006A9E
:10210000000717D4002EF9D0FEF7BAFA1DB1A0EBE4
:102110000A00A842F2D94FF400706065A06D00215A
:1021200040F00100A065032006E01020A06501201A
:10213000BDE8F08700200121002908BFBDE8F08735
:10214000216808224A6202216165BDE8F0876E1CA1
:1021500004E000BF2068006A8006A4D5002EF9D0F4
:10216000FEF78EFA1DB1A0EB0A00A842F2D94FF497
:1021700000706065A06D40F00100A0650220BDE820
:10218000F0870000000000002DE9F0411546884668
:102190000446FEF775FA616D0646242913D014290A
:1021A00009D0022922D1E068B0F1806F11D1242931
:1021B00009D014291AD1D8F8000020F00100022813
:1021C00007D0242912D1D8F8000040F002000328DB
:1021D0000CD12068006A80060DD40020A06520463E
:1021E000414600F00DFDF8B1BDE8F0811020A0657A
:1021F0000120BDE8F0816F1C04E000BF2068006A88
:102200008006EAD5002FF9D0FEF73AFA15B1801B07
:10221000A842F3D94FF400706065A06D40F0010052
:10222000A0650220BDE8F081D8F8381069B1D8F86F
:102230000010022932D0012929D0002918BFBDE899
:10224000F08104216165BDE8F0812068006A8007A3
:1022500017D46F1C04E000BF2068006A800710D408
:10226000002FF9D0FEF70CFA15B1801BA842F3D964
:102270004FF400706065A06D40F00100A065032080
:1022800000E00020216802224A62BDE8F081616D11
:102290002429D6D014216165BDE8F081616D14292F
:1022A000CFD024216165BDE8F0810000000000006E
:1022B00078B110B5016804460A6822F001020A608C
:1022C0008A6822F002028A6000F0CAF90020606584
:1022D00010BD0120704700002DE9F04116468846E8
:1022E0000446FEF7CDF9616D013901291CD8074676
:1022F0002068006A80061CD40021012000284FF0CD
:10230000020008BFBDE8F08198E88C001B02D8F8F5
:102310000C6043EA024223683A433243C3F8002286
:1023200060650846BDE8F0811020A0650120BDE889
:10233000F081751C04E000BF2068006A8006DBD5D0
:10234000002DF9D0FEF79CF916B1C01BB042F3D9AD
:102350004FF400706065A06D032140F00100A0659E
:102360000020CBE7000000002DE9F041164688462A
:102370000446FEF785F9616D02292DD10746E06814
:10238000B0F1806F28D12068006A800629D400202F
:10239000012100293FD021680A6822F040520A60DA
:1023A0008A6822F08072D8E90037D8E902651A43BA
:1023B0008A60D8E904231A43324342F0006242F4AF
:1023C0004062C1F80021C1F880216A1E0A648F644E
:1023D00004216165BDE8F0811020A0650120BDE801
:1023E000F081751C04E000BF2068006A8006CED52D
:1023F000002DF9D0FEF744F916B1C01BB042F3D955
:102400004FF400706065A06D002140F00100A065F0
:1024100003200029BFD10220BDE8F08100000000A8
:10242000F0B581B00446FEF72BF934B10546002023
:10243000A065616D21B101B0F0BD012001B0F0BD1A
:10244000204600F031F941F28830E065206804F15F
:102450000C074CF2FC068CCF8168CFF6E0060E40EC
:102460006FF0FF013243E66942EA034201EB0723C2
:1024700032431A438260C268236A22F4E0221A437C
:10248000C2600269236B22F4F81242EA034202613D
:102490000269636B22F0FF021A430261A26B426180
:1024A0000268636822F47C5201EB0321114301604E
:1024B000006A80060BD541F2893600BFFEF7E0F8CE
:1024C000401BB04208D22068006A8006F6D4002083
:1024D00001210029AFD00AE04FF400706065A06DC3
:1024E000002140F00100A06503200029A3D021684D
:1024F0004AF20007626AC5F20027CB68B94223F0AE
:10250000FF0342EA0302CA6005D045F20002C5F2A9
:102510000022914208D1E66D086A800631D400207D
:10252000012100293FF487AF21684FF6BF75A268EB
:10253000CFF6FF65A369A76A0E682E40E56B3243AC
:10254000022B42EA05020A60D1F80821E66A22F06D
:10255000A04242EA070242EA0602C1F808210A68DC
:1025600042F001020A6003D18A6842F002028A60E6
:10257000E1680222B1F1806F08BF0122626501B0FB
:10258000F0BD771C04E000BF2068006A8006C6D555
:10259000002FF9D0FEF774F816B1401BB042F3D902
:1025A0004FF400706065A06D002140F00100A0654F
:1025B000032000293FF43FAFB6E700000000000011
:1025C0002DE9F04188460446FEF75AF8616D04296A
:1025D00026D106462068E76D006A800625D40020D3
:1025E0000121002908BFBDE8F08188216165D8F884
:1025F000001008290AD12268D8F80430C2F8303116
:1026000010235362136843F4801313602268136825
:1026100023F00803194341F040511160BDE8F081F7
:102620001020A0650120BDE8F0817D1C04E000BF02
:102630002068006A8006D2D5002DF9D0FEF720F878
:1026400017B1801BB842F3D94FF400706065A06DDC
:10265000002140F00100A0650320C2E70000000057
:1026600045F200010068C5F20021884218BF70479A
:1026700010B544F2345043F60004C5F60200C5F626
:102680000204016821F480410160016821F0200109
:10269000016004F58060FF21FDF79AFE15212046B8
:1026A000BDE81040FDF794BE2DE9F043A7B0044605
:1026B00006A88421FDF71FFE45F200012068C5F23F
:1026C0000021002688420596CDE903660296019610
:1026D00002D027B0BDE8F0831020089006A84FF084
:1026E0000208CDF81880FEF76BF944F2345043F637
:1026F0000004C5F60200C5F6020401AD4FF003095F
:102700000168092741F48041016001680091009946
:10271000016841F020010160016800910099C168E1
:1027200041F40041C160C16800910099C16841F461
:102730008041C160C06800900098FF20CDE9010889
:1027400004F5806029460396CDF810900597FDF7B3
:10275000C3FE15202946CDE9010820460597CDE99D
:102760000369FDF7B9FE27B0BDE8F0830000000063
:102770002DE9F04381B0154688460446FDF780FFF9
:10278000D4F800900646B8F1000FD9F84800D9F8FF
:1027900010115FD0626D042A5ED1D9F84020012368
:1027A0000132A264A26C6264C4F84080D9F80020AF
:1027B00063F31D72C9F80020E268B2F1806F04D0A3
:1027C000D9F8002112F4E06F4CD0C9F848006F1C12
:1027D0004FF400780EE00020012111B399F8500069
:1027E000216C0870206CA16C01302064481EA0642C
:1027F000A06C00B32068006A10F0060FEBD1002F28
:10280000F8D0FDF73DFF15B1801BA842F2D9C4F8FE
:1028100054800021A06D40F00100A0650320002934
:10282000DCD101B0BDE8F0832FB1FDF729FFE5B1A0
:10283000801BA84219D82068006A8007F4D50020C0
:1028400001210029EDD0216802224A62626501B0AF
:10285000BDE8F083082000E01020A065012001B051
:10286000BDE8F083C9F81011B1E74FF4007060655E
:10287000A06D002140F00100A06503200029D0D008
:10288000E1E7000000000000426D120708D4026872
:102890004162D06820F0FF000843D06000207047FC
:1028A00010218165012070472DE9F04381B0154664
:1028B0000F460446FDF7E4FE002F52D00646D4F83A
:1028C0000080606D04284ED1D8F840004FF40079A4
:1028D0000130A064A06C606427646F1CD8F800000D
:1028E00020F04050C8F800002068006A400711D46A
:1028F000002FF9D0FDF7C4FE15B1801BA842F3D913
:10290000C4F854900021A06D40F00100A0650320A0
:1029100019B92BE00020012141B3206C007888F820
:102920005000206CA16C01302064481EA064A06C93
:102930000028D9D107E000BF2FB1FDF7A1FEC5B136
:10294000801BA84215D82068006A8007F4D50020B3
:10295000012159B1216802224A62626501B0BDE8D5
:10296000F083082000E01020A065012001B0BDE840
:10297000F0834FF400706065A06D002140F001000D
:10298000A06503200029E5D1F0E700000000000069
:10299000FEE7000000000000FEE70000000000006D
:1029A000FEE700000000000070470000000000008B
:1029B0002DE9F04F83B0044644F22C470B20C5F6B6
:1029C000020704FB00F9381D01904FF47870884627
:1029D00000FA09F039684FEA440B07F194020292B9
:1029E00021EA000038604FF0807000FA0BFA57F8C7
:1029F0002C0C20EA0A0047F82C0CFDF741FE4FF0A2
:102A00000071064601FA0BF557F82C0C284208D045
:102A1000FDF736FE801B3228F6D9032003B0BDE84F
:102A2000F08FD8F8000002280FD1D8F8040002284F
:102A30001DD008BB57F82C1C49F20002C0F2D0325E
:102A4000C1F3C10122FA01F11BE0E0004FF47C71F7
:102A5000043057F8042C01FA00F022EA000040F09C
:102A6000030047F8040C002003B0BDE8F08F43F2E8
:102A70000061C0F26E1104E040F6FF01C0F23D01BA
:102A80000131D8F808E0B1FBFEF341F2FF11C0F2CA
:102A90007A018B4202D94FF0180C12E040F6FF0188
:102AA000C0F23D018B4202D94FF0100C09E048F210
:102AB0007F464FF0020CC0F21E06B34288BF4FF0B3
:102AC000080CE6004FF47C71B1406FF0030257F838
:102AD000043C5140321D19400EFA02F211430143E9
:102AE00047F8041C57F8041C01F0030181425ED131
:102AF0001B20396800FA09F008F10C030CFA09F2FE
:102B000021EA0000104338604FF600660FCBCFF685
:102B1000FF76A0F1010006EB412140EA010040F2FE
:102B20000001CFF6FF7101EB0241A3F1010240EA7F
:102B30000100019940EA02606FF0FF0241F82B00AA
:102B4000D8E90701A0F1010002EB012140EA0100F0
:102B5000029941F824001CB9386840F02000386020
:102B6000D8F8240070B107EB8B014FF6F8738A6830
:102B70009A4342EAC00088600120396800FA09F0EF
:102B80000843386057F82C0C40EA0A0047F82C0C30
:102B9000FDF776FD044600BF57F82C0C28427FF461
:102BA00062AFFDF76DFD001B3228F5D935E7012036
:102BB00003B0BDE8F08F0000704700000000000087
:102BC000FDF766BD000000004EF6885140F200009F
:102BD000CEF20001C0F6000041F8800C086840F415
:102BE000700008607047000040F62C10C2F20040F0
:102BF00001F00EB900000000FEE700000000000038
:102C00002DE9F047026883681768002B27F04053CE
:102C1000136005D113684F6823F040433B431360B2
:102C20000B68022B0AD0032B11D14FF4B0744FF470
:102C3000A87C4FF4A4734FF4A07E10E04FF4D0743E
:102C40004FF4C87C4FF4C4734FF4C07E07E04FF4D8
:102C500090744FF4887C4FF484734FF4807E8D6CB5
:102C600042F80E50CD6A6DB18D6A155152F80E4082
:102C7000CD6A24F47C144E6B2C430D6B34432C43EF
:102C800042F80E40D4584D6C24F01F042C43D4500D
:102C90008B6B23B10C6814B9CC6B013C1464CD6808
:102CA000CC69DDB152F80E60D1E9048754B3D1E9A3
:102CB000089AD3B34CF2C000CFF2FF0030400E6C44
:102CC0003043384340EA080040EA0A0040EA09007D
:102CD00018432843204342F80E0041E0002C43D023
:102CE00052F80E60002BD1E9080742D04CF2C00523
:102CF000CFF2FF053F352E400D6C2E43374338434E
:102D000018433AE0002B40D04CF2C0000C6CCFF2DC
:102D1000FF0000F57C5030402043384340EA080073
:102D20001843284342F80E0043E043F63F7326EA77
:102D300003033B4343EA080343EA0A0343EA090364
:102D40002B43234342F80E30C06AB0F1805F07D1B5
:102D50004869082804D152F80E0040F00060BAE734
:102D6000886842F80C000BE0082181650120BDE86D
:102D7000F08726F47C533B431843204342F80E006F
:102D8000886990640020BDE8F08726F03F033B434C
:102D900043EA08032B4342F80E30C06AB0F1805F6B
:102DA00007D14869082804D152F80E0040F00060AD
:102DB000B8E7886842F80C000020BDE8F087000002
:102DC00040F24431C2F20041086070470000000048
:102DD00080B54EF2180140F24432CEF20001C2F248
:102DE0000042002351F804CC126850434FF47A7229
:102DF00000FB02FE086800BF0A688242FCD0034460
:102E00008242A3EB0203104628BF63447345F3D309
:102E100080BD00000000000080B54EF2180140F2B5
:102E20004432CEF20001C2F20042002351F804CC39
:102E3000126802FB00FE08680A688242FCD0034464
:102E40008242A3EB0203104628BF63447345F3D3C9
:102E500080BD00000000000084B000F081F900F0A7
:102E600033F9FDF725FC4FF496700621022200F09D
:102E7000F7F94FF41670FFF7A3FF4FF4E13000F0BD
:102E80009FFF00F0CAFF00F0CDFF00F0D0FF002050
:102E900000F0D2FF012000F0CFFF022000F0CCFFB5
:102EA000032000F0C9FF042000F0C6FF64A00190D9
:102EB0001E203221C8221023102400944FF478459C
:102EC000029500F0BEFF60A001901E204621C8229E
:102ED00010230094029500F0B4FF5FA001901E2023
:102EE0005A21C82210230094029500F0AAFF40F650
:102EF000204440F20001C2F20044C2F2004100222C
:102F0000204600F0A3FF40F220012046C2F200411B
:102F100000F0A1FF40F2A8012046C2F2004100F0FB
:102F20009FFF204600F0A1FF40F68A2B40F61C4987
:102F300040F653354FF47A70C2F2004BC2F20049AA
:102F40000FF24C18C2F2004557A64FF0000A4FF49A
:102F500078440021039103E00398013003900A2094
:102F600080B2FFF735FF00BF9BF80070BA4510D064
:102F700042A03DA1002F4FF0C80208BF0846102113
:102F80001023CDE900101E20BE21029400F059FF4D
:102F9000BA46B9F90070B7F1FF3F0FDC404600F0C8
:102FA00069FF6FF39F372846394600F068FF3046C7
:102FB00000F060FF0020A9F80000D5E7039841F673
:102FC000713187B247F69160C3F6FB20C0F20D0164
:102FD00078434FEAF000884208D843F6B860C0F65C
:102FE000000000F047FF32A000F044FF45F6294002
:102FF0004AF61461CCF28F20C0F2471178434FEAB1
:10300000F000884205D843F6E960C0F6000000F001
:1030100031FF4EF6EF6048F68801CEF6EE60C0F65E
:10302000880178434FEA7000884295D840F6004006
:103030004FF48041C5F60200FDF712FB8CE700BF9C
:1030400053544D3332000000555342205643502014
:10305000544553540000000041544F4D40414C49E9
:10306000454E54454B00000055534220446973635C
:103070006F6E6E65637465642000000055534220D6
:10308000436F6E6E6563746564202020200000002D
:103090000D0AC4FAB7A2CBCDB5C4CFFBCFA2CEAA3E
:1030A000A3BA0D0A000000000D0A0D0A000000007E
:1030B000D5FDB5E3D4ADD7D340414C49454E544539
:1030C0004B0D0A0D0A0D0A004EF61450CEF2000008
:1030D0000168890312D4BFF34F8FBFF36F8F0021B4
:1030E000C0F83C12BFF34F8FBFF36F8F016841F4FC
:1030F00000310160BFF34F8FBFF36F8F0168C903C9
:1031000048BF7047B0B500210167BFF34F8FC26E53
:1031100043F6E07ED308C2F34E31C2F3C90202F196
:10312000010C9B074A0100BF02EA0E0465461C44DD
:10313000013DC0F84C4204F14044F9D10029A1F10D
:103140000101A2F12002EFD1BFF34F8F016841F4DA
:1031500080310160BFF34F8FBFF36F8FB0BD0000B0
:10316000F0B585B00025CDE90355CDE90155FDF752
:103170000FFB01AC0120ADF8040048F21F71CDE94E
:10318000031020460295FDF7CFFA02950F2740F273
:103190000015204640F20116ADF80460C0F2013778
:1031A0000397C0F201150495FDF7BEFA40F2012025
:1031B000ADF804004FF000500495CDE90207204619
:1031C000FDF7B2FA40F20130ADF804004FF01050B4
:1031D00002901220C0F20130CDE903052046FDF730
:1031E000A3FA40F20140ADF804004FF040500290C5
:1031F0000E20C0F20130CDE903052046FDF794FA18
:1032000040F20150ADF804004FF0C0400290192088
:10321000C0F20030CDE903062046FDF785FA40F202
:103220000160ADF804004FF01040029018262046CF
:10323000C0F20136CDE90365FDF776FA40F2017080
:10324000ADF804004FF0E0400495CDE902062046B9
:10325000FDF76AFA0420FDF7AFFA05B0F0BD0000F3
:103260002DE9F0418AB00646042000230993CDE9F8
:103270000733CDE90533CDE9033390460F4602937A
:10328000FDF706FB08B1012488E044F23C55C5F681
:103290000205FDF77DFBFDF787FBA86940F0020002
:1032A000A861A869019001984FF40030FEF76CFD09
:1032B0004FF48020FEF768FD01200124FDF724FB78
:1032C00000286BD1FDF748FB00284FF0010465D1C1
:1032D0002868292140F00050286028680190019852
:1032E000286840F08040286028680190019842F6E4
:1032F000BC70C2F206404FF4803200F1780C002519
:10330000C0E900124FF480510622C0E906410221B3
:103310004164C0E90911C0E90B76C0E90D81C0E93B
:103320000F11C0E9125101654FF4967342650C27E5
:10333000C0E91631C0E918720326C0F88410C0E94C
:103340001A62C0E91C518CE80E003222C0F8985075
:10335000C0E92221C0E92471FEF7BAFAF0B93F2092
:103360003721CDE902060820059004200690402070
:1033700007904FF4806008904FF48040099002A8B5
:103380000495FDF7C9FF4FF0010438B900F00CF8BF
:1033900043F25800C2F206400470002420460AB0EE
:1033A000BDE8F081000000002DE9F04FB3B000202F
:1033B0006C4600212190CDE91F0000BF605401310F
:1033C0006029FBD145F200082046C5F20028CDF85F
:1033D0000080FEF76DFF0420019000274FF0807001
:1033E0000390182004900320CDE909072046CDF86A
:1033F000008002970125CDE90557CDE90777CDE992
:103400000B77CDE90D770F97FFF70AF810201FA96A
:10341000CDE91F0741F288322046FEF789FD1FAE35
:103420004C213046FCF767FF21A9662041F2883223
:103430002097A1C120463146CDE91C77CDE91A7706
:10344000CDE91877CDE91E77249726972A972D97EF
:10345000CDE93077FEF798FE002840F0828021A960
:10346000992041F288322497A1C168461FA9CDE96D
:103470001F7726972A972D97CDE93077FEF784FEA0
:1034800000286ED142F21070329000BF329801389D
:103490003290FBD146F29960219068461FA941F213
:1034A00088320025CDE91F5504262296102726953F
:1034B000CDE923752A952D95CDE93055FEF764FEAB
:1034C00000284DD121A949F6661041F28832249591
:1034D000C1C168461FA9CDE91F5526952A952D958E
:1034E000CDE93055FEF750FED0BB42F2107032905D
:1034F000329801383290FBD146F2996021906846AB
:103500001FA941F288320025CDE91F554FF004096B
:10351000CDF888904FF0100ACDF88CA0082624969C
:1035200026954FF000572A952D9530953197FEF747
:103530002BFEA8B921A949F6661041F288322496DB
:1035400081E8010668461FA9CDE91F5526952A95F1
:103550002D95CDE93057FEF717FE002800F0388290
:103560000125002D00F09A80002004F1280500219B
:103570002190CDE91F0000BF605401316029FBD1CB
:103580006C46CDF800802046FEF792FE04200190A4
:10359000402002904FF00070039018200490032008
:1035A00009902046CDF8008001270597002608964F
:1035B000CDE90666C5E90066C5E90266C5E90466A7
:1035C000FEF72EFF10201FA9CDE91F0641F2883219
:1035D0002046FEF7ADFC1FAD4C212846FCF78BFEC4
:1035E000662041F28832CDE9210720462946CDE9FF
:1035F0001C66CDE91A66CDE91866CDE91E662096EF
:10360000CDE9236626962A962D96CDE93066FEF7FB
:10361000BBFD002842D199201FA9CDE921076846AA
:1036200041F28832CDE91F66CDE9236626962A96B7
:103630002D96CDE93066FEF7A7FD78BB42F21070FB
:10364000329000BF329801383290FBD10020902197
:10365000CDE91F0021910121CDE92210CDE92400FF
:103660004FF4807126914FF400512A90CDE9271034
:103670004FF080712D91042141F28832CDE92E1056
:10368000CDE9300068461FA9FEF77EFD30B96846D7
:1036900032A941F28832FFF76BF810B133B0BDE8C0
:1036A000F08F9DF8CA009DF8C81041EA002141F250
:1036B000687081420FD041F2EF729142EED19DF8D5
:1036C000CB309DF8C97047EA032393420BD041F2F7
:1036D00068729142E2D19DF8CB109DF8C92042EA70
:1036E00001218142DAD100203521CDE91F0021914D
:1036F0000121CDE9221024904FF08071269041F2F3
:1037000088322A902D910221CDE92E10CDE930008A
:1037100068461FA9FEF738FD0028BFD1684632A9C8
:1037200041F28832FFF724F80028B7D10620219013
:1037300068461FA941F288320024CDE91F440125C3
:103740002494CDE9225426942A942D94CDE9304432
:10375000FEF71AFD0028A1D105201FA9CDE92105FA
:103760004FF080702D90022041F28832CDE92E0476
:1037700068462694CDE91F44CDE923442A94CDE937
:103780003044FEF701FD00287FF488AF4FF480003D
:103790001D9010201E9068461AA941F2883240F20E
:1037A0000225CDE91A5500241C94FEF765FC00287B
:1037B0007FF474AFBDF8C8001FA941F28832249489
:1037C0002843ADF8C8003120219001202694CDE98E
:1037D00022044FF080702D9002202A94CDE92E040F
:1037E0006846CDE91F44CDE93044FEF7CDFC002802
:1037F0007FF454AF684632A941F28832FFF754F89B
:1038000000287FF44BAF0024052021900120CDE952
:1038100022044FF080702D9002201FA9CDE92E04C4
:10382000684641F28832CDE91F44249426942A94B4
:10383000CDE93044FEF7A8FC00287FF42FAF40F21A
:1038400001101AA9CDE91B044FF480001D9010202F
:103850001E90684641F288321A94FEF70DFC00284B
:103860007FF41CAF00203521CDE91F0021910121FB
:10387000CDE9221024904FF08071269041F28832D9
:103880002A902D910221CDE92E10CDE93000684615
:103890001FA9FEF779FC00287FF400AF684632A923
:1038A00041F28832FEF764FF00287FF4F7AEBDF8DE
:1038B000C80040F20221084088427FF4EFAE0620A3
:1038C000219068461FA941F288320024CDE91F44A7
:1038D00001252494CDE9225426942A942D94CDE9EF
:1038E0003044FEF751FC00287FF4D8AE05201FA914
:1038F000CDE921054FF080702D90022041F28832F1
:10390000CDE92E0468462694CDE91F44CDE9234431
:103910002A94CDE93044FEF737FC00287FF4BEAE90
:1039200040F202201AA9CDE91A004FF480001D9040
:1039300010201E90684641F2883200251C95FEF743
:103940009BFB00287FF4AAAE21A9EB20012441F2C1
:10395000883231C14FF44070269006201FA9CDE96E
:10396000300568462495CDE91F454FF400562A9549
:10397000CDE927654FF040772D972F95FEF704FC92
:1039800000287FF48BAE21A902201F903220002551
:1039900041F2883231C14FF480701FA9CDE926066B
:1039A00068462095249528952A952D97CDE92F5581
:1039B0003195FEF7E9FB00287FF470AE082018A9C6
:1039C000CDE918056846FEF7FBFD33B0BDE8F08F82
:1039D00042F210703290329801383290FBD12DA90A
:1039E000052021904FF080700026012561C16846B6
:1039F0001FA941F288322496CDE91F66CDE92256EF
:103A000026962A96CDE93066FEF7BEFB00287FF4A5
:103A1000A8AD4FF480001D9010201E9068461AA992
:103A200041F288321C96CDE91A65FEF725FB002885
:103A30007FF497AD00209F21CDE91F002191012542
:103A4000CDE9225024904FF08071269041F28832C7
:103A50002A902D910321CDE92E10CDE93000684642
:103A60001FA9FEF791FB00287FF47BAD684632A9C1
:103A700041F28832FEF77CFE00284FF001057FF40A
:103A800070AD48F2C2013298C0F2390188427FF429
:103A900068AD00207121CDE91F00CDE92115CDE9E8
:103AA000230025904FF4807126914FF44051CDE9C9
:103AB00027102A904FF08071CDE92D15CDE92F0008
:103AC000319068461FA941F28832FEF75DFB00285D
:103AD0007FF447AD684632A941F28832FEF748FECE
:103AE00000284FF001057FF43CAD21A906200026F7
:103AF00041F2883261C168461FA9CDE91F6624964C
:103B000026962A962D96CDE93066FEF73DFB0028D5
:103B10007FF427AD2DA9052021904FF0807001255D
:103B200041F2883261C168461FA9CDE91F66CDE91F
:103B30002256249626962A96CDE93066FEF724FB77
:103B400000287FF40EAD02201AA9CDE91A004FF427
:103B500080001D9010201E90684641F28832002699
:103B60001C96FEF789FA00284FF001057FF4F9ACA6
:103B70009DF8C80021A941F288322A9600F0FC0085
:103B800002308DF8C800722061C12DA94FF48070F9
:103B900026904FF44050CDE927064FF0807061C168
:103BA00068461FA9CDE91F66CDE92466CDE93066D8
:103BB000FEF7EAFA00287FF4D4AC684632A941F255
:103BC0008832FEF771FE00284FF001057FF4C9AC82
:103BD000002047F28E11CDE91F002191042122918E
:103BE000102223920822CDE924204FF480622692ED
:103BF0004FF4405227924FF4006228922A904FF0DF
:103C00008062CDE92D25CDE92F014FF00050319094
:103C100068461FA941F28832FEF7B6FA00287FF401
:103C2000A0AC684632A941F28832FEF7A1FD002817
:103C30007FF496AC9DF8C80000F0030002287FF4E2
:103C40008FAC684601210125FEF71EFE00287FF497
:103C500088AC40F2F960219068461FA941F2883291
:103C60000026CDE91F664FF0040ACDF888A04FF07A
:103C7000100BCDF88CB00827249726964FF00059EA
:103C80002A962D963096CDF8C490FEF77DFA00283E
:103C90004FF001057FF465AC21A940F2FA5041F2E2
:103CA00088322A9681E8010C2DA94FF48060269075
:103CB0004FF4405027904FF4006028904FF0806000
:103CC00081E8610468461FA9CDE91F66CDE9247625
:103CD000CDF8C490FEF758FA00287FF442AC0220D9
:103CE0001AA9CDE91A004FF480001D90684641F2F0
:103CF000883200261C9610271E97FEF7BDF9002873
:103D00004FF001057FF42DAC4EF611602190042098
:103D10001FA9CDE92207082024904FF48060269047
:103D200014203090684641F28832CDE91F564FF496
:103D3000405727974FF40069CDF8A0902A964FF08E
:103D400080662D964FF0006ACDF8BCA04FF0005B66
:103D5000CDF8C4B0FEF718FA00287FF402AC26A90B
:103D600002201F9041F2ED2021900420229010208B
:103D70002390082024904FF4806081E881026846F7
:103D80001FA941F28832002520952A952D96CDE96C
:103D90002FA5CDF8C4B0FEF7F7F900287FF4E0AB0B
:103DA000082018A9CDE918056846FEF709FC054664
:103DB000002818BF0125FFF7D4BB00000000000059
:103DC00010B540F62C1441F20001C2F20044C4F2D6
:103DD0000021C4E9001000202061C4E902000C2188
:103DE000C4E90510C4E90700C4E90900204600F051
:103DF0004BF840F6DC010122C2F200412046BDE84A
:103E00001040AFF3008042F2210CC9F2000C604771
:103E100041F6194CC9F2000C60474BF6814CC9F2CF
:103E2000000C604744F6996CC9F2000C60474AF6F2
:103E3000B17CC9F2000C60474CF2592CC9F2000C5D
:103E400060474BF6094CC9F2000C604743F2117C05
:103E5000C9F2000C604743F6214CC9F2000C6047E0
:103E600043F2B13CC9F2000C604743F6794CC9F209
:103E7000000C60474CF2014CC9F2000C60474CF258
:103E8000714CC9F2000C604741F6B97CC9F2000CD4
:103E9000604702E008C8121F08C1002AFAD1704723
:103EA0007047002001E001C1121F002AFBD17047BA
:103EB00001020304060708090D0AD5FDB5E3D4ADD8
:103EC000D7D32048375237BFAAB7A2B0E520555301
:103ED00042D0E9C4E2B4AEBFDAA3A8536C61766500
:103EE000A3A9CAB5D1E90D0A00C7EBCAE4C8EBCA59
:103EF000FDBEDDA3ACD2D4BBD8B3B5BCFCBDE1CA1A
:103F0000F80D0A00403F00080000002440010000B6
:103F10003C0300084040000840010024203F060008
:103F2000A23E0008000000000000000000000000A9
:103F30000000000000000000000000000000000081
:103F40002FB9300090113300902133009051332E5F
:103F500090C9330090792F0090E93200902E90D0D4
:103F600003193200905930009089345290DDC930E5
:103F70000090A12F0090193000902F69310090110E
:103F8000310090C131009001313D9009024300029F
:103F90000100C03209042E010202010005240010B4
:103FA000010524012901042402020524064F01070A
:103FB00005820308001009040100020A3607050102
:103FC0000240460705810240450A060002434001BF
:103FD0002F890500908105009031050090A9052CDE
:103FE00090190600901201000202023C4083044036
:103FF00057000201020301071B040309041A0343CB
:10400000FFFF43C2012F080059C2009089C20090EF
:10401000C00F002444401F70423052202F80D3052F
:10402000240C4F7A7040780030C0F0B420C0F042C9
:1040300001821000000000000000000000000000ED
:0200000490006A
:100000002DE9F05F0546002092469B46884606464D
:10001000814640241BE0284641464746224600F0E0
:100020004CF853465A46C01A914110D3114618460F
:10003000224600F033F82D1A67EB01084F4622469E
:100040000120002100F02AF817EB00094E41201E84
:10005000A4F10104DFDC484631462A464346BDE8A8
:10006000F09F421C10F8011B0029FBD1801A704739
:1000700030B50B46014600202022012409E021FA78
:1000800002F59D4205D303FA02F5491B04FA02F575
:100090002844151EA2F10102F1DC30BD202A04DB48
:1000A000203A00FA02F1002070479140C2F120038B
:1000B00020FA03F3194390407047202A04DB203ACA
:1000C00021FA02F00021704721FA02F3D040C2F178
:1000D000200291400843194670472DE9FE4F8046A3
:1000E00081EA0300C00F0C46009021F0004123F08C
:1000F0000045B8EB0200A94105D240462146904692
:100100001C460B46024623F00040104347D0270D03
:10011000C7F30A00C3F30A510290401A0190402825
:100120006BDAC3F3130040F4801B0098924620B1B1
:100130000023D2EB030A63EB0B0B01985946C0F185
:1001400040025046FFF7AAFF06460D465046594664
:10015000019A00F07BF910EB08006141002487EA66
:10016000115284EAE7731A4340D0009A62B3019AAD
:10017000012A4FEA075215DC001B61EB02014FF028
:10018000004202EA0752CDE90042001C41F580110D
:1001900032462B4600F07BF903B0BDE8F08F4046B5
:1001A0002146F9E7001B61EB0201001C41F58013B9
:1001B00000185B412018A2F5001747EB030140EA45
:1001C000D570B6196D4111E06D084FEA360645EA63
:1001D000C0754FEA0752001B61EB0201001C41F59C
:1001E000801149084FEA30000019514132462B4630
:1001F00003B0BDE8F04F00F03BB900980122400089
:100200000023D0EB020263EBE073009821464FEA33
:10021000E074B8EB000061EB0401E9E783F0004310
:100220005BE781F0004158E72DE9FE4F81EA0304C6
:1002300004F0004421F0004100944FF0000B23F043
:10024000004350EA01045ED052EA03045BD0C3F3DA
:100250000A54C1F30A552C44A4F2F3340194A0FBD0
:100260000254C1F3130141F48011C3F3130343F4A7
:10027000801301FB024400FB034E840A970A44EA00
:10028000815447EA8357A4FB076802958D0A05FB52
:1002900007854FEA932C04FB0C542705029D4FEA77
:1002A000065847EA1637B5EB08056EEB070C870EC4
:1002B000920E47EA811742EA8312A7FB0201B6EBCE
:1002C0000B0164EB00042B0D43EA0C335E1844EB86
:1002D0001C50DA465146E7FB0201C5F313044FEA0E
:1002E0000B3343EA14534FEA0432019C43EA0603FA
:1002F000A4F10C040294009CCDE900B400F0C7F80E
:1003000003B0BDE8F08F00200146F9E72DE9F04D7C
:1003100081EA030404F0004B21F0004514464FF03D
:10032000000A23F0004150EA050220D054EA0102FD
:100330001DD0C5F30A570246C5F31303C1F31300DA
:10034000C1F30A5640F4801543F48013A7EB060866
:10035000101BD64608F2FD3873EB050002D308F1F6
:10036000010801E092185B41B8F1000F03DA0020A8
:100370000146BDE8F08D00204FF48011064684460A
:100380000EE0171B73EB050705D3121B63EB050388
:1003900006434CEA010C49084FEA300092185B41D1
:1003A00050EA0107EDD152EA030012D082EA0400BC
:1003B00083EA0501084305D0101BAB4106D2012298
:1003C000002306E000224FF0004302E06FF001023C
:1003D00053101AEB06004CEB085110EB0A0041EBEE
:1003E0000B01BDE8F04D00F043B8C1F30A52C1F370
:1003F000130140F2FF3341F480119A4202DA0020E7
:100400000146704740F233439A42A2F2334202DC83
:100410005242FFF752BEFFF741BE000030B5041E46
:1004200071F1000404DB4FF00044404264EB010131
:10043000141E73F1000405DB1C464FF000435242CA
:1004400063EB0403994208BF904230BD202A06DBCB
:10045000CB17203A41FA02F043EAE07306E041FA92
:1004600002F3D040C2F12002914008431946704780
:1004700010B5141E73F1000408DA401C41F10001AC
:1004800092185B411A4301D120F0010010BD2DE903
:10049000F04D92469B4611B1B1FA81F202E0B0FAFA
:1004A00080F220329046FFF7F9FD04460F4640EAFD
:1004B0000A0041EA0B0153465A46084313D011463D
:1004C00053EA010019D0C8F140025046FFF7F5FD8C
:1004D00005460E46504659464246FFF7DFFD0843A3
:1004E00005D0012004E020463946BDE8F08D00200B
:1004F000054346EAE0762C4337430A986305E40A4D
:10050000A0EB08000022FD0A44EA47540A3002D555
:1005100000200146E9E7010510196941DDE90845B8
:1005200000196941BDE8F04DA2E70000000000009D
:1005300021280FD0202820D140F2F4020868C2F20E
:100540000042106008791071487950718879907173
:100550000020704740F2F400C2F2004002680A70C6
:100560000268120A4A7042888A70C278CA70027998
:100570000A7142794A7180798871002070470000C1
:10058000002070470000000080B540F6204040F693
:100590005331C2F20040C2F2004102F055FF002088
:1005A00080BD000000000000B0B5044640F62040C9
:1005B000C2F200400D4602F0E3FE286850B340F658
:1005C0001C4148F2000CC2F200414FF0000ECFF681
:1005D000FF7C0A880CE000BF0A2B4FF0000308BF25
:1005E00042EA0C031A460A80013804F1010411D0D2
:1005F00013B2002BF8D495B22378BEEB953FEBD124
:100600000D2B02D142F48042EDE70132C62D88BFA6
:100610000022E8E70020B0BD40F61E410020C2F2F3
:10062000004100220A707047B3F5804F034618D18D
:10063000B0B5002053F822C0CCF6F0708D680CEAFB
:10064000000C8C69D1E9000E40EA0C00C96840EA50
:100650000E1040EA0520204340EA0141BDE8B040C9
:1006600001E06FF07041002043F822107047000055
:10067000B0B50A6850F8223023F0010340F8223068
:10068000D1F808E0CB68D1E900C2BEF1080F08BF7D
:1006900042F04002D1E904451A438B692243CC69F8
:1006A0002A430D6A1A434B6A22438C6A2A43CD6A55
:1006B0001A430B6B22434C6B2A438D6B1A4350F841
:1006C0002C30224340F28044CFF6C0742A432340AA
:1006D0001A4342EA0E0240F82C200A6BB2F5801F42
:1006E00005D10A681AB1026842F4801202600A68F1
:1006F0001AB1496B0268114301600020B0BD0000CF
:1007000070B5D1E900CED1E902564CEA0E130C695E
:1007100040F2000C43EA0523CFF6F07C43EA06469C
:100720004D690CEB04548B692643FE3500EB8202C5
:10073000334343EA056353600268D20209D5426835
:10074000096943681A430CEB015122F4700211430A
:100750004160002070BD0000B0B504460BF0AAFE59
:100760002CB3054694F85400022822D12068416930
:1007700041F004014161052084F8540021680869B2
:1007800080041AD40BF096FE401B0628F6D3A06D09
:1007900040F01000A065032084F8540094F8500045
:1007A00000064FF001001ED5616F08731BE00120A9
:1007B000B0BD2020A065012015E04869012240F06D
:1007C00002004861042084F854004FF4FE40C860E1
:1007D00084F8542094F8500000064FF0000002D531
:1007E000636F1A738864002184F84C10B0BD000058
:1007F00080B190F8541002290AD1042180F85410D5
:10080000006842F2040241691143416100207047CF
:10081000202181650120704790F8A030012B4FF016
:10082000020331D02DE9F04134244FF0010880F863
:10083000A08080F8A13002FB0403D1E900CED1E909
:100840000267D1E90445C3E91245C3E91067C3E96A
:100850000ECED1E906CED1E90854D1E90A76C3E932
:100860001876C3E91654C3E914CE0F6B9F6604468D
:1008700001F00AFC20680023C0F8248084F8A180DD
:1008800084F8A030BDE8F041184670470000000031
:1008900078B3B0B504460068D0F8841021F00101A7
:1008A000C0F88410D0F8041121F00101C0F804113F
:1008B000416A41F0020141620BF0FCFD054600BFB8
:1008C0002068806C400704D40BF0F4FD401B6528C1
:1008D000F6D32068816921F001018161204600F092
:1008E0007FF80020C4F8A40084F8A10084F8A000D8
:1008F000B0BD01207047000000286CD010B590F802
:10090000A11031B9002180F8A010044600F06CF865
:100910002046022180F8A110D0E9001CD0E9023461
:100920008A6922F070428A6143EA0C020369224319
:100930001A438B691A438A614FF600038A68CFF223
:1009400000031A408A60D0E9052444EA02428C6818
:1009500022438A60CA681A40CA60D0E9072444EA80
:100960000242CC682243CA600A691A400A61D0E98F
:10097000092444EA02420C6922430A614A691A4086
:100980004A61D0E90B2343EA02424B691A434A61A8
:1009900090F8352090F83630CC6A04F07F44CC6271
:1009A0001B0490F8344043EA0222CB6A22441A43E3
:1009B000CA624A6B42F006024A638A6942F0010247
:1009C0008A610021C0F8A410012280F8A120BDE8AE
:1009D00010400846704701207047000000000000EA
:1009E00070470000000000002DE9F04F87B041F291
:1009F00000020068C5F20002002190420691CDE994
:100A000004110391029102D007B0BDE8F08F44F2C7
:100A1000405040F20009C5F60200C5F6020902ADD9
:100A20004FF0020B42684FF4805442F002024260E1
:100A300042680192019A50F80C2C42F0020240F8F0
:100A40000C2C50F80C2C0192019A026842F008021A
:100A5000026002680192019A026842F00802026094
:100A600002680192019A026842F010020260026874
:100A70000192019A026842F040020260026801920B
:100A8000019A026842F00102026002680192019A32
:100A9000026842F00102026002680192019A026853
:100AA00042F00202026002680192019A026842F07A
:100AB000400202600068019001984FF4805002905B
:100AC0000E20CDE903B1069009F540602946CDF826
:100AD00014B04FF00E080BF0F2FC4FF400600290DF
:100AE0000B20069009F5805029460BF0E8FC09F52B
:100AF000C0572946384602940D2406940BF0DFFCBB
:100B00004846294620260296CDF818800BF0D7FCDF
:100B1000029609F58066304629464FF00A08CDF85E
:100B200018800BF0CCFC1020029030462946069429
:100B30000BF0C5FC082002903046294606940BF0C5
:100B4000BEFC4FF4004002904846294606940BF044
:100B5000B6FC38462946CDF808B006940BF0AFFC39
:100B6000384629464FF0010ACDF808A006940BF04C
:100B7000A6FC48462946CDF808B006940BF09FFC29
:100B800048462946CDF808A006940BF098FC4FF48F
:100B90000050029030462946CDF818800BF08FFCAB
:100BA000304629464FF48058CDF8088006940BF063
:100BB00086FC304629464FF4006ACDF808A006941A
:100BC0000BF07DFC304629464FF48067029706946F
:100BD0000BF075FC48462946CDF8088006940BF0CA
:100BE0006EFC48462946CDF808A006940BF067FC39
:100BF0004846294602970E2606960BF060FC4FF4F5
:100C0000007002904846294606960BF058FC4FF4B7
:100C1000807002904846294606940BF050FC042050
:100C200002904846294606940BF049FC07B0BDE8FF
:100C3000F08F00000000000070B590F8A0404FF069
:100C4000020C012C1ED03424012603FB040E80F874
:100C5000A06080F8A1C04EF8381FDEE90A452144A3
:100C60000446CEE90112A918CEF80C1071461A46B6
:100C700001F00AFA20684FF0000C466284F8A16087
:100C800084F8A0C0604670BDB0B590F8A0404FF0A9
:100C9000020C012C20D03424012503FB040E80F823
:100CA000A05080F8A1C05EF8384F0C44CEF8044044
:100CB000DEF808401444CEF80C40CEE90A12714622
:100CC0001A46044601F0E0F920684FF0000C456236
:100CD00084F8A15084F8A0C06046B0BD00000000B8
:100CE00001680122C0F8D824002280F8CC24886949
:100CF00040F000608861486D40F08052002042F072
:100D000003024A65704700007047000000000000C1
:100D10000268002051627047B0B5D0F800E0DEF8FC
:100D20002400D1B1DEF82830B1F1010C00EB1343FF
:100D30000BD05FFA8CF10EF58070002450F8045F40
:100D400001348C4203EB1543F8D30EEB8C0043EADD
:100D50000241C0F804110020B0BD40EA0240CEF8C4
:100D600028000020B0BD000040F68A21D0F8E00441
:100D7000C2F2004101220A7002F09ABD0000000098
:100D800001EBC10200EB8202D0F8E004126A02F02B
:100D9000FBBC00000000000001EBC10200EB82027E
:100DA000D0F8E004D2F8602202F046BD0000000056
:100DB00040F68A21D0F8E004C2F2004100220A7015
:100DC00002F07ABD0000000010B501F00F0E0A46D7
:100DD0004FFA82FCD2090EEBCE01BCF1000F00EB02
:100DE000810303F5157148BF03F1140190F89434A1
:100DF0004A70012B81F800E001D1022010BD0122D0
:100E000080F8942402680446104603F0A9FA0020F2
:100E100084F8940410BD0000B0B5037901F00F020E
:100E20009A4201D90120B0BD4CB202EBC2038C46FC
:100E3000002C00EB830303F515714FEADC1448BF67
:100E400003F1140190F894344C700024012B8C7041
:100E50000A7001D10220B0BD012280F894240268FA
:100E60000546104603F030FC204685F89444B0BD9A
:100E700001F00F0101EBC10100EB8100D0F8680225
:100E80007047000000000000B0B501F00F0E8C4666
:100E90004FFA8CF40EEBCE01002C00EB810505F52A
:100EA000157148BF05F114015FEADC154D7081F83A
:100EB00000E08A600B7118BFA1F81AE0022B01D183
:100EC00000224A7190F89424012A01D10220B0BD79
:100ED000012280F8942402680446104603F06CF95D
:100EE000002084F89404B0BD80B501F00F0C0CEB29
:100EF000CC0100EB810E0021CEE998238379CEF856
:100F000068128EF855120EF51571012B8EF854C229
:100F100008BFCA6100681A4603F01EFC002080BDAD
:100F2000B0B5027901F00F0494424FF001022CD8C1
:100F30004FFA81FC01EBC10304EBC405BCF1000FC7
:100F400000EB830303F5157300EB850548BF05F13E
:100F5000140390F89454C9095970012D9A701C70AB
:100F600001D10220B0BD012180F89414054600682B
:100F7000194603F0D1FB2CB9A979286805F29C42E7
:100F800003F072FB002285F894241046B0BD0000E7
:100F900080B501F00F0C90F806E00CEBCC01BEF12F
:100FA000010F00EB810101F814CF4FF0000C0B6131
:100FB0004FF00103CA60C1F814C04B7008BFCA618A
:100FC0000068724603F0C8FB002080BD00000000EE
:100FD0002DE9F04F87B005688246284603F038FDBA
:100FE00010B107B0BDE8F08FDAF8000003F060FD43
:100FF0000028F6D0D5F80808C0F30D20CAF8D404AC
:10100000DAF8000003F054FD800705D5DAF8000097
:10101000416901F00201416105F500600590DAF8CF
:10102000000003F045FDC006069536D5DAF800004D
:10103000816921F0100181612C6A04F00F0000EB3E
:10104000C001C4F343400AEB8101062801F5157580
:1010500011D002281AD147F6F07014EA000615D014
:101060003409E9680698224603F026FDE86800EB9B
:101070001610E86007E00AF29C410822069803F087
:101080001BFDC4F30A14686920446861DAF80000A3
:10109000816941F010018161069DDAF8000003F0DA
:1010A00007FD000340F1F280DAF8000003F0DCFCF9
:1010B000002800F0EB8006464FF4306800244FF023
:1010C000000B0AF29C40049009E000BF0BF1010BF9
:1010D000760808F1200804F1240400F0D780F00716
:1010E000F4D05FFA8BF9DAF80000494603F0D8FC37
:1010F0000746C0075FD005EB080001218160DAF8E0
:10110000000008EB0001036C8A689AF80650012D74
:1011100025D1150732D4950600F1B08043F20B05B6
:10112000C4F65475AB42069D02D312F400422FD18F
:101130000AEB0402D2F8743209696FF3DF41A3EBC2
:101140000101C2F8681294BBD2F86432002B00F09F
:101150009B80D2F860020844C2F8600227E043F2A4
:101160000B05C4F65475FF35AB4217D11004069D2C
:101170000ED490061BD52020886018E043F20B00A7
:10118000069DC4F65470834215D312F4004012D069
:101190004FF40040886038070FD437E0069D34B91B
:1011A000DAF8641219B90021049A03F05DFA504686
:1011B0004946FFF7F1FD380728D505EB080008215F
:1011C000816043F20B01DAF80000C4F65471056C3B
:1011D00040448D42816805D311F400411CBF4FF497
:1011E00000418160504600F0FBFB43F20B00C4F667
:1011F00054708542069D09D39AF80600012805D14E
:10120000DAF800000121049A03F02EFAF80607D458
:10121000B8070BD4B80624D4B8047FF557AF27E03D
:1012200005EB080010218160B807F3D56869000656
:1012300004D50599486840F4806048600AEB0400D2
:1012400090F85712012906D1002180F85712504614
:10125000494600F0ADFA05EB080002218160B806AE
:10126000DAD505EB080020218160B8047FF52EAFA8
:1012700005EB08004FF40051816027E720208860CB
:10128000069D380799D4C1E701218DE7DAF80000FF
:1012900003F00EFC400340F1DC80DAF8000003F0BC
:1012A000DBFB002800F0D5800646069800F51069A3
:1012B0000AF1140B00270AF29C400290CDE903B911
:1012C00005E000BF760807F1010700F0C280F007D3
:1012D000F8D0FDB2DAF80000294603F0CDFB044651
:1012E000C0070BD1200733D4E00637D460063BD4C7
:1012F000A0073FD42006E5D555E000BF059B07F0C9
:101300000F004FF0010C09EB47120CFA00F0596B7B
:1013100021EA00005863C2F808C09AF806000128C4
:1013200010D107EBC7000BEB8000D0E9021211448B
:10133000C1603FB9006928B9DAF800000121029ABA
:1013400003F092F950462946FFF71AFD2007CBD546
:1013500009EB471008218160E006C7D509EB47106B
:10136000102181606006C3D509EB471040218160E0
:10137000A007BFD50698394603F036FB07EBC70038
:101380000BEB800010F8031F012905D1002101702B
:101390005046294600F008FA09EB47100221816007
:1013A00020067FF58FAF07EBC7000BEB8008D8E96D
:1013B00004108142FFF486AFDAF80040081AD8F82A
:1013C0000810884238BF014604EB47100331D0F8BB
:1013D000182992B2B2EB910F28D300F5106900BF23
:1013E000D8E90410814221D9081A9AF80620D8E9D0
:1013F00002B1584538BF8346009220461FFA8BF34E
:101400002A4603F04DFCD8F80C00D8F814105844C4
:10141000C8F80C0001EB0B00C8F814000BF1030036
:10142000D9F8181089B2B1EB900FD9D2D8E90401DC
:101430008842DDE903B93FF645AF07F00F0001210F
:1014400001FA00F0D4F8341821EA0000C4F8340896
:1014500038E7DAF8000003F02BFBB0F1FF3F069C01
:1014600019DC0599486820F0010048609AF8CC041E
:10147000012807D100208AF8CC0400215046FFF74C
:1014800043FC02E0504600F077FADAF800004169C8
:1014900001F000414161DAF8000003F009FB0005AA
:1014A0000CD505988068C00702D0504600F0C0FAFD
:1014B000DAF80000416901F400614161DAF80000E6
:1014C00003F0F6FA000117D5DAF80000416901F0DF
:1014D000006141619AF8CC1419B1504600F0A8FAA5
:1014E0000AE001218AF8CC14406DC0F38300CAF8E9
:1014F000D0045046FFF708FCDAF8000003F0D8FAF1
:10150000C00453D50599486820F001004860DAF816
:101510000000102103F068FA9AF80400D8B104F52D
:1015200010614FF67F3200BF8A6001380B6823F4E8
:1015300000130B60C1F80822D1F8003223F4001325
:10154000C1F80032D1F8003243F00063C1F8003234
:1015500001F12001E8D1059F84214422F86940F07F
:101560000110F8619AF80F0000284FF00B0008BF37
:10157000142104BF42F22B0010227B5818437850EC
:10158000B85840F00B00B85038680AF29C4220F47A
:10159000FE6038609AF80610DAF8000003F064F88C
:1015A000DAF80000416901F480514161DAF8000085
:1015B00003F07EFA80041CD5DAF8000002F040FE49
:1015C000DAF8000003F034FA8AF80700DAF800408D
:1015D0000AF07AFF9AF807200146204603F0D8FA6D
:1015E000504600F0B9F9DAF80000416901F4005101
:1015F0004161DAF8000003F05BFA000708D55046B5
:1016000000F0D6F9DAF80000416901F00801416103
:10161000DAF8000003F04CFA00062AD5069988692A
:1016200020F0800088619AF80400022821D30AF58E
:1016300015740AF11405012640F27B2706E000BF6D
:101640009AF8040001362437864212D21AF80700AD
:101650000128F5D106F00F00320600EBC00005EBC3
:10166000800158BF04EB8001DAF8000003F06CF948
:10167000E6E7DAF8000003F01BFAC0022FD59AF86B
:101680000400022825D306980AF1140400F5126517
:101690000AF13B064FF00108012706E09AF8040022
:1016A000013720352436874213D228687178012902
:1016B000F4D1B0F1FF3FF1DC07F00F0086F80080B5
:1016C00000EBC00004EB8001DAF8000003F03CF905
:1016D000E4E7DAF80000416901F480114161DAF8C9
:1016E000000003F0E5F9800235D59AF80410069D54
:1016F00002292AD305F5326001390AF51F72012348
:1017000006E000BF013900F1200002F124021CD0E4
:1017100007681678012EF5D1B7F1FF3FF2DCDAF851
:10172000D46407F4803706F00106B742EAD102F824
:10173000013CAF6947F08007AF616F693F06E1D4B4
:101740000599486840F400704860DAF80000416983
:1017500001F400114161DAF8000003F0A9F940003A
:1017600008D55046FFF700FBDAF80000416901F0A8
:1017700080414161DAF8000003F09AF940077FF5F3
:1017800030ACDAF800004468600702D55046FFF735
:101790000FFBDAF8000041682143416007B0BDE863
:1017A000F08F000000000000D0F8E00402F0F4B870
:1017B000D0F8E00402F008B9002866D0B0B582B0D5
:1017C0000446056890F8950428B9002084F894042C
:1017D000204600F06DF80020C4F2080085424FF06A
:1017E000030084F8950401D10020A071206802F064
:1017F00033FFD4E90001257CD4E90223009502F0EF
:101800002FFDE0BB2068002103F07AF9B8BB2079F6
:1018100060B300EBC000002180004FF0010C0023FA
:10182000002200BFE518243398422A75EA8502F1A8
:10183000010285F815C02976E96129626962F1D152
:1018400000210022002300BFA5182432904285F811
:10185000543203F1010385F8551285F85812C5F882
:101860005C12C5F86012C5F86412EDD1D4E900012C
:10187000257CD4E90223009502F0D2FD38B1022084
:1018800084F89504012002B0B0BD0120704700200B
:101890006074012084F89504207B012802D1204641
:1018A000FFF71EFA206802F0ABFD002002B0B0BDC9
:1018B000B0B5A8B0044607A884210AF00AFE0021AA
:1018C0002068C4F20401002588420695CDE904553C
:1018D0000395029501D028B0B0BD0AF0FFFD4FF08E
:1018E0008040079007A824950AF0FDFD0AF000FE4D
:1018F00044F23850C5F60200016841F00071016001
:10190000016801910199016841F0806101600168FD
:1019100001910199816841F4805181608068019052
:101920000198602002900220CDE903050320059074
:101930000A20069043F2000002A9C5F602000AF050
:10194000BEFD5B20002100220AF0D7FD5B200AF0DB
:10195000D9FD28B0B0BD000010B5C17904460029FA
:1019600018BF0121D0F8E00402F0BAF8D4F8E0047E
:10197000BDE8104002F068B810B50446C07A48B11E
:101980000AF0C5FD4EF61050CEF20000016821F0BD
:10199000060101602068D0F8001E21F00101C0F8A6
:1019A000001ED4F8E004BDE8104002F07DB800004D
:1019B000D0F8E00402F084B890F89424012A01D110
:1019C0000220704710B5012280F894244174044627
:1019D0000268104603F0C8F8002084F8940410BD93
:1019E000D0F8E02400F29C41104602F091B80000CB
:1019F00010B5044690F89404012801D1022010BDCE
:101A00002068012184F89414C168490606D5617BD9
:101A1000012903D1816B41F48031816302F0DCFF45
:101A2000206802F0DDFC002084F8940410BD000062
:101A300010B5044640F68A20C2F200400021017031
:101A4000D4F8E00402F0BCF82068D0F8001E41F0A1
:101A50000101C0F8001EE07A002808BF10BD0AF09E
:101A60005BFD4EF61050CEF20000016841F0060119
:101A7000016010BD0000000088B370B5044690F806
:101A8000450015460E4628B9002084F8440020463B
:101A900000F02AF8206804F10801FEF7E9FD20684B
:101AA0003146A268FEF72CFED4E90102E36A29461A
:101AB000FEF7BAFDA068216851F8202042F001022B
:101AC00041F8202044F20000C5F20020016841F0F6
:101AD00000410160012084F84500002070BD012014
:101AE000704700000000000044F200010068C5F2E9
:101AF0000021884218BF7047F0B585B044F24050CD
:101B00000025C5F60200C5F602056C460C2750F804
:101B10000C1C41F0100140F80C1C50F80C1C0091FA
:101B20000099016841F0010101600168009100998C
:101B3000016841F0020101600168009100990168AB
:101B400041F002010160016800910099016841F0D3
:101B500001010160016800910099016841F00801EC
:101B60000160016800910099016841F01001016075
:101B700000680090009849F60770009002200190DC
:101B80000121CDE902102846214604970AF097FC6E
:101B900005F5806643F638400090304621460AF04D
:101BA0008EFC042000903046214604970AF087FC02
:101BB000202000902846214604970AF080FC4FF42C
:101BC0008050009005F54060214604970AF077FCAC
:101BD0004FF48060009005F58050214604970AF08C
:101BE0006EFC05B0BDE8F04070470000000000004A
:101BF0007047000000000000704700000000000077
:101C00007047000000000000704700000000000066
:101C1000704700000000000070B5046840F62F0116
:101C2000E269114020292168A66805D101F020034E
:101C300006F080555B1939D140F60F0313400DD0E3
:101C4000012340F22015C1F20003C0F2004506EA6C
:101C5000030C01EA050313EB0C032DD1D306C36E6D
:101C600016D5012B14D111F0100311D010212162CF
:101C7000A168490600F1FB80B0F85C10B0F85E2066
:101C8000B0F85E30002B18BF914240F0518170BD1A
:101C9000D30240F1CA8016F4800300F0C6804FF4EE
:101CA00080112162BDE87040FFF7AEBF416F00298F
:101CB000EDD0BDE870400847D30718BF11F480731A
:101CC00007D001232362D0F8903043F00103C0F81D
:101CD0009030930706F0010E0AD5BEF1000F07D031
:101CE00002232362D0F8903043F00403C0F8903010
:101CF00053070AD5BEF1000F07D004232362D0F8A2
:101D0000903043F00203C0F8903013070CD501F077
:101D1000200353EA0C0307D008232362D0F8903045
:101D200043F00803C0F8903013050BD511F0806321
:101D300008D04FF400632362D0F8903043F02003C2
:101D4000C0F89030D0F89030002BA0D092060AD581
:101D500001F0200106F08052891804D0416F11B1C2
:101D60000446884720460168D0F89020896802F030
:101D7000280201F04001891806D10446FFF748FF08
:101D80000020C4F8900070BD016851E8001F02688F
:101D900021F4907142E80013002BF5D14FF6FE714B
:101DA000CEF6FF71026852E8022F03680A4043E84A
:101DB0000226002EF6D1C16E012909D1016851E831
:101DC000001F026821F0100142E80013002BF5D13A
:101DD0002021C0F88C100021C1660268416791681B
:101DE000490640F1988000BF016851E8021F02686F
:101DF00021F0400142E80213002BF5D1D0F8801009
:101E0000002900F0888042F2493204460846C9F2AF
:101E10000002CA66FEF7ECFC00283FF438AFD4F8A5
:101E20008000C16EBDE870400847130606D501F07A
:101E3000800306F400069B1940F0AB8053066ED574
:101E400011F040036BD000BF016851E8001F026829
:101E500021F0400142E80013002BF5D12021C0F809
:101E6000881000218167BDE8704000F009B9D0F802
:101E700080100A68926C93B2002B3FF408AFB0F860
:101E80005C60B342BFF403AFA0F85E20096D812906
:101E900035D000BF016851E8001F026821F480714D
:101EA00042E80013002BF5D1016851E8021F0268D7
:101EB00021F0010142E80213002BF5D1016851E83D
:101EC000021F026821F0400142E80213002BF5D105
:101ED0002021C0F88C100021C16600BF016851E8C4
:101EE000001F026821F0100142E80013002BF5D119
:101EF000D0F8801004460846FEF72EFC204602214A
:101F00000167B0F85C10B0F85E20891A89B2BDE8AC
:101F10007040FFF76DBEBDE87040FFF779BE130259
:101F20003ED511F080433BD0BDE87040FFF768BE5E
:101F3000891A00BF026852E8002F036822F49072E9
:101F400043E80026002EF5D14FF6FE72CEF6FF7262
:101F5000036853E8023F0668134046E80235002D47
:101F6000F6D12022C0F88C200022C266426700BF52
:101F7000026852E8002F036822F0100243E80026AE
:101F8000002EF5D189B202220267BDE87040FFF74A
:101F90002FBE816F00293FF47AAEBDE8704008473C
:101FA000D2017FF574AEB1F1FF3FC8BF70BDBDE88F
:101FB0007040FFF721BE000010B5D8B10446D0F83C
:101FC000880028B9002084F8840020460AF0A9FA85
:101FD0002420C4F888002068A16A0268002922F041
:101FE0000101016002D0204600F0DEF8204600F03A
:101FF00057FC08B1012010BD2068416821F49041D0
:102000004160816821F02A018160016841F001018D
:1020100001602046BDE8104000F036B90000000025
:10202000D0F88C30202B06D10123002918BF002ABC
:1020300003D1184670470220704780B50023C3665D
:1020400040F60043D0F800C0C5F600039C450FD011
:10205000DCF804301B020BD5036853E800CFD0F83E
:1020600000E04CF080634EE8003CBCF1000FF3D17F
:1020700000F052FE0023BDE8804018467047000083
:102080007047000000000000F0B500680027D1E9AB
:1020900000CE00EBC212C0F6FF77D1E90234C5686A
:1020A000D2F8886006F0F026C2F88860C6683D4025
:1020B00005EB0E45C6F30B46664401363543C2F8C0
:1020C0008850C568D2F88C606FF3DF2506F0F826DB
:1020D000C2F88C602C44C0686FF3DF2018440130D4
:1020E00040EA0440C2F88C00D2F8940020F00700C7
:1020F000C2F894000B69C2F8943091F83100072BB4
:1021000091F832408D694FEA044491F8306044EA16
:10211000002040F2077440EA05603044C2F89C0099
:10212000D2F8980020F0FF00C2F898004869C2F881
:102130009800D2F8A00020EA0400C2F8A000D1E97B
:10214000074502F1840044EA0504C2F8A0404C6A45
:10215000C2F8AC4006D841F23C62C9F2010252F822
:10216000232000E00122C36AAEEB0C0703F0E0235A
:10217000C362D1E90A1351437A43073242EA01416B
:10218000C162016B40F2FF72914301630363016816
:1021900041F001010160F0BD40F2F830C2F20040B0
:1021A000FEF716BF00000000816A0A070CD4CA07B8
:1021B00015D18A071ED44A0727D4CA0630D48A0606
:1021C00039D44A0642D454E00268D0F838C0536883
:1021D00023F4004343EA0C035360CA07E9D00268C2
:1021E000D0F82CC0536823F4003343EA0C03536047
:1021F0008A07E0D50268D0F830C0536823F48033F2
:1022000043EA0C0353604A07D7D50268D0F834C0BC
:10221000536823F4802343EA0C035360CA06CED5E7
:102220000268D0F83CC0936823F4805343EA0C035F
:1022300093608A06C5D50268D0F840C0936823F43D
:10224000005343EA0C0393604A0612D50268D0F8A3
:1022500044C0BCF5801F536823F4801343EA0C0389
:10226000536006D1536823F4C00C836C43EA0C031B
:102270005360090658BF70470168C06C4A6822F471
:102280000022104348607047B0B582B00446002079
:10229000C4F890000AF00EF921680546096809079C
:1022A00018D54FF4001100226FF07E4000902046B8
:1022B0002B4600F0C1FD68B1206850E8000F21688E
:1022C00020F0800041E80002002AF5D103202021FF
:1022D000882230E020680068400723D54FF4800151
:1022E00000226FF07E40009020462B4600F0A4FDB7
:1022F000C0B100BF206850E8000F216820F4907042
:1023000041E80002002AF5D1206850E8020F216858
:1023100020F0010041E80202002AF5D1032020212B
:102320008C2208E02020C4F88800C4F88C0000212A
:1023300070220020E166A150002184F8841002B0D0
:10234000B0BD000000000000C06D0021A0F85E10CC
:10235000A0F85610FFF75CBCB0F860200168D0F818
:102360008C30222B58D1496A836D114023F8021B0F
:102370008365B0F85E100139A0F85E10B0F85E1009
:10238000002918BF704700BF016851E8001F0268AC
:1023900021F4907142E80013002BF5D1016851E857
:1023A000021F026821F0010142E80213002BF5D15F
:1023B0002021C0F88C1000214167016740F60042DF
:1023C0000168C5F6000291420CD04968090209D59E
:1023D000016851E8001F026821F0806142E80013A3
:1023E000002BF5D1C16E01291BD10021C16600BFB0
:1023F000016851E8001F026821F0100142E8001353
:10240000002BF5D10168CA69D20601D510220A62F3
:10241000B0F85C10FFF7ECBB886940F008008861F9
:1024200070470AF083B800002DE9F04F81B00446F0
:102430000368B0F86050DA6918689968D4F88C704D
:10244000222F2AD1B4F86860002E18BF12F02002A3
:102450002AD1B4F85E00E8B1B4F86810884219D205
:10246000206850E8020F216820F0805041E8020205
:10247000002AF5D142F25930C9F20000606700BF6E
:10248000206850E8000F216840F0200041E8000279
:10249000002AF5D101B0BDE8F08F986940F008003E
:1024A000986101B0BDE8F08F4FF6FE774FF000095C
:1024B000CEF6FF7700F4807B01F0010807E02046AC
:1024C0000AF034F8002E18BF1AF02000C1D020689E
:1024D000A16D426A2A4021F8022BA165B4F85E1072
:1024E0000139A4F85E10D0F81CA05FEA4A7134D01C
:1024F0005FEACA7218BFBBF1000F03D15FEA8A72AC
:102500000BD415E001220262D4F8902042F00102BF
:10251000C4F890205FEA8A720AD5B8F1000F07D09C
:1025200002220262D4F8902042F00402C4F8902003
:1025300000290AD5B8F1000F07D004210162D4F8B0
:10254000900040F00200C4F89000D4F8900020B150
:102550002046FFF75DFBC4F89090B4F85E000028B9
:10256000B0D100BF206850E8000F216820F48070CF
:1025700041E80002002AF5D1206850E8020F2168E6
:10258000384041E80202002AF6D12020C4F88C002D
:10259000C4F8749040F60041C4F87090C5F600018C
:1025A000206888420CD04068000209D5206850E8B5
:1025B000000F216820F0806041E80002002AF5D178
:1025C000E06E01287FF47BAFC4F86C90206850E87F
:1025D000000F216820F0100041E80002002AF5D128
:1025E0002068C169C90601D510210162B4F85C10E8
:1025F0002046FFF7FDFA65E7B0F860100268D0F8F2
:102600008C30222B58D1526A836D11401970816D24
:1026100001318165B0F85E100139A0F85E10B0F8A4
:102620005E10002918BF7047016851E8001F02685A
:1026300021F4907142E80013002BF5D1016851E8B4
:10264000021F026821F0010142E80213002BF5D1BC
:102650002021C0F88C1000214167016740F600423C
:102660000168C5F6000291420CD04968090209D5FB
:10267000016851E8001F026821F0806142E8001300
:10268000002BF5D1C16E01291BD10021C16600BF0D
:10269000016851E8001F026821F0100142E80013B0
:1026A000002BF5D10168CA69D20601D510220A6251
:1026B000B0F85C10FFF79CBA906940F00800906198
:1026C000704709F033BF00002DE9F04F81B0044698
:1026D0000368B0F86050DA6918689968D4F88C70AB
:1026E000222F2AD1B4F86860002E18BF12F0200201
:1026F0002AD1B4F85E00E8B1B4F86810884219D263
:10270000206850E8020F216820F0805041E8020262
:10271000002AF5D142F2F950C9F20000606700BF0B
:10272000206850E8000F216840F0200041E80002D6
:10273000002AF5D101B0BDE8F08F986940F008009B
:10274000986101B0BDE8F08F4FF6FE774FF00009B9
:10275000CEF6FF7700F4807B01F0010807E0204609
:1027600009F0E4FE002E18BF1AF02000C1D0206846
:10277000A16D406A28400870A06D0130A0652068F6
:10278000B4F85E100139A4F85E10D0F81CA05FEA1E
:102790004A7134D05FEACA7218BFBBF1000F03D18F
:1027A0005FEA8A720BD415E001220262D4F890200D
:1027B00042F00102C4F890205FEA8A720AD5B8F1AB
:1027C000000F07D002220262D4F8902042F00402E7
:1027D000C4F8902000290AD5B8F1000F07D00421D1
:1027E0000162D4F8900040F00200C4F89000D4F8E0
:1027F000900020B12046FFF70BFAC4F89090B4F88F
:102800005E000028AED100BF206850E8000F2168AC
:1028100020F4807041E80002002AF5D1206850E8D9
:10282000020F2168384041E80202002AF6D1202038
:10283000C4F88C00C4F8749040F60041C4F870905D
:10284000C5F60001206888420CD04068000209D516
:10285000206850E8000F216820F0806041E8000205
:10286000002AF5D1E06E01287FF479AFC4F86C90AE
:10287000206850E8000F216820F0100041E80002B5
:10288000002AF5D12068C169C90601D5102101626D
:10289000B4F85C102046FFF7ABF963E700000000D6
:1028A000F0B581B00446006822696669D4E9021374
:1028B000114346F6F312D4F81CC00568CCF6FF723B
:1028C00031432A404FF2FF461143C1F2FF1641EA5D
:1028D0000C010160416847F2FF7521F44051C4F2D8
:1028E0000005194340F600434160C5F60003A169A5
:1028F00098421CBF226A11438268A84202EA06027B
:102900004FF0800541EA02018160C26A44F2004151
:10291000C5F6020122F00F02666A42EA0602C262AE
:102920000EDC44F6FF32C4F20002904218DC44F29E
:102930000042C4F2000290421ED044F6000217E0AA
:1029400040F6FF72C4F20022904200F3EF8047F697
:102950000002C4F2000290420ED047F6004207E0A7
:1029600044F60042C4F20002904205D045F2000253
:10297000C4F20002904208D10A6D02F00706062E4A
:1029800003D20FF2843216443578984240F6001094
:10299000C0F23D0000F05180BCF5004F40F079805E
:1029A000402D00F22C810027DFE815F04100540192
:1029B000290129015C01290129012901A00129011D
:1029C00029012901290129012901290132012901AE
:1029D00029012901290129012901290129012901A7
:1029E0002901290129012901290129015E01290162
:1029F0002901290129012901290129012901290187
:102A00002901290129012901290129012901290176
:102A10002901290129012901290129012901290166
:102A20002901290129012901290129014C0109F064
:102A300082FD002840F019814CE1AA1E1E2A00F2F6
:102A40008E800027DFE812F01F009200A3009200A2
:102A500092009200D60092009200920092009200A2
:102A600092009200960092009200920092009200D2
:102A700092009200920092009200920092009200C6
:102A800092009200A50009F05BFD002840F08480D0
:102A900020E1402D00F2B7800027DFE815F041006B
:102AA000DF00B400B4000201B400B400B4002C0193
:102AB000B400B400B400B400B400B400B400C60064
:102AC000B400B400B400B400B400B400B400B40066
:102AD000B400B400B400B400B400B400B400040105
:102AE000B400B400B400B400B400B400B400B40046
:102AF000B400B400B400B400B400B400B400B40036
:102B0000B400B400B400B400B400B400B400B40025
:102B1000B400B400B400B400B400B400B400D700F2
:102B200009F009FD002840F0BF80D3E098420ED0A4
:102B300041F20002C4F2002290427FF426AF4A6DB7
:102B400002F00706062EBFF420AF71A21BE78A6DC4
:102B500002F00706062EBFF418AF69A213E7402D56
:102B600004D14FF400400027B0B9B3E000200127A2
:102B700090B9AFE00868800649F20000C0F2D0309A
:102B800007D50968C1F3C101C84028B9A2E009F01E
:102B9000DCFC002800F09E80616A4CF6E262C9F21B
:102BA0000002656832F8112005EB4501B0FBF2F335
:102BB0008B424FF00101C0F090802E03B34200F22F
:102BC0008C8000210023FDF71BFA0902002341EA53
:102BD00010612A46000210EB550041F10001FDF79B
:102BE0000FFA4FF60052A0F54071C0F20F02914269
:102BF0006ED371E009F0AEFC0028CDD16AE0002070
:102C0000012790BB66E00020012700284CD161E03D
:102C10000868800649F20000C0F2D03024D5096867
:102C2000C1F3C101C84000BB54E00868800649F206
:102C30000000C0F2D03036D50968C1F3C101C840E8
:102C400090BB47E04FF4004078B943E04FF40040B8
:102C500050BB3FE009F083FC38B93BE009F07FFC52
:102C600010BB37E009F071FCA0B3616A4CF6E26278
:102C7000C9F2000232F811106268B0FBF1F051089D
:102C800001EB4000B0FBF2F0A0F110014FF6EF7243
:102C9000914221D84FF6F0710140C0F34200084440
:102CA00016E009F052FCA8B1616A4CF6E262C9F282
:102CB000000232F811106268B0FBF1F000EB520034
:102CC000B0FBF2F0A0F110014FF6EF72914203D881
:102CD0002168C860394600E001214FF00110A0666C
:102CE0000020C4E91D00084601B0F0BD09F032FC27
:102CF0000028BAD1EEE709F02DFC0028D4D1E9E78D
:102D000002040810204000000004081020400000C9
:102D1000010408102040000081650023A0F85C2019
:102D2000A0F85E208168436771B1B1F1805F07D080
:102D3000B1F5805F0ED1016951B940F2FF110AE08F
:102D4000016919B13F2106E0016909B17F2102E063
:102D5000FF2100E00021A0F860100021C0F89010D1
:102D60002221C0F88C1000BF016851E8021FD0F882
:102D700000C041F001014CE80213002BF4D1416E78
:102D8000B1F1005F03D1B0F86810914225D9816894
:102D9000B1F5805F02D10169002941D042F2F951B9
:102DA000C9F200010269416762B100BF016851E8E0
:102DB000001F026841F4907142E80013002BF5D126
:102DC0002CE000BF016851E8001F026841F02001BB
:102DD00042E80013002BF5D120E08168B1F5805F57
:102DE00001D1016909B342F2C961C9F20001026966
:102DF00041674AB1016851E8001F026841F48071DF
:102E000042E80013002BF5D1016851E8021F026867
:102E100041F0805142E80213002BF5D100207047A9
:102E200042F25931C9F20001BCE742F22941C9F22C
:102E30000001DCE7000000002DE9F04381B004460A
:102E40000068C0690840401AB0FA80F0400990421A
:102E500057D1DDF820800D461646994608F1010746
:102E600009E000BF2068C0692840401BB0FA80F02C
:102E70004009B04245D1002FF4D009F01BFBB8F156
:102E8000000F01464FF003003CD0A1EB0901414582
:102E900038D8206801684907E4D5402D18BF802D37
:102EA000E0D0C169090730D4C1690905DAD54FF40A
:102EB00000610162206850E8000F216820F49070E2
:102EC00041E80002002AF5D14FF6FE70CEF6FF7001
:102ED000216851E8021F2268014042E80213002BDA
:102EE000F6D1E06E012809D1206850E8000F216872
:102EF00020F0100041E80002002AF5D10320202133
:102F00002CE0002001B0BDE8F0830821016200BF81
:102F1000206850E8000F216820F4907041E800021A
:102F2000002AF5D14FF6FE70CEF6FF70216851E809
:102F3000021F2268014042E80213002BF6D1E06E26
:102F4000012809D1206850E8000F216820F0100006
:102F500041E80002002AF5D1012008212022C4F80E
:102F60008C200022E2666267C4F8901084F8842006
:102F700001B0BDE8F083000010B540F244140A46E9
:102F8000C2F2004402A0214600F08EFB204610BD94
:102F900043444320436F6E666967000000000000F1
:102FA000D0F8D42200EB820CDCF8C0223AB3B0B5E2
:102FB00001F00F0404EB840300EB830E5EF8183F6E
:102FC0005BB1D0F8C85204EBC40405EB8404E46997
:102FD000B3FBF4F505FB14339BB10020C2F81402D7
:102FE000DCF8C4321B69002B08BFB0BD02F5047CBD
:102FF000D2F808020A46614698470020B0BD032077
:10300000704700220023CEF8002000F0E9FD0020E8
:10301000B0BD000000000000B0B5D0F8D42200EB35
:103020008202D2F8C05295B1044600F055FCD4F8A3
:10303000D412C5F80C02D5F8040204EB8101D1F8D2
:10304000C42205F50371D26890470020B0BD03206B
:10305000B0BD00000000000070B58121044600F002
:103060007FFB012120460025258700F079FB822186
:103070002046A4F8785100F073FBD4F8D40204F58C
:103080003076E56456F8201089B104EB8000D0F862
:10309000C40240688047D4F8D40256F8200001F0FA
:1030A00083F8D4F8D40246F82050C4F8BC5200206B
:1030B00070BD00000000000040F2BC001222C2F20D
:1030C00000400A807047000010B5D0F8D41200EB21
:1030D0008100D0F8C04284B1D0F8C41259B194F83C
:1030E0000002FF2807D094F801228B6821469847F8
:1030F000FF2084F80002002010BD032010BD000056
:1031000040F29C010A22C2F2004102800846704748
:10311000F0B581B040F258070446C2F20047822160
:10312000384600F0A5FA05460121384600F0A0FA1D
:1031300006468121384600F09BFA002D1CBF102165
:10314000A971002E1CBF4021B18000281CBF402166
:10315000818040F258004321C2F20040218001B03A
:10316000F0BD000000000000F0B581B040F258074B
:103170000446C2F200478221384600F079FA05463B
:103180000121384600F074FA06468121384600F0E5
:103190006FFA002D1CBF1021A971002E1CBF4FF427
:1031A0000071B18000281CBF4FF40071818040F293
:1031B00058004321C2F20040218001B0F0BD000060
:1031C000F0B581B040F258070446C2F200478221B0
:1031D000384600F04DFA05460121384600F048FA1D
:1031E00006468121384600F043FA002D1CBF10210D
:1031F000A971002E1CBF4021B18000281CBF4021B6
:10320000818040F258004321C2F20040218001B089
:10321000F0BD0000000000002DE9F04104464FF42D
:10322000077000F0C5FF002849D04FF4077105462C
:1032300009F04FF9D4F8D402217C4027022204EB94
:10324000800000294FF081014FF00206C0F8C05203
:103250002046C4F8BC5208BF4FF400773B4600F04C
:10326000CBFB0121022220463B464FF00108A4F887
:10327000388000F0C1FB1020A4F84E008221032208
:1032800008232046A4F8788100F0B6FBD4F8D402D5
:103290000027C5F8047204EB8000A4F84C80D0F835
:1032A000C40200688047C5F81472C5F81872D5F8D2
:1032B0000422A2B1207C012158B140230BE0D4F8B4
:1032C000D402002104EB8000C0F8C0120220BDE847
:1032D000F0814FF40073204600F0A2FB0026304638
:1032E000BDE8F0810000000010B540F244140A4629
:1032F000C2F2004402A0214600F0D6F9204610BDDB
:1033000043444320496E7465726661636500000042
:1033100040F2D0000422C2F200400A807047000050
:1033200010B540F244140A46C2F2004402A02146FD
:1033300000F0BAF9204610BD53544D6963726F65B1
:103340006C656374726F6E69637300000000000047
:1033500010B540F244140A46C2F2004402A02146CD
:1033600000F0A2F9204610BD53544D333220566967
:10337000727475616C20436F6D506F727400000041
:10338000D0F8D41200EB8101D1F8C01271B180B530
:10339000027C4023002AD1F804224FF0010108BF2B
:1033A0004FF4007300F03CFB002080BD0320704709
:1033B00039B1D0F8D42200EB8200C0F8C41200204A
:1033C000704703207047000070B54FF60000C0F64C
:1033D000FF0002688368D2184FF01A030B802ED0CA
:1033E00040F2D40C40686FF00101C2F2004C4FF083
:1033F000370E0023140F0CEB01050EEB1276B2F121
:10340000204F38BF04F13006023112010E292E710F
:103410006B71EFD10CF1100104224FF0370C002337
:10342000060FB0F1204F0CEB107538BF06F13005D8
:10343000013A4FEA001001F8025F4B70F0D140F200
:10344000D400C2F2004070BDD0F8D42200EB82005C
:10345000D0F8C00218B1C0F8041200207047032051
:103460007047000000000000D0F8D43200EB830069
:10347000D0F8C00228B1C0F80812C0F8102200200D
:103480007047032070470000F0B581B0D0F8D42217
:1034900000EB820300228DF80320D3F8C042ADF880
:1034A0000020002C54D00D7815F0600214D0202A92
:1034B0004CD1CA881AB36DB2B5F1FF3F27DD497808
:1034C000402A84F80012214628BF402284F80122B5
:1034D00000F096F800243CE04A780B2A36D8002405
:1034E000DFE802F0063734343434343434342530F1
:1034F00090F89C22032A29D1694602221EE0D3F8C3
:10350000C4224878002493680022984721E0D3F829
:10351000C4524B7806460F46AD6818462146A84768
:10352000FA8830462146072A28BF072206E090F88D
:103530009C22032A0AD10DF10301012200F07CF83C
:10354000002406E090F89C22032A02D000F04CF8F8
:103550000324204601B0F0BDD0F8D41200EB810165
:10356000D1F8C0323BB1D3F8141200294FF0010159
:1035700003D0084670470320704780B5C3F8141283
:103580008121D3F80822D3F81032C36200F028FB5F
:103590000021BDE8804008467047000000000000A0
:1035A00080B5D0F8B82252689047002818BF032091
:1035B00080BD0000000000000020704700000000F7
:1035C000002070470000000080B513460A46002125
:1035D00000F026FA002080BD80B513460A4600217F
:1035E00000F0FEFA002080BD10B58021044600F0F6
:1035F000BFFA00212046BDE8104000F0B9BA000033
:1036000080B50323C0F894321346C0F858210A4607
:103610000021C0F85C3100F003FA002080BD0000FA
:1036200080B50521C0F8941200210022002300F08B
:10363000F7F9002080BD000080B50223C0F8943265
:10364000134682610A460021C36100F0C9FA0020D6
:1036500080BD00000000000080B50421C0F8941275
:1036600000210022002300F0BBFA002080BD0000F2
:10367000B0F802C003789C4510D980B504E000BFC3
:1036800073449AB262450BD290F800E070444278DD
:10369000052AF5D182788A42F2D180BD0020704798
:1036A000002080BD00000000002808BF704710B552
:1036B000037863B1A0F1010E4FF0000C9EF80230C8
:1036C0000CF1010C0EF1010E002BF7D101E04FF0CF
:1036D000000C5FFA8CFC022303EB4C0313800B708D
:1036E00003224A70027882B1013802234FF0000CA5
:1036F0005FFA83FE51FA83F4023301F80E2084F856
:1037000001C082780130002AF2D1BDE81040704734
:1037100080B10023C0F8B832C0F8C4320029C0F824
:10372000D03218BFC0F8B412012180F89C12027088
:1037300000F0D6B80320704780B5D0F8C802FDF776
:103740006BFB40F20032C100C0F20132032822FAC2
:1037500001F188BF0321C8B280BD00000000000055
:1037600080B5D0F8C802FDF72FFB40F20032C1004F
:10377000C0F20132032822FA01F188BF0321C8B246
:1037800080BD000000000000B0B581B190F89C221F
:10379000032A4FD1D0F8B8225269002A4AD0002318
:1037A000C0F8D4329047002808BF0020B0BDD0F840
:1037B0009412022938D1D0E907318B420DD95B1A16
:1037C00011461A46C3610446FFF706FF0021002296
:1037D0000023204600F024F925E00FD182698A42B7
:1037E0000CD3D0F898128A4208D20021002200257A
:1037F0000446FFF7F1FEC4F89852E7E790F89C12F0
:10380000032909D1D0F8B812C96829B10022C0F83B
:10381000D4220446884720468021044600F0A8F9B7
:103820002046FFF7FDFE204690F8A01211B10021BE
:1038300080F8A0120020B0BD10B589B190F89C228C
:10384000032A08D1D0F8B822002392691AB1C0F82F
:10385000D432904700E00020002808BF002010BDAF
:10386000D0F8941203291FD1D0E9571399420BD9EC
:10387000C91AC0F85C11994238BF0B4611461A4666
:10388000FFF7A2FE002010BD90F89C12032909D179
:10389000D0F8B812096929B10022C0F8D422044630
:1038A00088472046FFF7D8FE002010BD000000002A
:1038B0000020704700000000012180F89C12D0F821
:1038C000B8223AB180B5017952689047002818BFF4
:1038D000032080BD00207047D0F8C802FDF7C8BAA9
:1038E000B0B501780022002509B1E8B2B0BD40F2C0
:1038F000F8310325C2F20041C0F8C812C1F8E00453
:103900000020C4F2040008600920087108464D72C6
:10391000CA804A810A73CA81FDF74EFFC10040F296
:103920000032C9B2C0F20132042838BF22FA01F5D0
:103930000328DAD80028D8D140F2F8344FF40071C7
:10394000C2F200442046FDF7E3F900214022204660
:103950000025FDF7E1F9012180222046FDF7DCF981
:10396000E8B2B0BD0000000001F07F02D0F8C8024C
:1039700001EBC10349B202EBC202002900EB820253
:1039800000EB830000F2562048BF02F116000078D9
:103990007047000000000000D0F8D42200EB820243
:1039A000D2F8B8225AB190F89C32032B05D1126A92
:1039B0001AB180B59047002080BD002070470320D9
:1039C0007047000000000000D0F8D42200EB820213
:1039D000D2F8B8225AB190F89C32032B05D1526A22
:1039E0001AB180B59047002080BD002070470320A9
:1039F000704700000000000080B59446D0F8C8026F
:103A00001A466346FDF740FA40F20032C100C0F2A8
:103A10000132032822FA01F188BF0321C8B280BD18
:103A200080B5D0F8C802FDF75FFA40F20032C1005D
:103A3000C0F20132032822FA01F188BF0321C8B283
:103A400080BD000000000000F0B581B0012680F8C4
:103A50009C620025C0F8945204464560D0F8B80234
:103A6000C4F8A45284F8A05240B1426832B1002197
:103A7000204690470546002818BF03250021002254
:103A8000402320464027FFF7B7FF80210022402334
:103A90002046A4F86461C4F86071FFF7ADFFA68406
:103AA0002846276201B0F0BD90F89C12042903D18A
:103AB00090F89D1280F89C120020704700000000D2
:103AC00090F89C12032908D1D0F8B81229B1C9691D
:103AD00019B180B58847BDE88040002070470000DC
:103AE000024600201174704780B5D0F8C802FDF777
:103AF00063FF40F20032C100C0F20132032822FA13
:103B000001F188BF0321C8B280BD000000000000A1
:103B1000B0B500F2AA240546204600F075F8012150
:103B2000C5F8941295F8AA12B5F8B03201F01F0248
:103B3000C5F89832022A0ED0012A06D08AB9284642
:103B40002146BDE8B04000F09BB828462146BDE8BC
:103B5000B04000F0E9BA28462146BDE8B04000F088
:103B60003FBA01F080012846BDE8B040AFF30080C5
:103B700080B5D0F8C802FDF7D3F940F20032C10099
:103B8000C0F20132032822FA01F188BF0321C8B232
:103B900080BD00000000000080B5D0F8C802FDF72D
:103BA00027FF40F20032C100C0F20132032822FA9E
:103BB00001F188BF0321C8B280BD000000000000F1
:103BC000014690F89C02042803D091F89C0281F8E9
:103BD0009D020020042281F89C2270470000000012
:103BE00080B5D0F8C802FDF7D3F940F20032C10029
:103BF000C0F20132032822FA01F188BF0321C8B2C2
:103C000080BD0000000000000A7802704A7842700F
:103C10004A8842808A888280C988C18070470000B3
:103C200010B582B004464FF00000ADF80600B1B107
:103C3000D4F8D40204F52E72C4F8B81252F8200059
:103C4000C16A21B10DF106008847C4F8D002D4F84A
:103C5000D8020130C4F8D802002002B010BD032001
:103C600002B010BD00000000D0F8B8220AB11268FE
:103C70001047002070470000FFF78EBF00000000D3
:103C8000F0B581B00A7812F060020FD0402A18BF58
:103C9000202A40F0C580D0F8D42200EB8202D2F86E
:103CA000B822926801B0BDE8F04010474A78092A6E
:103CB00000F2B680DFE802F0052CB44FB45874B4BB
:103CC0001A3C90F89C22013A022A00F2A980C98885
:103CD000022940F0A580D0F8A41203220029014651
:103CE00008BF012241F80C2F02225DE1C988012999
:103CF00040F0968090F89C124A1E022A80F08B8039
:103D000001460122002441F8084FFFF795FC90E09E
:103D100090F89C22013A022A00F28280498800240D
:103D2000012940F08680C0F8A442FFF795FC80E0AE
:103D3000498840F24015C2F2004511F0FE0F29708B
:103D400045D080210446FFF713FF00212046FFF7EE
:103D50000FFF03246DE04A88022A55D0012A5FD163
:103D60000121C0F8A41252E08A88002A58D1CA88DA
:103D7000002A55D14D887F2D52D890F89C120329E6
:103D80004ED0E9B280F89E520446FFF7ADFE2046C1
:103D90002646FFF761FC002D00F01D8102201BE18B
:103DA0004A884FF0FF330027ADF8027003EB12236F
:103DB000062B4ED8DFE803F0044F404D4D5E6A00FD
:103DC0000F46D0F8B4120446007C0A68CEE090F8A2
:103DD0009C22032A6AD0022A40F08C800A0616D060
:103DE00001F001024260C9B20546FFF73DFF0446FB
:103DF000002800F0998080212846FFF7B9FE0021B5
:103E00002846FFF7B5FE71E0497980F8A012FFF768
:103E100023FC00240DE0032902D1011D0122C3E08F
:103E200080210546FFF7A4FE002128460024FFF765
:103E30009FFE204601B0F0BDD2B2052A09D8DFE8C6
:103E400002F003897F847A8E0F46D0F8B4124A6854
:103E500089E00F4690E00F46017C0446D0F8B80296
:103E600000290CBF816AC16A0DF10200884705462E
:103E7000022018E00F46017C00297DD10446D0F8CD
:103E8000B802416B0DF10200884772E00F46017CD9
:103E9000002971D10446D0F8B802016B0DF102007F
:103EA0008847054607206870012070E00A062FD079
:103EB00001F0010241689142A9D0C9B20446FFF75E
:103EC0006FFB2978204661602546FFF7CDFE04464A
:103ED00000287CD080212846FFF74AFE0021284692
:103EE000FFF746FE29792846FFF75AFB022085F89E
:103EF0009C029EE780210446FFF73AFE00212046FF
:103F0000FFF736FE29782046FFF74AFB032490E7A7
:103F1000022280F89C2201F001024260C9B20446EC
:103F2000FFF73EFB204672E72846FFF795FB03208C
:103F300085F89C027DE70F46D0F8B4124A6912E07A
:103F40000F46D0F8B412CA680DE00F46D0F8B4128C
:103F50000A6908E00F46D0F8B4128A6803E00F46F9
:103F6000D0F8B4128A693AB10446007C0DF102011E
:103F70009047054601200AE080210646FFF7F8FD3C
:103F80000021304600253446FFF7F2FD002090B1B5
:103F9000FA886AB1BDF8021079B19142204638BF63
:103FA0000A462946ADF80220FFF746FB002440E709
:103FB0002046FFF751FB00243BE780212046FFF716
:103FC000D7FD00212046FFF7D3FD002431E7284626
:103FD000FFF742FB2DE7012086F89C02002428E72A
:103FE00070B50A780D460979044612F0600209D0CE
:103FF000402A18BF202A41D12046FFF7DDFAD0B170
:10400000002070BD687880B3012821D0032835D105
:1040100094F89C0203281FD1688838B911F07F00FA
:1040200004D0E88810B92046FFF7A2FD2046FFF72C
:1040300013FB002070BDD4F8B80282680020002A6B
:10404000C4F8D402DCD020462946BDE870401047B1
:1040500094F89C0203281BD002280FD148060DD0EB
:104060002046FFF785FD80210DE094F89C0203288F
:104070001ED0022808BF5FEA416040D08021204660
:10408000FFF776FD00212046FFF772FD002070BD8E
:1040900068880028B4D10E46480603D02046314631
:1040A000FFF74AFB2046FFF7D7FA20463146A4E740
:1040B00001F00F00802900EB800004EB800002D2A9
:1040C000B0F8640100E0808C0028D7D001F07F00B8
:1040D00001EB8102802900EB800004EB800000F1FD
:1040E000140504EB820038BF00F5AA75480612D00B
:1040F0002046FFF739FC002818BF01200CE0080615
:104100004FF0140058BF4FF4AA700022211822501B
:104110000222204604E00020286002222046294690
:10412000FFF78AFA002070BD70B50A7812F06002BD
:1041300018BF402A11D190F89C22013A022A0ED8C9
:104140008A8812F0FE0F0AD10E460546D1B2FFF75B
:1041500037FA78B1032431461BE0202AEBD08021C6
:104160000546FFF705FD002128460024FFF700FD66
:10417000204670BDD5F8B8128A6842B128460021A1
:10418000C5F8D412314690473146044601E0314625
:104190000324C888002808BF002CE9D12846FFF76F
:1041A0005BFA204670BD00000146002008F090B880
:1041B0000146002008F0C0B810B50C784A78D0F855
:1041C0001CC804F00F034FEA441E012A18D1012233
:1041D0009A4000EB0E0342EA0C02C0F81C28D3F808
:1041E0000009000429D403F510600A7989686FF387
:1041F000DF21036841EA824143EA8452114317E018
:104200004FF4803202FA03F300EB0E0243EA0C0390
:10421000C0F81C38D2F8000B00040ED40B7902F55C
:10422000306089686FF3DF21026841EA83411143FE
:1042300041F0805141F400410160002010BD0000B8
:104240000146D0F8000940F2FF729043C1F800091E
:10425000D1F80428002042F48072C1F80428704785
:1042600080B582B040F2080CC4F2040CACF1080E28
:1042700070452BD0C16841F04001C160002101911F
:104280000199013101910199B1F1706F16D801695D
:10429000B1F1FF3FF4DC00210191016941F001011E
:1042A000016100BF0199013101910199B1F1706F74
:1042B00004D80169C907F5D1002200E0032213F4F4
:1042C0007F4F816B44D021F4803143E002F47F4082
:1042D000B0F5407F05D1DCF8040020F48000CCF874
:1042E00004000020009000BF00980130009000986A
:1042F000B0F1706F19D8DCF80800B0F1FF3FF3DCC3
:1043000000200090DCF8080040F00100CCF8080024
:104310000098013000900098B0F1706F05D8DCF87B
:104320000800C007F4D1002200E0032201F47F005E
:10433000B0F5803F0FD1DCF8000040F00800CCF869
:104340000000DCF8000040F02000CCF8000002E0A3
:1043500041F480318163104602B080BD000000004E
:1043600080B50A7847F6000C4B78CEF6334C5101F5
:10437000012B014425D1D1F800394FF0010EB3F1E2
:10438000FF3F01F5106307DC196841F00061196017
:10439000196841F08041196002F00F01D0F83C2803
:1043A0000EFA01F18A43C0F83C28D0F81C2822EA12
:1043B0000101C0F81C181968002001EA0C011960FD
:1043C00080BDD1F800EB01F53063BEF1FF3F0CF189
:1043D000707C4FF4803EDFDCD6E700000000000078
:1043E0000146D0F8000E20F00300C1F8000E0020B6
:1043F000D1F8042822F00202C1F804287047000016
:104400000146D0F8000E20F00300C1F8000E002095
:10441000D1F8042842F00202C1F8042870470000D5
:104420002DE9F04F83B01B0C41270026009200BFFE
:1044300040F827600137502FFAD1C7687F0603D4B0
:10444000876B27F000778763DAB2D2B1C36807467B
:1044500013F0400300F1380308BF1F466FF0400619
:104460006FF0800508BF6FF0807608BF6FF400051D
:104470003C6826403E603E682E403E604FF4001788
:104480001CE0D0F8043843F00203C0F804380346B7
:1044900053F8387F27F400171F6053F82C7C7F06F1
:1044A00006D41F6847F080771F604FF4000705E0CF
:1044B0000368802743F04003036003461E683743C8
:1044C0001F600023C0F8003EC7687F0607D4B3EB27
:1044D000116FD0F8003806D043F0010303E0D0F8A4
:1044E000003843F00303C0F800380023019300BFF5
:1044F000019B01330193019BB3F1706F18D80369DD
:10450000B3F1FF3FF4DC002301934FF484630361B4
:10451000019B4FF0000E01330193019BB3F1706FCB
:1045200088BF4FF0010E05D803699B06F0D401E067
:104530004FF0010E00230293029B01330293029B72
:10454000B3F1706F18D80369B3F1FF3FF4DC0023B7
:1045500002931023036100BF029B4FF0000A013356
:104560000293029BB3F1706F88BF4FF0010A05D828
:104570000469E406F0D401E04FF0010ACCB24FF038
:104580000008C0F81088C0F81488C0F81C88A4B3CC
:1045900000F510664FEA441B4FF67F39002400BF38
:1045A0004FF09047002C08BF4FF000673359351982
:1045B00007EAE37333512034C5F81080A345C5F8EA
:1045C0000890EDD100F530664FF000094FF67F34CA
:1045D000002700BF4FF09043002F08BF4FF000634B
:1045E000F55906EB070C03EAE573F3512037CCF8D5
:1045F0001090BB45CCF80840ECD1D0F8103811F43D
:104600007F0F23F48073C0F81038C0F818806FF063
:104610008041416103D1816941F01001816181696B
:1046200043F60003009FC8F23C0317F47F0F41EAF2
:104630000301816103D0816941F008018161012A90
:1046400005D1816941F0804141F0040181614EEA68
:104650000A0003B0BDE8F08F01468268002022F016
:1046600001028A607047000043F20B03D0F840C09B
:10467000C4F654739C4503D3D0F8003B002B1ED4E2
:104680000023C0F8103BD0F8103B012943F400236D
:10469000C0F8103BD0F8103B43F01803C0F8103BB3
:1046A000D0F8103B43F0C041C0F8101B07D1C0F850
:1046B000142BD0F8001B41F08021C0F8001B002013
:1046C00070470000000000004A780B78012A4FEA8A
:1046D000431210440DD1D0F8002922F40012C0F882
:1046E0000029097901F0FE01022913D100F51060BB
:1046F0000CE0D0F8002B22F40012C0F8002B09794E
:1047000001F0FE01022905D100F53060016841F099
:1047100080510160002070470A784B785101012BCD
:10472000084406D1D0F80019002900F5106106D51B
:104730000BE0D0F8001B002900F5306105D4002AF9
:104740001EBF086820F0804008600A68002042F41C
:1047500000120A6070470000F0B54B78002491F811
:1047600000C04FF6FF75012BCFF6F874CEF20705A7
:104770001DD100EB4C1E0E69002E0EF51063DEF805
:10478000107941D03C401C611C69BCF1000F04EA67
:1047900005041C618C6849D03519013DB5FBF4F462
:1047A0000025C1F6F87505EAC4441D6944E000EB34
:1047B0004C134FF6FF7EC0F2070EBCF1000FD3F88A
:1047C000107B07EA0407C3F8107BD3F8104B04EA08
:1047D0000504C3F8104B03F530630E691DD0002E9D
:1047E0008D687AD07719013FB7FBF5F7BEB26E43FB
:1047F00000250E62C1F6F87505EAC7471D6906EA8D
:104800000E062F431F616FE03D401D611D6945F499
:1048100000251D611D692C4020E0002E1CBF8F6803
:104820000F618F680F6207EA0E0758E0A6424FF447
:10483000002588BF0C611C692C431C610C691D6933
:104840006FF3DF442C431C610C79012C07D11C69E8
:1048500024F0C0441C611C6944F000541C61012A0E
:1048600015D1CA69002A18BFCEF81429097901297F
:1048700052D1D0F80808C0054FF0805058BF4FF013
:104880000050DEF800190843CEF8000944E000F5B6
:1048900010634FEA4C169F5947F004479F510F7918
:1048A000012F0FD1D0F80878FF054FF0805758BF7F
:1048B0004FF00057F558002A45EA0702F25032D06F
:1048C0000020F0BD09690029FAD00CF00F01012287
:1048D00002FA01F100F6340320E005EA0E071E6932
:1048E00037431F614FF400261F69012A47EA060279
:1048F0001A6103D1CA68002A18BF5A6109790129CF
:104900000AD1D0F80808C0054FF0805058BF4FF0CA
:1049100000501968084318604FF0044118680843B4
:1049200018600020F0BD0A8A002AC9D0CB68D11CCB
:10493000890800F580504FEA0C32043B013953F8E6
:10494000047F1750FAD1BBE781B0002200924A7869
:104950000978012A4FEA41111BD100F51060425835
:10496000B2F1FF3F2FDC0A5842F000620A500A58A9
:1049700042F080420A5042F2107200BF009B0133A5
:104980000093009B934221D84358B3F1FF3FF5DDDC
:1049900019E000F530604258B2F1FF3F13DC0A58CD
:1049A00042F000620A500A5842F080420A5042F235
:1049B000107200BF009B01330093009B934205D807
:1049C0004358002BF6D4002001B07047012001B0FD
:1049D000704700000000000001468268002042F09D
:1049E00001028A607047000081B00022009200BF7F
:1049F000009A01320092009AB2F1706F15D80269E4
:104A0000B2F1FF3FF4DC8901002200922031016104
:104A10000099013100910099B1F1706F05D80169D9
:104A20008906F5D4002001B07047032001B070471B
:104A3000D0F8081888074FF0020001F0060158BFAF
:104A40000F20002908BF0846704700000000000042
:104A5000406900F001007047D0F81818D0F81C0821
:104A6000084080B270470000D0F81818D0F81C0831
:104A70000840000C70470000D0F810C8D0F8343857
:104A800001F00F0200EB411023FA02F2D201D0F83C
:104A90000809D1B241EA0C0108407047000000004B
:104AA00000EB4111D1F8081BD0F8140808407047FA
:104AB000416980690840704780B5930802F0030E91
:104AC00009D004394FF4805C013B50F80C2041F8C8
:104AD000042FF9D10431BEF1000F0ED04FF48052F3
:104AE00000238058AEF1010E20FA03F201F8012BE9
:104AF0005FEA0E4203F10803F4D1084680BD0000CE
:104B0000B0B50446C06820F0C040E06091B1012912
:104B100026D1E068002540F00050E0600A2007F050
:104B200023FD6069C00705F10A0014D1BE2D0546BA
:104B3000F4D310E0E068002540F08040E06000BF62
:104B40000A2007F011FD6069C00705F10A0002D0D4
:104B5000BE2D0546F4D3C838B0FA80F04009B0BD88
:104B60000120B0BD000000000246D0F8000820F48B
:104B7000FE6001F07F01C2F800080020D2F8003882
:104B800043EA0111C2F8001870470000000000005D
:104B9000022A02465CD145F2403043F20053CFF680
:104BA0002770C0F20C030844984202D24FF47051AF
:104BB00050E041F6406044F24023CFF61B70C0F253
:104BC0000F030844984202D24FF4605142E0A1F52D
:104BD000740044F68073A0F51050C0F2120398429E
:104BE00002D24FF4505135E0A1F183704DF22063B1
:104BF000A0F5E740C0F21303984202D24FF44051AF
:104C000028E04BF260604EF26033CFF6E560C0F210
:104C100016030844984202D24FF430511AE04DF284
:104C2000003047F24073CFF6CE60C0F21B03084459
:104C3000984202D24FF420510CE045F6C03049F2C0
:104C4000C013CFF6B360C0F22103084498420AD2E1
:104C50004FF41051D06820F47050D060D368002019
:104C60001943D1607047A1F1B77047F22053A0F506
:104C70005850C0F23803984202D24FF40051E9E78D
:104C800045F2E04049F6E043CFF65960C0F24103F7
:104C900008444FF4C051984238BF4FF4E051D9E76F
:104CA000DDF800C0BCF1000F0CD15BB1033300F59F
:104CB000805C9B0804391203013B51F8040F42F851
:104CC0000C00F9D10020704780B588B04FF080709B
:104CD0000290022003904FF4405141F28832CDE916
:104CE00004104FF0005006904FF08060079040F69F
:104CF000FC6002A9C2F2004007F03BFC00284CD146
:104D000040F6FC600DF10601C2F2004041F288322B
:104D100007F034FC002840D1BDF8060000F00F0079
:104D200001283AD1002003904FF0807002904FF498
:104D300040500490022005904FF0005006904FF034
:104D40008060079040F6FC6002A9C2F2004041F288
:104D5000883207F00EFC00BB40F6FC600DF1060146
:104D6000C2F2004041F2883207F008FCA8B9BDF851
:104D7000060000F00F0106290FD1C0F30321C0F394
:104D800004100844082101FA00F040F65C71C2F2F8
:104D900000410860002008B080BD012008B080BD3F
:104DA00080B588B04FF08070019041F2020002900F
:104DB0004FF440500390022004904FF000500590B3
:104DC0004FF08060069040F6FC6001A9C2F20040FE
:104DD00041F2883207F0CDFB68BB40F6FC600DF174
:104DE0000201C2F2004041F2883207F0C7FB10BB5B
:104DF000BDF8020001A941F2883220F04000ADF870
:104E00000200ADF81E004FF08070019041F20200E8
:104E100002904FF440500390022004904FF0005055
:104E200005904FF08060069040F6FC60C2F20040B2
:104E300007F09FFB10B1012008B080BD40F6FC6078
:104E40000DF11E01C2F2004041F2883207F09BFBD7
:104E5000002818BF012008B080BD0000000000003D
:104E600010B543F200444FF48051C5F6020400220D
:104E7000204607F08DFB012007F076FB4FF48051B0
:104E80000122204607F084FB0120BDE8104007F016
:104E90006BBB0000000000002DE9F043AFB00EAC8A
:104EA0008421204607F015FB402011902046002762
:104EB000CDE90C77CDE90A77CDE90877CDE906771A
:104EC000CDE90477CDE902774FF00408CDF83880BA
:104ED00007F009FB00284FF001047DD144F2345063
:104EE00043F20045C5F60200C5F6020509AE4FF0D3
:104EF0000209016841F48041016001680191019952
:104F0000016841F480510160016801910199C16813
:104F100041F40051C160C0680190019840F6FF70F3
:104F2000099003200C9009200D9028463146CDE9C8
:104F30000A9707F0C4FA4FF480503146CDE90904CE
:104F40002846CDE90B4707F0BAFA40F6FC604AF272
:104F50000001C2F20040C5F2002100F12002C0E9C8
:104F600000184FF08061C16018218760C0E9041902
:104F70004FF44031C763C0E9067792C2C0E90B77AE
:104F8000C0E90D7707F009FB30BB1020069040F612
:104F9000FC6006A9C2F2004041F288320124079465
:104FA00007F000FBC0B9072002A9CDE902000020EC
:104FB00041F28832CDE9040440F6FC60C2F20040C0
:104FC00007F0F5FA40B9FFF74BFFFFF77DFE10B988
:104FD000FFF7E6FE20B1012420462FB0BDE8F083A4
:104FE00000F002F80446F7E710B588B000244FF44B
:104FF0004050CDE90644CDE9044404904FF0005000
:1050000006904FF08060079040F6FC60C2F20040CE
:1050100002A941F28832CDE90244CDE9004407F00B
:10502000A8FA10B1012008B010BD08206946CDE9EA
:10503000000440F6FC60C2F2004007F0BDFA002810
:1050400018BF012008B010BDB0B540F6707540F62D
:105050006074C2F20045C2F200442968A07129B10F
:1050600006F0C6FED5F816002060B0BDC8B1A08815
:1050700041F6631140F240128842C0F2F002226011
:1050800024D049F60601884220D045F210518842CA
:1050900028D142F60041C2F60021A1604FF42C5104
:1050A00019E0A08841F66311F0228842C0F2401254
:1050B000226028D045F21051884230D142F600419A
:1050C000C2F60021A1604FF42C5121E02C21C0F246
:1050D0002A01A1602B21A18140F22031C0F2E01110
:1050E000216005E02C21C0F22A01A1602B21A181C1
:1050F00047F2967188424FF4A0712DD045F21032DC
:10510000904229D02CE02C21C0F22B01A1602A2151
:10511000A18140F2E011C0F22031216005E02C2194
:10512000C0F22A01A1602B21A18145F210318842F1
:1051300007D049F6060188420CD047F296718842A2
:105140000ED149F6060140F240128842C0F2E01248
:10515000226005D14FF448714FF4F07020806180D7
:105160000020BDE8B04006F0DBB900000000000000
:10517000F0B581B0CF20ADF80200BDF802000024E8
:10518000ADF80200C6F20104BDF80200C12224F805
:10519000020C0020ADF802004FF0100CBDF8021018
:1051A0004FF0010EADF802102A27BDF80210218041
:1051B000ADF80220BDF80210ADF80210BDF80210E3
:1051C00021803021ADF80210BDF80230ADF8023078
:1051D000BDF802302380ED23ADF80230BDF8023077
:1051E000ADF80230BDF8023024F8023C6423ADF87B
:1051F0000230BDF80230ADF80230BDF80230238035
:105200000323ADF80230BDF80230ADF80230BDF82E
:10521000023023801223ADF80230BDF80230ADF821
:105220000230BDF8023023808123ADF80230BDF892
:105230000230ADF80230BDF802302380E823ADF82B
:105240000230BDF80230ADF80230BDF8023024F86B
:10525000023C8523ADF80230BDF80230ADF80230D3
:10526000BDF802302380ADF802C0BDF80230ADF8C1
:105270000230BDF8023023807A23ADF80230BDF849
:105280000230ADF80230BDF802302380CB23ADF8F8
:105290000230BDF80230ADF80230BDF8023024F81B
:1052A000023C3923ADF80230BDF80230ADF80230CF
:1052B000BDF8023023802C23ADF80230BDF8023057
:1052C000ADF80230BDF802302380ADF80200BDF821
:1052D0000230ADF80230BDF8023023803423ADF83F
:1052E0000230BDF80230ADF80230BDF80230238044
:1052F0000223ADF80230BDF80230ADF80230BDF83F
:1053000002302380F723ADF80230BDF80230ADF84B
:105310000230BDF8023024F8023C2023ADF8023000
:10532000BDF80230ADF80230BDF802302380EA2328
:10533000ADF80230BDF80230ADF80230BDF80230F1
:1053400024F8023CADF80200BDF80230ADF802309E
:10535000BDF802302380ADF80200BDF80230ADF890
:105360000230BDF802302380C023ADF80230BDF812
:105370000230ADF80230BDF8023024F8023C1B23A5
:10538000ADF80230BDF80230ADF80230BDF80230A1
:105390002380ADF80220BDF80220ADF80220BDF850
:1053A000022024F8022CADF802E0BDF80220ADF88E
:1053B0000220BDF802202280C522ADF80220BDF8EF
:1053C0000220ADF80220BDF8022024F8022CADF82E
:1053D0000210BDF80220ADF80220BDF802202280A4
:1053E0000A22ADF80210BDF80210ADF80210BDF8A7
:1053F00002102180C721ADF80210BDF80210ADF8EF
:105400000210BDF8021024F8021CB721ADF80210FA
:10541000BDF80210ADF80210BDF80210218036214F
:10542000ADF80210BDF80210ADF80210BDF8021080
:1054300024F8021C4821ADF80210BDF80210ADF8A6
:105440000210BDF8021021803A21ADF80210BDF81B
:105450000210ADF80210BDF8021024F8021C55210C
:10546000ADF80210BDF80210ADF80210BDF8021040
:105470002180B121ADF80210BDF80210ADF8021084
:10548000BDF8021024F8021CADF80200BDF80210AD
:10549000ADF80210BDF8021021801A21ADF80210FB
:1054A000BDF80210ADF80210BDF802102180B6213F
:1054B000ADF80210BDF80210ADF80210BDF80210F0
:1054C00024F8021CADF80220BDF80210ADF802105D
:1054D000BDF802102180A221ADF80210BDF8021023
:1054E000ADF80210BDF802102180F221ADF80210D3
:1054F000BDF80210ADF80210BDF8021024F8021C2D
:10550000ADF80200BDF80210ADF80210BDF80210AF
:1055100021802621ADF80210BDF80210ADF802106E
:10552000BDF8021024F8021CADF802E0BDF802102C
:10553000ADF80210BDF802102180E021ADF8021094
:10554000BDF80210ADF80210BDF8021024F8021CDC
:105550000F21ADF80210BDF80230ADF80230BDF8F1
:1055600002302380ADF80270BDF80230ADF8023091
:10557000BDF8023023802823ADF80230BDF8023098
:10558000ADF80230BDF8023023800823ADF80230B8
:10559000BDF80250ADF80250BDF8025025800E252E
:1055A000ADF80250BDF80250ADF80250BDF80250FF
:1055B00025802B25ADF80230BDF80230ADF8023061
:1055C000BDF8023023805423ADF80230BDF802301C
:1055D000ADF80230BDF802302380A923ADF80230C7
:1055E000BDF80230ADF80230BDF80230238043230D
:1055F000ADF80230BDF80230ADF80230BDF802302F
:105600002380ADF80220BDF80220ADF80220BDF8DD
:1056100002202280ADF80210BDF80220ADF8022071
:10562000BDF802202280ADF80200BDF80220ADF8DE
:105630000220BDF802202280ADF80200BDF8022051
:10564000ADF80220BDF802202280ADF80200BDF8BE
:105650000220ADF80220BDF802202280ADF8020041
:10566000BDF80220ADF80220BDF802202280E12220
:10567000ADF80220BDF80220ADF80220BDF80220EE
:1056800024F8022CADF80200BDF80220ADF802208B
:10569000BDF8022022801522ADF80220BDF80220BC
:1056A000ADF80220BDF8022022801722ADF80220BA
:1056B000BDF80220ADF80220BDF8022022800722AA
:1056C000ADF80220BDF80220ADF80220BDF802209E
:1056D00022801122ADF80220BDF80230ADF8023070
:1056E000BDF8023023800623ADF80230BDF8023049
:1056F000ADF80230BDF802302380ADF80250BDF89D
:105700000230ADF80230BDF8023023805623ADF8E8
:105710000230BDF80230ADF80230BDF8023023800F
:105720003C23ADF80230BDF80230ADF80230BDF8D0
:10573000023023800523ADF80230BDF80230ADF809
:105740000230BDF802302380ADF802C0BDF802304F
:10575000ADF80230BDF802302380ADF80210BDF87C
:105760000230ADF80230BDF8023023803F23ADF89F
:105770000230BDF80260ADF80260BDF8026026801C
:10578000ADF80230BDF80260ADF80260BDF802600D
:105790002680ADF80210BDF80210ADF80210BDF879
:1057A00002102180ADF80250BDF80210ADF80210D1
:1057B000BDF8021024F8021CADF80200BDF802107A
:1057C000ADF80210BDF802102180ADF80200BDF85E
:1057D0000210ADF80210BDF802102180ADF802E011
:1057E000BDF80210ADF80210BDF802102180ADF82E
:1057F0000230BDF80210ADF80210BDF80210218091
:10580000ADF80270BDF80210ADF80210BDF802103C
:1058100024F8021CADF80200BDF80210ADF8021029
:10582000BDF802102180ADF80200BDF80210ADF8FD
:105830000210BDF802102180ADF80200BDF8020090
:10584000ADF80200BDF802002080EF20ADF80200A4
:10585000BDF80200ADF80200BDF802002080ADF8EE
:105860000220BDF80200ADF80200BDF8020024F8E5
:10587000020C782006F0A5FE2920ADF80200BDF844
:105880000200ADF80200BDF8020024F8020C01B0DD
:10589000F0BD0000000000002DE9F04F81B0FF23B3
:1058A000ADF80230BDF802000024ADF80200C6F2E7
:1058B0000104BDF802004FF0060E24F8020C4FF070
:1058C0000F0BADF802304FF00B0ABDF802004FF09D
:1058D0001009ADF802004025BDF802004FF00A0C97
:1058E00020809820ADF80200BDF80200ADF802005B
:1058F000BDF802002080ADF802E0BDF80200ADF86E
:105900000200BDF802002080BC20ADF80200BDF806
:105910000200ADF80200BDF8020024F8020C0120DC
:10592000ADF80200BDF80210ADF80210BDF802108B
:105930002180ADF802B0BDF80210ADF80210BDF83C
:10594000021021806121ADF80210BDF80210ADF8FF
:105950000210BDF802102180ADF80230BDF802102F
:10596000ADF80210BDF802102180ADF80200BDF8BC
:105970000210ADF80210BDF802102180ADF802004F
:10598000BDF80210ADF80210BDF802102180ADF88C
:1059900002A0BDF80210ADF80210BDF8021021807F
:1059A000ADF80290BDF80210ADF80210BDF802107B
:1059B00021803721ADF80210BDF80210ADF80210B9
:1059C000BDF8021021806321ADF80210BDF802106D
:1059D000ADF80210BDF802102180ADF80230BDF81C
:1059E0000210ADF80210BDF802102180ADF80230AF
:1059F000BDF80210ADF80210BDF802102180ADF81C
:105A00000200BDF80210ADF80210BDF802102180AE
:105A1000ADF80200BDF80210ADF80210BDF802109A
:105A200021800021ADF80210BDF80220ADF802205F
:105A3000BDF802202280ADF80210BDF80220ADF8BA
:105A40000220BDF802202280ADF80230BDF802200D
:105A5000ADF80220BDF8022022805222ADF80220CB
:105A6000BDF80220ADF80220BDF802202280ADF87A
:105A70000200BDF80220ADF80220BDF8022022800D
:105A8000ADF80210BDF80220ADF80220BDF80220EA
:105A90002280ADF80250BDF80220ADF80220BDF81A
:105AA00002202280BD22ADF80220BDF80220ADF810
:105AB0000220BDF8022024F8022CADF80200BDF847
:105AC0000220ADF80220BDF8022022802322ADF88A
:105AD0000220BDF80230ADF80230BDF8023023805C
:105AE0004523ADF80230BDF80260ADF80260BDF8A4
:105AF000026026806726ADF80260BDF80270ADF83E
:105B00000270BDF802702780ADF80200BDF8027087
:105B1000ADF80270BDF802702780ADF80220BDF824
:105B20000220ADF80220BDF802202280ADF802303C
:105B3000BDF80220ADF80220BDF802202280ADF8A9
:105B400002601326BDF80220ADF80220BDF8022045
:105B50002280BE22ADF80220BDF80220ADF802205E
:105B6000BDF8022024F8022CADF80210BDF8022086
:105B7000ADF80220BDF802202280ADF80200BDF889
:105B80000220ADF80220BDF802202280AB22ADF841
:105B90000220BDF80220ADF80220BDF802202280CC
:105BA0006022ADF80220BDF80220ADF80220BDF859
:105BB000022022802222ADF80220BDF80230ADF88A
:105BC0000230BDF802302380ADF80220BDF802306B
:105BD000ADF80230BDF802302380ADF80220BDF8E8
:105BE0000230ADF80230BDF802302380ADF802205B
:105BF000BDF80230ADF80230BDF80230238020231A
:105C0000ADF80220BDF80220ADF80220BDF8022058
:105C10002280C722ADF80220BDF80220ADF8022094
:105C2000BDF8022024F8022C3622ADF80220BDF87F
:105C30000220ADF80220BDF802202280ED22ADF84E
:105C40000220BDF80220ADF80220BDF8022024F8A1
:105C5000022C7F22ADF80220BDF80220ADF8022010
:105C6000BDF802202280ADF802B0BDF80220ADF8E8
:105C70000220BDF802202280C022ADF80220BDF82B
:105C80000220ADF80220BDF8022024F8022CADF865
:105C900002B0BDF80220ADF80220BDF8022022803B
:105CA000ADF802A0BDF80220ADF80220BDF8022038
:105CB0002280ADF802C0BDF80220ADF80220BDF888
:105CC00002202280FC22ADF80220BDF80220ADF8AF
:105CD0000220BDF8022024F8022C0822ADF8022090
:105CE000BDF80220ADF80220BDF802202280DF229C
:105CF000ADF80220BDF80220ADF80220BDF8022068
:105D000024F8022CADF80210BDF80220ADF80220F4
:105D1000BDF802202280ADF80210BDF80220ADF8D7
:105D20000220BDF802202280ADF80210BDF802204A
:105D3000ADF80220BDF802202280ADF80210BDF8B7
:105D40000220ADF80220BDF802202280ADF802103A
:105D5000BDF80220ADF80220BDF802202280ADF887
:105D60000230BDF80220ADF80220BDF802202280EA
:105D7000F322ADF80220BDF80220ADF80220BDF8F4
:105D8000022024F8022C7422ADF80220BDF8022073
:105D9000ADF80220BDF802202280B422ADF8022026
:105DA000BDF80220ADF80220BDF8022024F8022C34
:105DB000ADF80210BDF80220ADF80220BDF80220B7
:105DC0002280ADF80210BDF80220ADF80220BDF827
:105DD00002202280ADF80210BDF80220ADF80220AA
:105DE000BDF802202280F722ADF80220BDF8022083
:105DF000ADF80220BDF8022024F8022C8222ADF872
:105E00000220BDF80220ADF80220BDF80220228059
:105E1000B122ADF80220BDF80220ADF80220BDF895
:105E2000022024F8022CADF80210BDF80220ADF8D3
:105E30000220BDF802202280ADF80260BDF80220E9
:105E4000ADF80220BDF802202280ADF80260BDF856
:105E50000220ADF80220BDF802202280F222ADF827
:105E60000220BDF80220ADF80220BDF8022024F87F
:105E7000022C8022ADF80220BDF80220ADF80220ED
:105E8000BDF8022022800422ADF80220BDF80220D5
:105E9000ADF80220BDF802202280ADF80250BDF816
:105EA0000220ADF80220BDF8022022802822ADF8A1
:105EB0000220BDF80220ADF80220BDF802202280A9
:105EC000C122ADF80220BDF80220ADF80220BDF8D5
:105ED000022024F8022C1722ADF80220BDF802207F
:105EE000ADF80220BDF8022022808822ADF8022001
:105EF000BDF80250ADF80250BDF8025025800E25C5
:105F0000ADF80220BDF80220ADF80220BDF8022055
:105F10002280ADF80230BDF80220ADF80220BDF8B5
:105F200002202280E022ADF80220BDF80220ADF868
:105F30000220BDF8022024F8022CADF80210BDF8B2
:105F40000220ADF80220BDF802202280ADF802C088
:105F5000BDF80220ADF80220BDF8022022801222F6
:105F6000ADF80220BDF80220ADF80220BDF80220F5
:105F70002280ADF80290BDF80220ADF80220BDF8F5
:105F800002202280ADF80250BDF80220ADF80220B8
:105F9000BDF802202280ADF80230BDF80220ADF835
:105FA0000220BDF802202280CC22ADF80220BDF8EC
:105FB0000220ADF80220BDF8022022800722ADF8B1
:105FC0000220BDF80220ADF80220BDF80220228098
:105FD000ADF802E0BDF80220ADF80220BDF80220C5
:105FE0002280ADF802A0BDF80220ADF80220BDF875
:105FF00002202280ADF80250BDF80220ADF8022048
:10600000BDF802202280ADF802B0BDF80220ADF844
:106010000220BDF8022022800D22ADF80220BDF83A
:106020000230ADF80230BDF8023023801523ADF800
:106030000230BDF80280ADF80280BDF80270278002
:10604000ADF80290BDF80270ADF80270BDF80270B4
:106050002780ADF80210BDF80270ADF80270BDF8EF
:1060600002702780E127ADF80270BDF80270ADF82C
:106070000270BDF8027024F8027CADF80210BDF881
:106080000270ADF80270BDF802702780ADF802A072
:10609000BDF80270ADF80270BDF802702780ADF84F
:1060A0000260BDF80260ADF80260BDF802602680B3
:1060B000ADF80220BDF80220ADF80220BDF80220A4
:1060C0002280ADF80250BDF80220ADF80220BDF8E4
:1060D000022022801B22ADF80220BDF80220ADF87C
:1060E0000220BDF8022022807122ADF80220BDF806
:1060F0000220ADF80220BDF802202280ADF802E0B7
:10610000BDF80220ADF80220BDF802202280ADF8D3
:1061100002E0BDF80220ADF80220BDF80220228086
:10612000ADF802C0BDF80220ADF80220BDF8022093
:106130002280ADF802B0BDF80220ADF80220BDF813
:1061400002202280ADF80250BDF80220ADF80220F6
:10615000BDF802202280ADF802B0BDF80220ADF8F3
:106160000220BDF802202280ADF80230BDF80220E6
:10617000ADF80220BDF8022022800C22ADF80220EA
:10618000BDF80220ADF80220BDF802202280ADF853
:106190000210BDF80220ADF80220BDF802202280D6
:1061A0002A22ADF80220BDF80220ADF80220BDF889
:1061B000022024F8022CADF80210BDF80220ADF840
:1061C0000220BDF802202280ADF80210BDF80220A6
:1061D000ADF80220BDF802202280ADF80200BDF823
:1061E0000200ADF80200BDF802002080DF20ADF80B
:1061F0000200BDF80200ADF80200BDF802002080E8
:106200002B20ADF80200BDF80200ADF80200BDF889
:10621000020024F8020CADF80210BDF80200ADF83F
:106220000200BDF802002080ADF80210BDF80200A7
:10623000ADF80200BDF8020020800320ADF8020096
:10624000BDF80200ADF80200BDF8020020801F205A
:10625000ADF80200BDF80200ADF80200BDF8020082
:1062600020803A20ADF80200BDF80200ADF802002F
:10627000BDF8020024F8020C5520ADF80200BDF86C
:106280000200ADF80200BDF8020020803620ADF813
:106290000200BDF80200ADF80200BDF8020024F8CB
:1062A000020CADF80210BDF80200ADF80200BDF816
:1062B000020020801120ADF80200BDF80200ADF808
:1062C0000200BDF8020024F8020C782006F079F9EB
:1062D0002920ADF80200BDF80200ADF80200BDF8BB
:1062E000020024F8020C142006F06BF92C20ADF803
:1062F0000200BDF80200ADF80200BDF8020024F86B
:10630000020C01B0BDE8F08F2DE9F04F81B0ED2017
:10631000ADF80200BDF802000024ADF80200C6F29C
:106320000104BDF802004FF0210924F8020C0120FD
:10633000ADF802000122BDF802000025ADF8020010
:106340008B26BDF8020002232080FE20ADF802005B
:106350004FF0200ABDF802004FF03C08ADF80200F3
:106360004FF0360EBDF802004FF0320B2080EE20C9
:10637000ADF802004FF02C0CBDF80200ADF80200A1
:10638000BDF8020024F8020CDE20ADF80200BDF8D2
:106390000200ADF80200BDF802002080C420ADF874
:1063A0000290BDF80210ADF80210BDF80210218075
:1063B000F121ADF80210BDF80210ADF80210BDF8E1
:1063C000021024F8021CADF80220BDF80210ADF84E
:1063D0000210BDF802102180DF21ADF80210BDF8D7
:1063E0000210ADF80210BDF8021024F8021C1021B2
:1063F000ADF80210BDF80210ADF80210BDF80210A1
:106400002180ADF80200C620BDF80210ADF80210E0
:10641000BDF8021024F8021C8F21ADF80210BDF85F
:106420000210ADF80210BDF802102180ADF8020094
:10643000E220BDF80210ADF80210BDF8021024F8F9
:10644000021CADF80250BDF80210ADF80210BDF804
:1064500002102180ADF80200BDF80210ADF8021064
:10646000BDF802102180ADF80200BDF80210ADF8B1
:106470000210BDF802102180ADF802005D20BDF8C9
:106480000210ADF80210BDF802102180BF21ADF856
:106490000210BDF80210ADF80210BDF8021024F889
:1064A000021CAA21ADF80210BDF80210ADF80210CE
:1064B000BDF802102180B021ADF80210BDF8021025
:1064C000ADF80210BDF8021024F8021C0D21ADF841
:1064D0000210BDF80220ADF80220BDF80220228093
:1064E000ADF80250BDF80220ADF80220BDF8022040
:1064F0002280ADF80210BDF80210ADF80210BDF810
:1065000002102180ADF80250BDF80210ADF8021063
:10651000BDF8021021801121ADF80210BDF8021063
:10652000ADF80210BDF802102180ADF80250BDF8A0
:106530000210ADF80210BDF8021021801921ADF84B
:106540000210BDF80210ADF80210BDF80210218053
:10655000ADF80250BDF80210ADF80210BDF80210FF
:106560002180ADF80290BDF80210ADF80210BDF820
:1065700002102180ADF80250BDF80210ADF80210F3
:10658000BDF8021021802D21ADF80210BDF80210D7
:10659000ADF80210BDF802102180ADF80250BDF830
:1065A0000210ADF80210BDF8021021803D21ADF8B7
:1065B0000210BDF80210ADF80210BDF802102180E3
:1065C000ADF80250BDF80210ADF80210BDF802108F
:1065D0002180ADF80200BDF80210ADF80210BDF840
:1065E00002102180ADF80250BDF80210ADF8021083
:1065F000BDF802102180ADF802008B20BDF802101A
:10660000ADF80210BDF802102180ADF80250BDF8BF
:106610000210ADF80210BDF802102180B121ADF8D2
:106620000210BDF80210ADF80210BDF8021024F8F7
:10663000021C8021ADF80210BDF80210ADF8021066
:10664000BDF802102180ADF80250BDF80210ADF87F
:106650000210BDF802102180ADF802000220BDF842
:106660000210ADF80210BDF802102180ADF8025002
:10667000BDF80210ADF80210BDF80210218096217D
:10668000ADF80210BDF80220ADF80220BDF80220DE
:106690002280ADF80250BDF80220ADF80220BDF80E
:1066A00002202280B222ADF80220BDF80220ADF80F
:1066B0000220BDF8022024F8022CADF80250BDF8EB
:1066C0000220ADF80220BDF802202280ADF8025071
:1066D000BDF80220ADF80220BDF802202280ADF8FE
:1066E0000200B320BDF80220ADF80220BDF8022060
:1066F0002280ADF80250BDF80220ADF80220BDF8AE
:10670000022022800322ADF80220BDF80270ADF80D
:106710000270BDF802702780ADF80250BDF802701B
:10672000ADF80270BDF802702780ADF80200B72006
:10673000BDF80270ADF80270BDF8027024F8027C5A
:10674000ADF80250BDF80270ADF80270BDF80270ED
:106750002780ADF80250BDF80270ADF80270BDF8A8
:1067600002702780ADF80250BDF80270ADF80270DB
:10677000BDF802702780ADF80250BDF80270ADF888
:106780000270BDF802702780ADF80250BDF80270AB
:10679000ADF80270BDF802702780ADF80250BDF868
:1067A0000270ADF80270BDF802702780ADF802509B
:1067B000BDF80270ADF80270BDF802702780ADF828
:1067C0000250BDF80270ADF80270BDF8027027806B
:1067D000ADF80250BDF80270ADF80270BDF802705D
:1067E0002780ADF80250BDF80270ADF80270BDF818
:1067F00002702780ADF80250BDF80270ADF802704B
:10680000BDF802702780ADF80250BDF80270ADF8F7
:106810000270BDF802702780ADF80250BDF802701A
:10682000ADF80270BDF802702780ADF80250BDF8D7
:106830000270ADF80270BDF802702780ADF802500A
:10684000BDF80270ADF80270BDF802702780ADF897
:106850000250BDF80270ADF80270BDF802702780DA
:10686000ADF80250BDF80270ADF80270BDF80270CC
:106870002780ADF80250BDF80270ADF80270BDF887
:1068800002702780ADF80250BDF80270ADF80270BA
:10689000BDF802702780ADF80250BDF80270ADF867
:1068A0000270BDF802702780ADF80250BDF802708A
:1068B000ADF80270BDF802702780ADF80250BDF847
:1068C0000270ADF80270BDF802702780ADF802507A
:1068D000BDF80270ADF80270BDF802702780ADF807
:1068E0000250BDF80270ADF80270BDF8027027804A
:1068F000B427ADF80270BDF80270ADF80270BDF8B3
:10690000027024F8027CADF80260BDF80270ADF8A8
:106910000270BDF802702780ADF80250BDF8027019
:10692000ADF80270BDF8027027800427ADF80210A0
:10693000BDF80210ADF80210BDF802102180ADF8CC
:106940000250BDF80210ADF80210BDF8021021800F
:10695000A121ADF80210BDF80210ADF80210BDF88B
:1069600002102180ADF80250BDF80210ADF80210FF
:10697000BDF802102180B521ADF80210BDF802105B
:10698000ADF80210BDF8021024F8021CADF8023078
:10699000FF23BDF80210ADF80210BDF802102180EF
:1069A000ADF80250BDF80210ADF80210BDF80210AB
:1069B0002180ADF80220BDF80210ADF80210BDF83C
:1069C00002102180ADF80250BDF80210ADF802109F
:1069D000BDF802102180ADF80270BDF80210ADF8CC
:1069E0000210BDF802102180ADF80250BDF802106F
:1069F000ADF80210BDF802102180B621ADF80210EA
:106A0000BDF80210ADF80210BDF8021024F8021C07
:106A1000ADF80250BDF80210ADF80210BDF802103A
:106A20002180ADF80250BDF80210ADF80210BDF89B
:106A300002102180ADF802006420BDF80210ADF80C
:106A40000210BDF8021024F8021CADF80250BDF887
:106A50000210ADF80210BDF802102180ADF802500E
:106A6000BDF80210ADF80210BDF8021021803F21E0
:106A7000ADF80210BDF80210ADF80210BDF802101A
:106A80002180ADF80250BDF80210ADF80210BDF83B
:106A9000021021805E21ADF80210BDF80210ADF8A1
:106AA0000210BDF802102180ADF80250BDF80210AE
:106AB000ADF80210BDF802102180ADF80200DC2014
:106AC000BDF80210ADF80210BDF802102180ADF83B
:106AD0000250BDF80210ADF80210BDF8021021807E
:106AE0008C21ADF80210BDF80210ADF80210BDF80F
:106AF00002102180ADF80250BDF80210ADF802106E
:106B0000BDF802102180AC21ADF80210BDF80210D2
:106B1000ADF80210BDF802102180ADF80250BDF8AA
:106B20000210ADF80210BDF802102180ADF802008D
:106B3000BDF80210ADF80210BDF802102180ADF8CA
:106B40000250BDF80210ADF80210BDF8021021800D
:106B50007021ADF80210BDF80210ADF80210BDF8BA
:106B600002102180ADF80250BDF80210ADF80210FD
:106B7000BDF8021021809021ADF80210BDF802107E
:106B8000ADF80210BDF802102180ADF80250BDF83A
:106B90000210ADF80210BDF802102180EB21ADF813
:106BA0000210BDF80210ADF80210BDF802102180ED
:106BB000ADF80250BDF80210ADF80210BDF8021099
:106BC0002180ADF80200C220BDF80210ADF802101D
:106BD000BDF802102180ADF80250BDF80210ADF8EA
:106BE0000210BDF802102180B821ADF80210BDF8E6
:106BF0000210ADF80210BDF8021024F8021CADF826
:106C00000250BDF80210ADF80210BDF8021021804C
:106C1000ADF80250BDF80210ADF80210BDF8021038
:106C20002180ADF80250BDF80210ADF80210BDF899
:106C300002102180ADF80250BDF80210ADF802102C
:106C4000BDF802102180ADF80250BDF80210ADF879
:106C50000210BDF802102180ADF80250BDF80210FC
:106C6000ADF80210BDF802102180ADF80250BDF859
:106C70000210ADF80210BDF802102180ADF80250EC
:106C8000BDF80210ADF80210BDF802102180BA2143
:106C9000ADF80210BDF80210ADF80210BDF80210F8
:106CA00024F8021C2421ADF80210BDF80220ADF832
:106CB0000220BDF802202280ADF80250BDF802206B
:106CC000ADF80220BDF802202280ADF80250BDF8D8
:106CD0000220ADF80220BDF802202280ADF802505B
:106CE000BDF80220ADF80220BDF802202280C122AA
:106CF000ADF80220BDF80220ADF80220BDF8022058
:106D000024F8022C2322ADF802A0BDF80260ADF8F1
:106D10000260BDF802602680ADF80250BDF8026046
:106D2000ADF80260BDF8026026805426ADF802601E
:106D3000BDF80260ADF80260BDF802602680ADF8D3
:106D40000250BDF80260ADF80260BDF80260268016
:106D5000ADF802303A23BDF80260ADF80260BDF82C
:106D600002602680ADF80250BDF80260ADF8026006
:106D7000BDF802602680ADF802000A20BDF802606E
:106D8000ADF80260BDF8026024F8026CADF80200B4
:106D90003C20BDF80260ADF80260BDF802602680BC
:106DA000ADF80250BDF80260ADF80260BDF80260B7
:106DB0002680ADF80270BDF80270ADF80270BDF823
:106DC00002702780ADF80250BDF80270ADF8027075
:106DD000BDF802702780C327ADF80270BDF80270BD
:106DE000ADF80270BDF8027024F8027CADF8020024
:106DF000BDF80270ADF80270BDF802702780ADF8E2
:106E00000250BDF80270ADF80270BDF80270278024
:106E1000ADF802302C23BDF80270ADF80270BDF859
:106E200002702780ADF80250BDF80270ADF8027014
:106E3000BDF8027027803927ADF80270BDF80270E6
:106E4000ADF80270BDF802702780ADF80250BDF8B1
:106E50000270ADF80270BDF8027027803727ADF8D8
:106E60000270BDF80270ADF80270BDF802702780A4
:106E7000ADF80250BDF80270ADF80270BDF80270B6
:106E80002780ADF802003620BDF80270ADF8027020
:106E9000BDF802702780ADF80250BDF80270ADF861
:106EA0000270BDF802702780ADF802003220BDF8F4
:106EB0000270ADF80270BDF802702780ADF8025084
:106EC000BDF80270ADF80270BDF802702780ADF811
:106ED00002002920BDF80270ADF80270BDF8027002
:106EE0002780ADF80250BDF80270ADF80270BDF811
:106EF000027027802F27ADF80270BDF80260ADF850
:106F00000260BDF802602680ADF80250BDF8026054
:106F1000ADF80260BDF802602680ADF8023029238A
:106F2000BDF80260ADF80260BDF802602680ADF8E1
:106F30000250BDF80260ADF80260BDF80260268024
:106F4000ADF80230BDF80260ADF80260BDF8026035
:106F50002680ADF80250BDF80260ADF80260BDF8C1
:106F6000026026802626ADF80260BDF80230ADF83A
:106F70000230BDF802302380ADF80250BDF8023077
:106F8000ADF80230BDF802302380ADF80210BDF834
:106F90000230ADF80230BDF802302380ADF8025067
:106FA000BDF80230ADF80230BDF802302380ADF8F4
:106FB0000210BDF80230ADF80230BDF80230238077
:106FC000ADF80250BDF80230ADF80230BDF8023025
:106FD00023802323ADF80230BDF80230ADF8023033
:106FE000BDF802302380ADF80250BDF80230ADF894
:106FF0000230BDF802302380ADF802804FF07A08ED
:10700000BDF80230ADF80230BDF802302380ADF893
:107010000250BDF80230ADF80230BDF802302380D6
:10702000ADF802E04FF08B0EBDF80230ADF8023043
:10703000BDF802302380ADF80250BDF80230ADF843
:107040000230BDF802302380ADF802B0BDF8023046
:10705000ADF80230BDF802302380ADF80250BDF823
:107060000230ADF80230BDF802302380ADF8027076
:10707000BDF80230ADF80230BDF802302380ADF823
:107080000250BDF80230ADF80230BDF80230238066
:10709000ADF802C04FF0C40CBDF80230ADF80230BC
:1070A000BDF802302380ADF80250BDF80230ADF8D3
:1070B0000230BDF802302380ADF80200C420BDF8D4
:1070C0000230ADF80230BDF802302380ADF8025036
:1070D000BDF80230ADF80230BDF802302380ADF8C3
:1070E00002601626BDF80230ADF80230BDF802305D
:1070F0002380ADF80250BDF80230ADF80230BDF883
:1071000002302380ADF80210BDF80230ADF8023035
:10711000BDF802302380ADF80250BDF80230ADF862
:107120000230BDF802302380ADF80210BDF8021025
:10713000ADF80210BDF802102180ADF80250BDF884
:107140000210ADF80210BDF802102180ADF8022047
:10715000BDF80210ADF80210BDF802102180ADF8A4
:107160000250BDF80210ADF80210BDF802102180E7
:10717000ADF802006220BDF80210ADF80210BDF8B3
:10718000021024F8021CADF802000520BDF8021020
:10719000ADF80210BDF802102180ADF80250BDF824
:1071A0000210ADF80210BDF802102180ADF8020007
:1071B0008420BDF80210ADF80210BDF80210218045
:1071C000ADF80250BDF80210ADF80210BDF8021083
:1071D0002180ADF80200F020BDF80210ADF80210D9
:1071E000BDF802102180ADF80250BDF80210ADF8D4
:1071F0000210BDF802102180ADF802005020BDF849
:107200000210ADF80210BDF802102180ADF8025056
:10721000BDF80210ADF80210BDF80210218018214F
:10722000ADF80210BDF80230ADF80230BDF8023002
:107230002380ADF80250BDF80230ADF80230BDF841
:1072400002302380A423ADF80230BDF80230ADF83F
:107250000230BDF802302380ADF80250BDF8023094
:10726000ADF80230BDF802302380ADF80210BDF851
:107270000210ADF80210BDF802102180ADF80250E6
:10728000BDF80210ADF80210BDF802102180ADF873
:107290000200F320BDF80210ADF80210BDF8021094
:1072A0002180ADF80250BDF80210ADF80210BDF813
:1072B000021021800C21ADF80210BDF80210ADF8CB
:1072C0000210BDF802102180ADF80250BDF8021086
:1072D000ADF80210BDF8021021801721ADF80210A0
:1072E000BDF80230ADF80230BDF802302380ADF8B1
:1072F0000250BDF80230ADF80230BDF802302380F4
:107300009523ADF80230BDF80230ADF80230BDF87B
:1073100002302380ADF80250BDF80230ADF80230E3
:10732000BDF802302380ADF80200E620BDF802303F
:10733000ADF80230BDF802302380ADF80250BDF840
:107340000230ADF80230BDF802302380ADF8020003
:107350004420BDF80230ADF80230BDF80230238081
:10736000ADF80250BDF80230ADF80230BDF8023081
:107370002380C523ADF80230BDF80230ADF80230ED
:10738000BDF8023024F8023CADF802B04FF0520BC9
:10739000BDF80230ADF80230BDF802302380ADF800
:1073A0000250BDF80230ADF80230BDF80230238043
:1073B000ADF802007620BDF80230ADF80230BDF81D
:1073C00002302380ADF80250BDF80230ADF8023033
:1073D000BDF8023023806523ADF80230BDF80230DD
:1073E000ADF80230BDF802302380ADF80250BDF890
:1073F0000230ADF80230BDF802302380ADF8020053
:107400008820BDF80230ADF80230BDF8023023808C
:10741000ADF80250BDF80230ADF80230BDF80230D0
:107420002380ADF80200C620BDF80230ADF802306E
:10743000BDF802302380ADF80250BDF80230ADF83F
:107440000230BDF802302380ADF802000120BDF803
:107450000230ADF80230BDF8023024F8023CA82317
:10746000ADF802A0BDF80220ADF80220BDF8022060
:107470002280ADF80250BDF80220ADF80220BDF820
:1074800002202280B922ADF80210BDF80210ADF83A
:107490000210BDF802102180ADF80250BDF80210B4
:1074A000ADF80210BDF802102180ADF80200C7202F
:1074B000BDF80210ADF80210BDF802102180ADF841
:1074C0000250BDF80210ADF80210BDF80210218084
:1074D000ADF80200E020BDF80210ADF80210BDF8D2
:1074E000021024F8021CADF80250BDF80210ADF8ED
:1074F0000210BDF802102180ADF80250BDF8021054
:10750000ADF80210BDF802102180ADF80250BDF8B0
:107510000210ADF80210BDF802102180ADF8025043
:10752000BDF80210ADF80210BDF802102180C8218C
:10753000ADF80210BDF80210ADF80210BDF802104F
:1075400024F8021CADF80250BDF80210ADF802108C
:10755000BDF802102180ADF80250BDF80210ADF860
:107560000210BDF802102180ADF80250BDF80210E3
:10757000ADF80210BDF802102180ADF80250BDF840
:107580000210ADF80210BDF802102180C921ADF83B
:107590000210BDF80210ADF80210BDF8021024F878
:1075A000021CADF80250BDF80210ADF80210BDF893
:1075B00002102180ADF80250BDF80210ADF80210A3
:1075C000BDF802102180ADF80250BDF80210ADF8F0
:1075D0000210BDF802102180ADF80250BDF8021073
:1075E000ADF80210BDF802102180ADF80250BDF8D0
:1075F0000210ADF80210BDF802102180ADF8025063
:10760000BDF80210ADF80210BDF802102180ADF8EF
:107610000250BDF80210ADF80210BDF80210218032
:10762000ADF80250BDF80210ADF80210BDF802101E
:107630002180ADF80250BDF80210ADF80210BDF87F
:1076400002102180ADF80250BDF80210ADF8021012
:10765000BDF802102180ADF80250BDF80210ADF85F
:107660000210BDF802102180ADF80250BDF80210E2
:10767000ADF80210BDF802102180ADF80250BDF83F
:107680000210ADF80210BDF802102180ADF80250D2
:10769000BDF80210ADF80210BDF802102180ADF85F
:1076A0000250BDF80210ADF80210BDF802102180A2
:1076B000ADF80250BDF80210ADF80210BDF802108E
:1076C0002180ADF802001C20BDF80210ADF80210B8
:1076D000BDF8021024F8021CADF80260BDF80210DB
:1076E000ADF80210BDF802102180ADF80250BDF8CF
:1076F0000210ADF80210BDF802102180ADF80200B2
:10770000BDF80210ADF80210BDF802102180ADF8EE
:107710000250BDF80210ADF80210BDF80210218031
:10772000CA21ADF802904FF06409BDF80200ADF82F
:107730000200BDF802002080ADF80250BDF8020042
:10774000ADF80200BDF8020020803620ADF802003E
:10775000BDF80200ADF80200BDF802002080ADF8CF
:107760000250BDF80200ADF80200BDF80200208012
:107770004620ADF80200BDF80200ADF80200BDF8E9
:1077800002002080ADF80250BDF80200ADF8020002
:10779000BDF802002080ADF802B0BDF80200ADF8DF
:1077A0000200BDF802002080ADF80250BDF80200D2
:1077B000ADF80200BDF802002080ADF80290BDF8DF
:1077C0000200ADF80200BDF802002080ADF80250C2
:1077D000BDF80200ADF80200BDF802002080ADF84F
:1077E0000280BDF80200ADF80200BDF80200208062
:1077F000ADF80250BDF80200ADF80200BDF802007D
:107800002080ADF802E0BDF80200ADF80200BDF83E
:1078100002002080ADF80250BDF80200ADF8020071
:10782000BDF8020020809920ADF80200BDF80200EA
:10783000ADF80200BDF802002080ADF80250BDF89E
:107840000200ADF80200BDF802002080ADF8023061
:10785000BDF80200ADF80200BDF802002080ADF8CE
:107860000250BDF80200ADF80200BDF80200208011
:10787000ADF80220BDF80200ADF80200BDF802002C
:107880002080ADF80250BDF80200ADF80200BDF84E
:1078900002002080ADF802C0BDF80200ADF8020081
:1078A000BDF802002080ADF80250BDF80200ADF82E
:1078B0000200BDF802002080ADF80210BDF8020001
:1078C000ADF80200BDF802002080ADF80250BDF80E
:1078D0000200ADF80200BDF802002080D220ADF811
:1078E0000200BDF802A0ADF802A04FF0F30ABDF807
:1078F00002702780ADF80250BDF80270ADF802703A
:10790000BDF802702780D927ADF80270BDF802706B
:10791000ADF80270BDF802702780ADF80250BDF8D6
:107920000270ADF80270BDF802702780E027ADF854
:107930000270BDF80270ADF80270BDF802702780C9
:10794000ADF80250BDF80270ADF80270BDF80270DB
:107950002780ADF802A0BDF80270ADF80270BDF846
:1079600002702780ADF80250BDF80270ADF80270C9
:10797000BDF802702780E127ADF80270BDF80270F3
:10798000ADF80270BDF8027024F8027CADF8026018
:10799000BDF80260ADF80260BDF802602680ADF867
:1079A0000250BDF80260ADF80260BDF802602680AA
:1079B0001C26ADF80260BDF80260ADF80260BDF8AB
:1079C00002602680ADF80250BDF80260ADF802609A
:1079D000BDF8026026802226ADF80260BDF8026084
:1079E000ADF80260BDF802602680ADF80250BDF827
:1079F0000260ADF80260BDF8026026803626ADF860
:107A00000260BDF80260ADF80260BDF80260268039
:107A1000ADF80250BDF80260ADF80260BDF802603A
:107A200026804526ADF80260BDF80260ADF8026020
:107A3000BDF802602680ADF80250BDF80260ADF8D6
:107A40000260BDF802602680D126ADF802B04FF08A
:107A5000DD0BBDF80270ADF80270BDF80270278032
:107A6000ADF80250BDF80270ADF80270BDF80270BA
:107A70002780ADF802904FF09709BDF80270ADF87D
:107A80000270BDF802702780ADF80250BDF8027098
:107A9000ADF80270BDF802702780ADF802804FF09B
:107AA0000508BDF80270ADF80270BDF802702780BD
:107AB000ADF80250BDF80270ADF80270BDF802706A
:107AC0002780ADF802E04FF0880EBDF80270ADF8E7
:107AD0000270BDF802702780ADF80250BDF8027048
:107AE000ADF80270BDF8027027809927ADF80270DA
:107AF000BDF80270ADF80270BDF802702780ADF8D5
:107B00000250BDF80270ADF80270BDF80270278017
:107B1000C227ADF80230BDF80230ADF80230BDF832
:107B200002302380ADF80250BDF80230ADF80230CB
:107B3000BDF802302380A623ADF80220BDF8022054
:107B4000ADF80220BDF802202280ADF80250BDF849
:107B50000220ADF80220BDF802202280ADF802C05C
:107B60004FF0F30CBDF80220ADF80220BDF8022062
:107B70002280ADF80250BDF80220ADF80220BDF819
:107B800002202280C722ADF80210BDF80210ADF825
:107B90000210BDF802102180ADF80250BDF80210AD
:107BA000ADF80210BDF802102180B721ADF8020037
:107BB000BDF80200ADF80200BDF802002080ADF86B
:107BC0000250BDF80200ADF80200BDF802002080AE
:107BD000D820ADF80200BDF80200ADF80200BDF8F3
:107BE00002002080ADF80250BDF80200ADF802009E
:107BF000BDF802002080E020ADF80200BDF80200D0
:107C0000ADF80200BDF802002080ADF80250BDF8CA
:107C10000200ADF80200BDF802002080ADF802A01D
:107C20004FF0440ABDF80200ADF80200BDF80200B2
:107C30002080ADF80250BDF80200ADF80200BDF89A
:107C400002002080E220ADF80200BDF80200ADF88D
:107C50000200BDF8020024F8020CADF80280BDF865
:107C60000200ADF80200BDF802002080ADF802501D
:107C7000BDF80200ADF80200BDF8020020800B2024
:107C8000ADF80200BDF80200ADF80200BDF8020038
:107C90002080ADF80250BDF80200ADF80200BDF83A
:107CA000020020801B20ADF80200BDF80200ADF8F4
:107CB0000200BDF802002080ADF80250BDF80200BD
:107CC000ADF80200BDF8020020803420ADF80200BB
:107CD000BDF80200ADF80200BDF802002080ADF84A
:107CE0000250BDF80200ADF80200BDF8020020808D
:107CF000ADF802A0BDF80200ADF80200BDF8020028
:107D00002080ADF80250BDF80200ADF80200BDF8C9
:107D1000020020804F20ADF80200BDF80200ADF84F
:107D20000200BDF802002080ADF80250BDF802004C
:107D3000ADF80200BDF8020020806120ADF802001D
:107D4000BDF80200ADF80200BDF802002080ADF8D9
:107D50000250BDF80200ADF80200BDF8020020801C
:107D60007920ADF80200BDF80200ADF80200BDF8C0
:107D700002002080ADF80250BDF80200ADF802000C
:107D8000BDF802002080ADF802E0BDF80200ADF8B9
:107D90000200BDF802002080ADF80250BDF80200DC
:107DA000ADF80200BDF802002080ADF80290BDF8E9
:107DB0000200ADF80200BDF802002080ADF80250CC
:107DC000BDF80200ADF80200BDF802002080ADF859
:107DD0000230BDF80200ADF80200BDF802002080BC
:107DE000ADF80250BDF80200ADF80200BDF8020087
:107DF0002080ADF80210BDF80200ADF80200BDF819
:107E000002002080ADF80250BDF80200ADF802007B
:107E1000BDF802002080ADF80270BDF80200ADF898
:107E20000200BDF802002080ADF80250BDF802004B
:107E3000ADF80200BDF802002080ADF80220BDF8C8
:107E40000200ADF80200BDF802002080ADF802503B
:107E5000BDF80200ADF80200BDF802002080ADF8C8
:107E60000260BDF80200ADF80200BDF802002080FB
:107E7000ADF80250BDF80200ADF80200BDF80200F6
:107E80002080D620ADF80200BDF80200ADF8020057
:107E9000BDF802002080ADF80250BDF80200ADF838
:107EA0000200BDF802002080DD20ADF80200BDF820
:107EB0000200ADF80200BDF802002080ADF80250CB
:107EC000BDF80200ADF80200BDF802002080ADF858
:107ED00002C0BDF80200ADF80200BDF8020020802B
:107EE000ADF80250BDF80200ADF80200BDF8020086
:107EF0002080E320ADF80200BDF80200ADF80200DA
:107F0000BDF8020024F8020CADF802804FF093088F
:107F1000BDF80200ADF80200BDF802002080ADF807
:107F20000250BDF80200ADF80200BDF8020020804A
:107F30000A20ADF80200BDF80200ADF80200BDF85D
:107F400002002080ADF80250BDF80200ADF802003A
:107F5000BDF8020020801C20ADF80200BDF8020030
:107F6000ADF80200BDF802002080ADF80250BDF867
:107F70000200ADF80200BDF8020020803320ADF809
:107F80000200BDF80200ADF80200BDF8020020803A
:107F9000ADF80250BDF80200ADF80200BDF80200D5
:107FA0002080ADF802A04FF0740ABDF80200ADF8D1
:107FB0000200BDF802002080ADF80250BDF80200BA
:107FC000ADF80200BDF8020020805020ADF802009C
:107FD000BDF80200ADF80200BDF802002080ADF847
:107FE0000250BDF80200ADF80200BDF8020020808A
:107FF0006220ADF80200BDF80200ADF80200BDF845
:1080000002002080ADF80250BDF80200ADF8020079
:10801000BDF8020020807820ADF80200BDF8020013
:10802000ADF80200BDF802002080ADF80250BDF8A6
:108030000200ADF80200BDF802002080ADF802E0B9
:108040004FF0C40EBDF80200ADF80200BDF802000A
:108050002080ADF80250BDF80200ADF80200BDF876
:1080600002002080ADF802904FF08409BDF80200B4
:10807000ADF80200BDF802002080ADF80250BDF856
:108080000200ADF80200BDF802002080ADF8023019
:10809000BDF80200ADF80200BDF802002080ADF886
:1080A0000250BDF80200ADF80200BDF802002080C9
:1080B000ADF802100121BDF80200ADF80200BDF8D4
:1080C00002002080ADF80250BDF80200ADF80200B9
:1080D000BDF802002080ADF80270A227BDF80200B2
:1080E000ADF80200BDF802002080ADF80250BDF8E6
:1080F0000200ADF80200BDF802002080ADF80220B9
:10810000BDF80200ADF80200BDF802002080ADF815
:108110000250BDF80200ADF80200BDF80200208058
:10812000ADF80260B326BDF80200ADF80200BDF85C
:1081300002002080ADF80250BDF80200ADF8020048
:10814000BDF802002080D520ADF80200BDF8020085
:10815000ADF80200BDF802002080ADF80250BDF875
:108160000200ADF80200BDF802002080ADF802B0B8
:108170004FF05D0BBDF80200ADF80200BDF8020043
:108180002080ADF80250BDF80200ADF80200BDF845
:1081900002002080ADF802C04FF0CD0CBDF8020007
:1081A000ADF80200BDF802002080ADF80250BDF825
:1081B0000200ADF80200BDF802002080E420ADF816
:1081C0000200BDF80200ADF80200BDF8020024F87C
:1081D000020CADF80210BDF80200ADF80200BDF8C7
:1081E00002002080ADF80250BDF80200ADF8020098
:1081F000BDF802002080ADF80210BDF80200ADF815
:108200000200BDF802002080ADF80250BDF8020067
:10821000ADF80200BDF8020020800220ADF8020097
:10822000BDF80200ADF80200BDF802002080ADF8F4
:108230000250BDF80200ADF80200BDF80200208037
:108240002A20ADF80200BDF80200ADF80200BDF82A
:1082500002002080ADF80250BDF80200ADF8020027
:10826000BDF8020020803C20ADF80200BDF80200FD
:10827000ADF80200BDF802002080ADF80250BDF854
:108280000200ADF80200BDF8020020804B20ADF8DE
:108290000200BDF80200ADF80200BDF80200208027
:1082A000ADF80250BDF80200ADF80200BDF80200C2
:1082B0002080ADF802B0BDF80200ADF80200BDF8B4
:1082C00002002080ADF80250BDF80200ADF80200B7
:1082D000BDF802002080ADF802A0BDF80200ADF8A4
:1082E0000200BDF802002080ADF80250BDF8020087
:1082F000ADF80200BDF802002080ADF80290BDF894
:108300000200ADF80200BDF802002080ADF8025076
:10831000BDF80200ADF80200BDF802002080ADF803
:108320000280BDF80200ADF80200BDF80200208016
:10833000ADF80250BDF80200ADF80200BDF8020031
:108340002080ADF80270BDF80200ADF80200BDF863
:1083500002002080ADF80250BDF80200ADF8020026
:10836000BDF802002080ADF80260BDF80200ADF853
:108370000200BDF802002080ADF80250BDF80200F6
:10838000ADF80200BDF802002080BE20ADF802006A
:10839000BDF80210ADF80210BDF802102180ADF852
:1083A0000250BDF80210ADF80210BDF80210218095
:1083B000ADF802E0BDF80210ADF80210BDF80210F1
:1083C0002180ADF80250BDF80210ADF80210BDF8E2
:1083D00002102180DD21ADF802C0BDF80220ADF809
:1083E0000220BDF802202280ADF80250BDF8022024
:1083F000ADF80220BDF802202280D322ADF8022081
:10840000BDF80230ADF80230BDF802302380ADF87F
:108410000250BDF80230ADF80230BDF802302380C2
:10842000ADF80210F321BDF80230ADF80230BDF80E
:1084300002302380ADF80250BDF80230ADF80230B2
:10844000BDF802302380ADF80210BDF80230ADF85F
:108450000230BDF802302380ADF80250BDF8023082
:10846000ADF80230BDF802302380E523ADF80230CC
:10847000BDF80230ADF80230BDF8023024F8023CFD
:10848000ADF80250BDF80230ADF80230BDF8023050
:108490002380ADF80250BDF80230ADF80230BDF8CF
:1084A00002302380ADF80250BDF80230ADF8023042
:1084B000BDF802302380ADF80250BDF80230ADF8AF
:1084C0000230BDF8023023800223ADF80230BDF83F
:1084D0000230ADF80230BDF802302380ADF8025012
:1084E000BDF80230ADF80230BDF8023023802923F8
:1084F000ADF80230BDF80230ADF80230BDF8023000
:108500002380ADF80250BDF80230ADF80230BDF85E
:10851000023023803C23ADF80230BDF80230ADF8C4
:108520000230BDF802302380ADF80250BDF80230B1
:10853000ADF80230BDF8023023804B23ADF8023095
:10854000BDF80230ADF80230BDF802302380ADF83E
:108550000250BDF80230ADF80230BDF80230238081
:10856000ADF802B04FF0F30BBDF80230ADF80230B9
:10857000BDF802302380ADF80250BDF80230ADF8EE
:108580000230BDF802302380ADF802A04FF0560A49
:10859000BDF80230ADF80230BDF802302380ADF8EE
:1085A0000250BDF80230ADF80230BDF80230238031
:1085B000ADF802904FF05509BDF80230ADF8023029
:1085C000BDF802302380ADF80250BDF80230ADF89E
:1085D0000230BDF802302380ADF802804FF07708FA
:1085E000BDF80230ADF80230BDF802302380ADF89E
:1085F0000250BDF80230ADF80230BDF802302380E1
:10860000ADF802704427BDF80230ADF80230BDF875
:1086100002302380ADF80250BDF80230ADF80230D0
:10862000BDF802302380ADF802604526BDF8023067
:10863000ADF80230BDF802302380ADF80250BDF82D
:108640000230ADF80230BDF8023023807623ADF859
:108650000200BDF80200ADF80200BDF80200208063
:10866000ADF80250BDF80200ADF80200BDF80200FE
:108670002080ADF802E04FF0BB0EBDF80200ADF86F
:108680000200BDF802002080ADF80250BDF80200E3
:10869000ADF80200BDF802002080ADF802C04FF036
:1086A000110CBDF80200ADF80200BDF802002080F8
:1086B000ADF80250BDF80200ADF80200BDF80200AE
:1086C0002080ADF802206622BDF80200ADF802005D
:1086D000BDF802002080ADF80250BDF80200ADF8F0
:1086E0000200BDF802002080DC20ADF80200BDF8D9
:1086F0000200ADF80200BDF802002080ADF8025083
:10870000BDF80200ADF80200BDF802002080ADF80F
:1087100002109921BDF80200ADF80200BDF8020078
:108720002080ADF80250BDF80200ADF80200BDF89F
:1087300002002080E620ADF80200BDF80200ADF88E
:108740000200BDF8020024F8020CADF802C0BDF82A
:108750000200ADF80200BDF802002080ADF8025022
:10876000BDF80200ADF80200BDF802002080342000
:10877000ADF80200BDF80200ADF80200BDF802003D
:108780002080ADF80250BDF80200ADF80200BDF83F
:1087900002002080ADF802A0BDF80200ADF8020092
:1087A000BDF802002080ADF80250BDF80200ADF81F
:1087B0000200BDF802002080ADF80230BDF80200D2
:1087C000ADF80200BDF802002080ADF80250BDF8FF
:1087D0000200ADF80200BDF802002080ADF8028072
:1087E000BDF80200ADF80200BDF802002080ADF82F
:1087F0000250BDF80200ADF80200BDF80200208072
:10880000ADF80220BDF80200ADF80200BDF802008C
:108810002080ADF80250BDF80200ADF80200BDF8AE
:10882000020020808820ADF80200BDF80200ADF8FB
:108830000200BDF802002080ADF80250BDF8020031
:10884000ADF80200BDF802002080ADF80210BDF8BE
:108850000200ADF80200BDF802002080ADF8025021
:10886000BDF80200ADF80200BDF802002080ADF8AE
:1088700002E0BDF80200ADF80200BDF80200208061
:10888000ADF80250BDF80200ADF80200BDF80200DC
:108890002080ADF80210BDF80200ADF80200BDF86E
:1088A00002002080ADF80250BDF80200ADF80200D1
:1088B000BDF802002080ADF80220BDF80200ADF83E
:1088C0000200BDF802002080ADF80250BDF80200A1
:1088D000ADF80200BDF802002080ADF80290BDF8AE
:1088E0000200ADF80200BDF802002080ADF8025091
:1088F000BDF80200ADF80200BDF802002080ADF81E
:108900000290BDF80200ADF80200BDF80200208020
:10891000ADF80250BDF80200ADF80200BDF802004B
:108920002080ADF80260BDF80200ADF80200BDF88D
:1089300002002080ADF80250BDF80200ADF8020040
:10894000BDF8020020804320ADF80200BDF802000F
:10895000ADF80200BDF802002080ADF80250BDF86D
:108960000200ADF80200BDF802002080ADF80270F0
:10897000BDF80200ADF80200BDF802002080ADF89D
:108980000250BDF80200ADF80200BDF802002080E0
:10899000E720ADF80200BDF80200ADF80200BDF816
:1089A000020024F8020C3220ADF80200BDF80200EB
:1089B000ADF80200BDF802002080ADF80250BDF80D
:1089C0000200ADF80200BDF802002080ADF8029070
:1089D000BDF80200ADF80200BDF802002080ADF83D
:1089E0000250BDF80200ADF80200BDF80200208080
:1089F000ADF80230BDF80200ADF80200BDF802008B
:108A00002080ADF80250BDF80200ADF80200BDF8BC
:108A100002002080ADF80220BDF80200ADF802008F
:108A2000BDF802002080ADF80250BDF80200ADF89C
:108A30000200BDF8020020806720ADF80200BDF8FA
:108A40000230ADF80230BDF802302380ADF802509C
:108A5000BDF80230ADF80230BDF802302380ADF829
:108A60000200BDF80200ADF80200BDF8020020804F
:108A7000ADF80250BDF80200ADF80200BDF80200EA
:108A800020808720ADF80200BDF80230ADF802303A
:108A9000BDF802302380ADF80250BDF80230ADF8C9
:108AA0000230BDF802302380ADF80210BDF802306C
:108AB000ADF80230BDF802302380ADF80250BDF8A9
:108AC0000230ADF80230BDF802302380ADF802E08C
:108AD000BDF80230ADF80230BDF802302380ADF8A9
:108AE0000250BDF80230ADF80230BDF802302380EC
:108AF000ADF80210BDF80230ADF80230BDF802301A
:108B00002380ADF80250BDF80230ADF80230BDF858
:108B100002302380ADF80280BDF80230ADF802309B
:108B2000BDF802302380ADF80250BDF80230ADF838
:108B30000230BDF802302380ADF802702927BDF85D
:108B40000230ADF80230BDF802302380ADF802509B
:108B5000BDF80230ADF80230BDF802302380ADF828
:108B600002A0BDF80230ADF80230BDF8023023801B
:108B7000ADF80250BDF80230ADF80230BDF8023059
:108B800023802323ADF80230BDF80230ADF8023067
:108B9000BDF802302380ADF80250BDF80230ADF8C8
:108BA0000230BDF8023023803323ADF80230BDF827
:108BB0000230ADF80230BDF802302380ADF802502B
:108BC000BDF80230ADF80230BDF802302380ADF8B8
:108BD0000260BDF80230ADF80230BDF802302380EB
:108BE000ADF80250BDF80230ADF80230BDF80230E9
:108BF0002380E823ADF80230BDF80230ADF8023032
:108C0000BDF8023024F8023CADF80250BDF8023045
:108C1000ADF80230BDF802302380ADF80250BDF847
:108C20000230ADF80230BDF802302380ADF80210FA
:108C3000BDF80230ADF80230BDF802302380ADF847
:108C40000250BDF80230ADF80230BDF8023023808A
:108C50008823ADF80200BDF80200ADF80200BDF8AF
:108C600002002080ADF80250BDF80200ADF802000D
:108C7000BDF802002080ADF80230BDF80200ADF86A
:108C80000200BDF802002080ADF80250BDF80200DD
:108C9000ADF80200BDF802002080ADF80280BDF8FA
:108CA0000200ADF80200BDF802002080ADF80250CD
:108CB000BDF80200ADF80200BDF802002080ADF85A
:108CC0000220BDF80200ADF80200BDF802002080CD
:108CD000ADF80250BDF80200ADF80200BDF8020088
:108CE0002080ADF80230AA23BDF80200ADF80200E2
:108CF000BDF802002080ADF80250BDF80200ADF8CA
:108D00000200BDF802002080ADF80230BDF802007C
:108D1000ADF80200BDF802002080ADF80250BDF8A9
:108D20000200ADF80200BDF802002080ADF802E0BC
:108D3000BDF80200ADF80200BDF802002080ADF8D9
:108D40000250BDF80200ADF80200BDF8020020801C
:108D5000ADF802104421BDF80200ADF80200BDF8E4
:108D600002002080ADF80250BDF80200ADF802000C
:108D7000BDF802002080ADF80220BDF80200ADF879
:108D80000200BDF802002080ADF80250BDF80200DC
:108D9000ADF80200BDF802002080ADF80290BDF8E9
:108DA0000200ADF80200BDF802002080ADF80250CC
:108DB000BDF80200ADF80200BDF802002080ADF859
:108DC0000290BDF80200ADF80200BDF8020020805C
:108DD000ADF80250BDF80200ADF80200BDF8020087
:108DE0002080ADF80210BDF80200ADF80200BDF819
:108DF00002002080ADF80250BDF80200ADF802007C
:108E0000BDF802002080ADF80210AA21BDF80200D2
:108E1000ADF80200BDF802002080ADF80250BDF8A8
:108E20000200ADF80200BDF802002080ADF802900B
:108E3000BDF80200ADF80200BDF802002080ADF8D8
:108E40000250BDF80200ADF80200BDF8020020801B
:108E5000E920ADF80200BDF80200ADF80200BDF84F
:108E6000020024F8020CADF80230BDF80200ADF8A3
:108E70000200BDF802002080ADF80250BDF80200EB
:108E8000ADF80200BDF802002080ADF80250BDF838
:108E90000200ADF80200BDF802002080ADF80250DB
:108EA000BDF80200ADF80200BDF802002080ADF868
:108EB0000250BDF80200ADF80200BDF8020024F82F
:108EC000020CADF80210BDF80200ADF80200BDF8CA
:108ED00002002080CF20ADF80200BDF80200ADF8FE
:108EE0000200BDF8020024F8020CADF80250BDF8F3
:108EF0000200ADF80200BDF802002080ADF802507B
:108F0000BDF80200ADF80200BDF802002080ADF807
:108F10000250BDF80200ADF80200BDF8020020804A
:108F2000ADF80250BDF80200ADF80200BDF8020035
:108F30002080ADF80250BDF80200ADF80200BDF887
:108F400002002080ADF80250BDF80200ADF802002A
:108F5000BDF802002080ADF80250BDF80200ADF867
:108F60000200BDF802002080ADF80250BDF80200FA
:108F7000ADF80200BDF802002080ADF80250BDF847
:108F80000200ADF80200BDF802002080ADF80250EA
:108F9000BDF80200ADF80200BDF802002080ADF877
:108FA0000250BDF80200ADF80200BDF802002080BA
:108FB000ADF80250BDF80200ADF80200BDF80200A5
:108FC0002080ADF80250BDF80200ADF80200BDF8F7
:108FD00002002080ADF80250BDF80200ADF802009A
:108FE000BDF802002080ADF80250BDF80200ADF8D7
:108FF0000200BDF802002080ADF80250BDF802006A
:10900000ADF80200BDF802002080ADF80250BDF8B6
:109010000200ADF80200BDF802002080F020ADF89B
:109020000200BDF80200ADF80200BDF8020024F80D
:10903000020CADF80250BDF80200ADF80200BDF818
:10904000020020805020ADF80200BDF80200ADF80B
:109050000200BDF802002080ADF80250BDF8020009
:10906000ADF80200BDF802002080ADF80250BDF856
:109070000200ADF80200BDF802002080ADF80250F9
:10908000BDF80200ADF80200BDF802002080ADF886
:1090900002B0BDF80200ADF80200BDF8020024F8ED
:1090A000020CADF80250BDF80200ADF80200BDF8A8
:1090B00002002080F920ADF80200BDF80200ADF8F2
:1090C0000200BDF8020024F8020C0620ADF80200F0
:1090D000BDF80200ADF80200BDF8020020801020AB
:1090E000ADF80200BDF80200ADF80200BDF80200C4
:1090F0002080ADF80270BDF80200ADF80200BDF8A6
:1091000002002080ADF80250BDF80200ADF8020068
:10911000BDF8020020803A20ADF80200BDF8020040
:10912000ADF80200BDF8020024F8020CADF8029080
:10913000BDF80200ADF80200BDF802002080ADF8D5
:1091400002C0BDF80200ADF80200BDF8020024F82C
:10915000020C642003F035FAADF802702C21BDF842
:109160000200ADF80200BDF8020024F8020C352020
:10917000ADF80200BDF80200ADF80200BDF8020033
:1091800024F8020CADF80250BDF80200ADF8020060
:10919000BDF8020020805120ADF80200BDF80200A9
:1091A000ADF80200BDF8020024F8020CFF20ADF873
:1091B0000200BDF80200ADF80200BDF802002080F8
:1091C0005320ADF80200BDF80200ADF80200BDF872
:1091D000020024F8020CADF80210BDF80200ADF850
:1091E0000200BDF802002080ADF80290BDF8020038
:1091F000ADF80200BDF8020024F8020C8220ADF8A0
:109200000200BDF80200ADF80200BDF802002080A7
:10921000ADF80210BDF80200ADF80200BDF8020082
:1092200024F8020C01B0BDE8F08F0000000000003F
:109230002DE9F04F85B04FF6FE744FF47040C6F242
:1092400000044BF201134BF2025ECFF6FF73208055
:10925000552060804FF20100CFF6FF70CFF6FF7E01
:109260002080AA216180411C03910122218052218A
:109270006180811C02911F46218008216180C11CF0
:1092800001914FF4304021800D2162804FF0340C69
:109290002080A3F58070618000252080A3F1FF006D
:1092A00061800EF1FF0320804FF4364061804FF45F
:1092B000524B20804FF08108A4F802C04FF0A6095D
:1092C00023800EF58073A4F802C04FF0E50A2380D6
:1092D0004FF43143A4F802C023804BF202136180A3
:1092E000CFF6FF7327804BF20177CFF6FF776180CF
:1092F000238007F5807061804FF437412180791C0D
:10930000A4F802C027804BF20137A4F802C0CFF6C0
:10931000FF7721804FF43241A4F802C07E1C2180E7
:1093200003F1FF016580218003F5807165804FF4B2
:109330003F4321804FF438416580218024216180A2
:10934000009020804BF60200CFF6FF7061802080F5
:10935000618023804FF43343628023800F23638036
:10936000278063802680082663804FF4394323805A
:1093700000F1FF03A4F802C0238000F58073A4F875
:1093800002C04FF4424023804FF43543A4F802C09A
:10939000238007F500734BF601476680CFF6FF7711
:1093A000238066800323A4F800E04FF0330E66802C
:1093B00020804FF43A4063802080A7F500706180E0
:1093C0002080A7F2FF10618020804FF43C40618034
:1093D0004FF43D4120807820658027804BF602477E
:1093E000CFF6FF77608027806580218007F1FF013D
:1093F000658021803321608007F5807020804FF4E4
:109400003E406580672720804BF601606580CFF67F
:10941000FF702080642060804FF4514020804DF226
:109420000110CFF6FF706580208000F11806618082
:10943000411C2180811C65802180C11CA4F802C0D0
:109440002180011D658021803A216180411D21809C
:10945000811D658021804A216180C11D218000F12C
:109460000801658021805C21618000F10901218073
:1094700000F10A01658021808121618000F10B01EA
:10948000218000F10C0165802180A621618000F11E
:109490000D01218000F10E0165802180E5216180B0
:1094A00000F10F01218000F1100162802180132161
:1094B000618000F11101218000F1120162802180A0
:1094C0005421618000F11301218000F114016280B8
:1094D00021808221618000F11501218000F11601B7
:1094E00062802180CA21618000F117012180022160
:1094F0006180268000F119066580268000F11A0639
:109500006180268000F11B066280268000F11C0627
:109510006180268000F11D06A4F802C0268000F1BB
:109520001E066180268000F11F0667808427268042
:1095300000F120066180268000F121066780A427C3
:10954000268000F122066180268000F123066780D4
:10955000B727268000F124066180268000F12506C9
:109560006780CF27268000F126066180268000F1E3
:1095700027066780DE27268000F128066180268086
:1095800000F129066780F227268000F12A06618013
:10959000268000F12B066780FE27268000F12C062E
:1095A0006180268000F12D0667801027268000F15B
:1095B0002E066380268000F12F0667806D272680A7
:1095C00000F130066380268000F13106A4F802E045
:1095D000268000F13206638000F5807026804A26DE
:1095E0006780A4F800B04FF03A0B658020804DF200
:1095F0000220CFF6FF70A4F802E02080471C6580AF
:109600002780871CA4F802C02780C71C658027809C
:10961000071DA4F802B02780471D65802780871D9D
:1096200066805C262780C71D6580278000F10807BB
:109630006680278000F109076580278000F10A070E
:10964000A4F80280278000F10B076580278000F1D5
:109650000C07A4F80290278000F10D076580278091
:1096600000F10E07A4F802A0278000F10F07628026
:1096700027801327678000F11007278000F111076A
:10968000628027805427678000F11207278000F14D
:109690001307628027808227678000F114072780E4
:1096A00000F1150762802780CA27678000F116073E
:1096B000278000F117076180278000F11807658077
:1096C000278000F119076180278000F11A07628066
:1096D000278000F11B076180278000F11C07A4F898
:1096E00002C0278000F11D076180278067276780FF
:1096F00000F11E07278000F11F0761802780842763
:10970000678000F12007278000F121076180278012
:10971000A427678000F12207278000F123076180DA
:109720002780B727678000F12407278000F12507ED
:1097300061802780CF27678000F12607278000F10E
:10974000270761802780DE27678000F128072780B0
:1097500000F1290761802780F227678000F12A073E
:10976000278000F12B0761802780FE27678000F1AA
:109770002C07278000F12D07638027801027678042
:1097800000F12E07278000F12F076380278000F16A
:109790003007A4F802E0278000F1310763802780BA
:1097A0006D2767804FF45347278000F1FF076580DE
:1097B00000F580702780A4F802E04FF04A0E208068
:1097C0004DF20330CFF6FF7065802080471CA4F86F
:1097D00002C02780871C65802780C71CA4F802B0C0
:1097E0002780071D658027804A276780471D2780BF
:1097F000871D65802780C71D6680278000F10807C8
:109800006580278000F10907A4F80280278000F115
:109810000A076580278000F10B07A4F802902780D3
:1098200000F10C076580278000F10D07A4F802A065
:109830004FF0330A278000F10E076280278013273C
:10984000678000F10F07278000F1100762802780F2
:109850005427678000F11107278000F1120762800A
:1098600027808227678000F11307278000F1140703
:1098700062802780CA27678000F11507278000F1E2
:1098800016076180278000F117076580278000F1A7
:1098900018076180278000F119076280278000F196
:1098A0001A076180278000F11B07A4F802C02780F7
:1098B00000F11C07618027806727678000F11D0782
:1098C000278000F11E07618027808427678000F1D0
:1098D0001F07278000F1200761802780A427678069
:1098E00000F12107278000F1220761802780B72738
:1098F000678000F12307278000F12407618027801B
:10990000CF27678000F12507278000F126076180B7
:109910002780DE27678000F12707278000F12807CE
:1099200061802780F227678000F12907278000F1F6
:109930002A0761802780FE27678000F12B07278098
:1099400000F12C07638027801027678000F12D0726
:10995000278000F12E076380278000F12F07A4F8ED
:1099600002A0278000F13007638027806D27678081
:109970004FF45447278000F1FE076580278000F1EF
:10998000FF07A4F802A000F5807027806580208082
:109990004DF20440CFF6FF70A4F802C02080471CAF
:1099A00065802780871CA4F802B04FF0E50B278064
:1099B000C71C65802780071DA4F802E02780471D8B
:1099C00065802780871D66802780C71D658027806A
:1099D00000F10807A4F80280278000F109076580DC
:1099E000278000F10A07A4F80290278000F10B07F6
:1099F0006580278000F10C07A4F802B0278000F1F1
:109A00000D07628027801327678000F10E072780EB
:109A100000F10F07628027805427678000F110074C
:109A2000278000F11107628027808227678000F17C
:109A30001207278000F1130762802780CA276780FA
:109A400000F11407278000F115076180278000F1DD
:109A500016076580278000F117076180278000F1D5
:109A600018076280278000F119076180278000F1C4
:109A70001A07A4F802C0278000F11B076180278025
:109A80006727678000F11C07278000F11D076180B0
:109A900027808427678000F11E07278000F11F07B9
:109AA00061802780A427678000F12007278000F1CC
:109AB000210761802780B727678000F12207278070
:109AC00000F1230761802780CF27678000F12407FA
:109AD000278000F1250761802780DE27678000F15D
:109AE0002607278000F1270761802780F2276780FB
:109AF00000F12807278000F1290761802780FE27D1
:109B0000678000F12A07278000F12B0763802780F8
:109B10001027678000F12C07278000F12D07638054
:109B2000278000F12E07A4F802A0278000F12F075C
:109B3000638027806D2767804FF45547278000F1A9
:109B4000FD076580278000F1FE07A4F802A02780AA
:109B500000F1FF07658000F5807027803A27A4F8A0
:109B600002C020804DF20550CFF6FF706580208046
:109B70006780471C2780871C65802780C71CA4F846
:109B800002E02780071D65802780471D66802780AB
:109B9000871D65802780C71DA4F80280278000F1FB
:109BA00008076580278000F10907A4F80290278044
:109BB00000F10A076580278000F10B07A4F802B0C6
:109BC000278000F10C07628027801327678000F14F
:109BD0000D07278000F10E076280278054276780D9
:109BE00000F10F07278000F110076280278082278D
:109BF000678000F11107278000F11207628027803B
:109C0000CA27678000F11307278000F114076180DD
:109C1000278000F115076580278000F11607618015
:109C2000278000F117076280278000F11807618004
:109C3000278000F11907A4F802C0278000F11A0755
:109C4000618027806727678000F11B07278000F16C
:109C50001C07618027808427678000F11D0727800B
:109C600000F11E0761802780A427678000F11F078D
:109C7000278000F1200761802780B727678000F1E7
:109C80002107278000F1220761802780CF27678086
:109C900000F12307278000F1240761802780DE2759
:109CA000678000F12507278000F126076180278063
:109CB000F227678000F12707278000F128076180DD
:109CC0002780FE27678000F12907278000F12A07F7
:109CD000638027801027678000F12B07278000F121
:109CE0002C076380278000F12D07A4F802A02780AD
:109CF00000F12E07638027806D2767804FF4564759
:109D0000278000F1FC076580278000F1FD07A4F89B
:109D100002A0278000F1FE076580278000F1FF0781
:109D2000A4F802C000F580702780658020803A206A
:109D300060804DF20660CFF6FF7020806580471C82
:109D40002780871CA4F802E02780C71C6580278035
:109D5000071D66804BF201762780471D6580CFF690
:109D6000FF762780871DA4F802802780C71D6580A5
:109D7000278000F10807A4F80290278000F1090766
:109D80006580278000F10A07A4F802B0278000F15F
:109D90000B07628027801327678000F10C0727805C
:109DA00000F10D07628027805427678000F10E07BD
:109DB000278000F10F07628027808227678000F1EB
:109DC0001007278000F1110762802780CA2767806B
:109DD00000F11207278000F113076180278000F14E
:109DE00014076580278000F115076180278000F146
:109DF00016076280278000F117076180278000F135
:109E00001807A4F802C0278000F119076180278095
:109E10006727678000F11A07278000F11B07618020
:109E200027808427678000F11C07278000F11D0729
:109E300061802780A427678000F11E07278000F13A
:109E40001F0761802780B727678000F120072780E0
:109E500000F1210761802780CF27678000F122076A
:109E6000278000F1230761802780DE27678000F1CB
:109E70002407278000F1250761802780F22767806B
:109E800000F12607278000F1270761802780FE2741
:109E9000678000F12807278000F129076380278069
:109EA0001027678000F12A07278000F12B076380C5
:109EB000278000F12C07A4F802A02D302780552719
:109EC000638020806D2060804FF4704020804FF2CE
:109ED00001006780CFF6FF702080AA206080039881
:109EE00020805220608002982080082060800198A5
:109EF000208065804FF431402080CC2060804BF280
:109F00000110CFF6FF70208065804FF4364020802E
:109F1000052060804FF437402080702060802680CC
:109F200060804FF4384020806280009820804BF69B
:109F300002006380CFF6FF702080638001302080B4
:109F40004FF43C40638020804BF601406180CFF6A7
:109F5000FF7020804BF602406580CFF6FF702080B6
:109F60004FF4494065802080D02060804BF601602E
:109F7000CFF6FF7000F5306020804CF60210618053
:109F8000CFF6FF70208050216180421C22806180CA
:109F9000023020804FF45450618020804FF468508C
:109FA000658020804FF488506780ADF81000BDF8C0
:109FB0001000ADF81000BDF810002080782002F0ED
:109FC00005FB4FF42450ADF81200BDF81200ADF8B7
:109FD0001200BDF81200208005B0BDE8F08F00002F
:109FE0002DE9F04182B0E220ADF80600BDF8060090
:109FF0000024ADF80600C6F20104BDF806004FF0DB
:10A00000020824F8020C1D20ADF806000427BDF854
:10A010000600ADF80600BDF806002080ADF8068009
:10A02000BDF80600ADF80600BDF806002080ADF8CA
:10A030000670BDF80600ADF80600BDF806002080E9
:10A04000642002F0C3FAE026ADF80660BDF8060011
:10A050000125ADF80600BDF8060024F8020CADF8A5
:10A060000650BDF80600ADF80600BDF806002080D9
:10A070000A2002F0A6FAADF806600326BDF8060035
:10A08000ADF80600BDF8060024F8020CADF8066035
:10A09000BDF80600ADF80600BDF8060020800C20D3
:10A0A00002F08FFAADF80650BDF80600ADF80600D4
:10A0B000BDF8060024F8020C0A2002F082FAE6201D
:10A0C000ADF80600BDF80600ADF80600BDF80600C4
:10A0D00024F8020C2F20ADF80600BDF80600ADF8FC
:10A0E0000600BDF806002080FF20ADF80600BDF890
:10A0F0000610ADF80610BDF806102180ADF8060078
:10A10000BDF80600ADF80600BDF806002080B020BE
:10A11000ADF80600BDF80600ADF80600BDF8060073
:10A1200024F8020C2020ADF80600BDF80600ADF8BA
:10A130000600BDF8060020800020ADF80600BDF83E
:10A140000610ADF80610BDF806102180ADF80660C7
:10A15000BDF80610ADF80610BDF80610218040F2DB
:10A160001F31ADF80610BDF80610ADF80610BDF8A9
:10A1700006102180ADF80650BDF80610ADF80610A7
:10A18000BDF80610218040F2DF11ADF80610BDF8D1
:10A190000610ADF80610BDF806102180ADF80600D7
:10A1A000BDF80610ADF80610BDF806102180B421E8
:10A1B000ADF80610BDF80610ADF80610BDF8061093
:10A1C00024F8021CADF80670BDF80610ADF80610B4
:10A1D000BDF80610218040F21F41ADF80610BDF811
:10A1E0000610ADF80610BDF806102180ADF8060087
:10A1F000BDF80610ADF80610BDF8061021802E211E
:10A20000ADF80610BDF80610ADF80610BDF8061042
:10A210002180ADF80600BDF80610ADF80610BDF8B7
:10A2200006102180ADF80600BDF80610ADF8061046
:10A23000BDF806102180ADF80600BDF80610ADF897
:10A240000610BDF806102180ADF80600BDF8061016
:10A25000ADF80610BDF806102180B621ADF8061045
:10A26000BDF80610ADF80610BDF8061024F8021C63
:10A27000ADF80680BDF80610ADF80610BDF8061062
:10A2800021804FF40371ADF80610BDF80610ADF84B
:10A290000610BDF806102180ADF80600BDF80610C6
:10A2A000ADF80610BDF8061021801721ADF8061094
:10A2B000BDF80610ADF80610BDF806102180152176
:10A2C000ADF80610BDF80610ADF80610BDF8061082
:10A2D0002180ADF80600BDF80610ADF80610BDF8F7
:10A2E00006102180ADF80600BDF80610ADF8061086
:10A2F000BDF806102180F021ADF80610BDF806105B
:10A30000ADF80610BDF8061024F8021CADF8066082
:10A31000BDF80610ADF80610BDF806102180292101
:10A32000ADF80610BDF80610ADF80610BDF8061021
:10A3300024F8021CD021ADF80610BDF80610ADF8C7
:10A340000610BDF8061024F8021CADF80600BDF892
:10A350000610ADF80610BDF806102180BE21ADF83C
:10A360000610BDF80610ADF80610BDF8061024F86A
:10A37000021C0521ADF80610BDF80610ADF8061058
:10A38000BDF806102180FE21ADF80610BDF80610BC
:10A39000ADF80610BDF806102180ADF80650BDF8E6
:10A3A0000610ADF80610BDF806102180ADF80600C5
:10A3B000BDF80610ADF80610BDF806102180ADF806
:10A3C0000600BDF80610ADF80610BDF80610218095
:10A3D000ADF80600BDF80600ADF80600BDF80600B1
:10A3E0002080B820ADF80600BDF80600ADF80600E4
:10A3F000BDF8060024F8020CADF80660BDF80600B2
:10A40000ADF80600BDF806002080ADF80650BDF896
:10A410000600ADF80600BDF806002080BA20ADF8B1
:10A420000600BDF80600ADF80600BDF8060024F8E9
:10A43000020CADF80650BDF80600ADF80600BDF8F8
:10A440000600208002B0BDE8F0810000000000009E
:10A450002DE9F04381B01120ADF80200BDF80200F3
:10A460000024ADF80200C6F20104BDF8020024F891
:10A47000020C782002F0A5F83620ADF80200BDF8F5
:10A4800002004FF00008ADF802004FF0320EBDF8A8
:10A4900002004FF0010C24F8020CD023ADF802802A
:10A4A0004FF00209BDF802000A25ADF80200282687
:10A4B000BDF8020020803A20ADF80200BDF802008D
:10A4C000ADF80200BDF8020024F8020C0520ADF83A
:10A4D0000200BDF80200ADF80200BDF802002080C5
:10A4E000B220ADF80200BDF80200ADF80200BDF8E0
:10A4F000020024F8020C0C20ADF80200BDF8021096
:10A50000ADF80210BDF802102180ADF80200BDF8D0
:10A510000210ADF80210BDF802102180ADF80280E3
:10A52000BDF80210ADF80210BDF8021021803321F1
:10A53000ADF80210BDF80220ADF80220BDF80220EF
:10A5400022800722ADF80210BDF80210ADF802100B
:10A55000BDF802102180B721ADF80210BDF802103D
:10A56000ADF80210BDF8021024F8021C3521ADF838
:10A570000210BDF80210ADF80210BDF802102180E3
:10A58000BB21ADF80210BDF80210ADF80210BDF805
:10A59000021024F8021CADF802E0BDF80210ADF87C
:10A5A0000210BDF802102180C021ADF80210BDF8E4
:10A5B0000210ADF80210BDF8021024F8021CADF82C
:10A5C0000200BDF80200ADF80200BDF802002080D4
:10A5D000C220ADF80200BDF80200ADF80200BDF8DF
:10A5E000020024F8020CADF802C0BDF80200ADF87C
:10A5F0000200BDF802002080C320ADF80200BDF8C3
:10A600000200ADF80200BDF8020024F8020C102090
:10A61000ADF80200BDF80200ADF80200BDF802007E
:10A620002080C420ADF80200BDF80200ADF80200A1
:10A63000BDF8020024F8020C2020ADF80200BDF89D
:10A640000200ADF80200BDF802002080C620ADF87F
:10A650000200BDF80200ADF80200BDF8020024F8C7
:10A66000020C0F20ADF80200BDF80200ADF80200A8
:10A67000BDF802002080ADF80230BDF80200ADF850
:10A680000200BDF8020024F8020CA420ADF802007C
:10A69000BDF80200ADF80200BDF802002080A12044
:10A6A000ADF80200BDF80200ADF80200BDF80200EE
:10A6B0002080E020ADF80200BDF80200ADF80200F5
:10A6C000BDF8020024F8020CADF80230BDF802001B
:10A6D000ADF80200BDF802002080ADF80280BDF8A0
:10A6E0000200ADF80200BDF802002080ADF8029033
:10A6F000BDF80200ADF80200BDF802002080ADF800
:10A700000220BDF80200ADF80200BDF80200208072
:10A71000ADF80250BDF80200ADF80200BDF802002D
:10A720002080ADF80260BDF80200ADF80200BDF86F
:10A7300002002080ADF802E0BDF80200ADF8020092
:10A74000BDF8020020804420ADF80200BDF80200F0
:10A75000ADF80200BDF8020020804220ADF80200F2
:10A76000BDF80200ADF80200BDF80200208006200E
:10A77000ADF80200BDF80200ADF80200BDF802001D
:10A7800020800E20ADF80200BDF80270ADF8027016
:10A79000BDF8027027801227ADF80270BDF8027074
:10A7A000ADF80270BDF8027027801427ADF8027072
:10A7B000BDF80270ADF80270BDF80270278017274F
:10A7C000ADF80270BDF80210ADF80210BDF802102D
:10A7D0002180E121ADF80210BDF80210ADF80210A1
:10A7E000BDF8021024F8021CADF80230BDF80210CA
:10A7F000ADF80210BDF802102180ADF80280BDF85E
:10A800000210ADF80210BDF802102180ADF80290E0
:10A81000BDF80210ADF80210BDF802102180ADF8AD
:10A820000220BDF80210ADF80210BDF80210218020
:10A83000ADF80250BDF80210ADF80210BDF80210DC
:10A840002180ADF80260BDF80210ADF80210BDF82D
:10A85000021021803121ADF80210BDF80210ADF8D0
:10A860000210BDF8021021805421ADF80210BDF88D
:10A870000210ADF80210BDF8021021804721ADF89A
:10A880000210BDF80210ADF80210BDF802102180D0
:10A89000ADF80200BDF80200ADF80200BDF80200FC
:10A8A00020801C20ADF80200BDF80200ADF80200C7
:10A8B000BDF802002080ADF80270BDF80200ADF8CE
:10A8C0000200BDF8020020801B20ADF80200BDF898
:10A8D0000200ADF80200BDF8020020801E20ADF895
:10A8E0000200BDF80200ADF80200BDF802002080B1
:10A8F0002A20ADF80200BDF80200ADF80200BDF854
:10A90000020024F8020CADF80280BDF80200ADF898
:10A910000200BDF802002080ADF80280BDF8020000
:10A92000ADF80200BDF802002080ADF80280BDF84D
:10A930000200ADF80200BDF802002080EF20ADF863
:10A940000200BDF80200ADF80200BDF80200208050
:10A950002B20ADF80200BDF80200ADF80200BDF8F2
:10A96000020024F8020CADF80280BDF80200ADF838
:10A970000200BDF802002080ADF80280BDF80200A0
:10A98000ADF80200BDF802002080ADF802C0BDF8AD
:10A990000200ADF80200BDF8020020803F20ADF8B3
:10A9A0000200BDF80200ADF80200BDF802002080F0
:10A9B0002920ADF80200BDF80200ADF80200BDF894
:10A9C000020024F8020C01B0BDE8F0830000000092
:10A9D00070B582B01120ADF80600BDF80600002465
:10A9E000ADF80600C6F20104BDF8060024F8020C1A
:10A9F000782001F0E6FD4FF0360CADF806C0BDF84A
:10AA000006001625ADF806002926BDF8060024F834
:10AA1000020C4820ADF80600BDF80600ADF80600AF
:10AA2000BDF8060020803A20ADF80600BDF806000B
:10AA3000ADF80600BDF8060024F8020C5520ADF86C
:10AA40000600BDF80600ADF80600BDF8060020803F
:10AA5000F020ADF80600BDF80620ADF80620BDF8E0
:10AA6000062024F8022CC322ADF80620BDF80620EB
:10AA7000ADF80620BDF806202280ADF80600BDF82E
:10AA80000620ADF80620BDF8062024F8022C9622F8
:10AA9000ADF80620BDF80620ADF80620BDF806206A
:10AAA0002280B422ADF80620BDF80620ADF80620BD
:10AAB000BDF8062024F8022C0122ADF80620BDF8CE
:10AAC0000620ADF80620BDF806202280B622ADF89B
:10AAD0000620BDF80620ADF80620BDF8062024F8B3
:10AAE000022C0A22ADF80620BDF80620ADF806209B
:10AAF000BDF806202280A222ADF80620BDF806206F
:10AB0000ADF80620BDF806202280B722ADF8062059
:10AB1000BDF80620ADF80620BDF8062024F8022C6A
:10AB2000C622ADF80620BDF80620ADF80620BDF817
:10AB300006202280B922ADF80620BDF80620ADF827
:10AB40000620BDF8062024F8022C0222ADF80620CB
:10AB5000BDF80620ADF80620BDF806202280E022D0
:10AB6000ADF80620BDF80630ADF80630BDF8063069
:10AB70002380C023ADF80630BDF80630ADF80630AE
:10AB8000BDF8063024F8023C8023ADF80630BDF84D
:10AB90000630ADF80630BDF806302380ADF806501B
:10ABA000BDF80630ADF80630BDF806302380C1236D
:10ABB000ADF80630BDF80630ADF80630BDF8063009
:10ABC00024F8023C1923ADF80630BDF80610ADF8A4
:10ABD0000610BDF806102180C221ADF80610BDF8A0
:10ABE0000610ADF80610BDF8061024F8021CA721C7
:10ABF000ADF80610BDF80610ADF80610BDF8061049
:10AC00002180C521ADF80610BDF80610ADF806107C
:10AC1000BDF8061024F8021CADF80650BDF8061069
:10AC2000ADF80610BDF806102180E821ADF8061039
:10AC3000BDF80610ADF80610BDF8061024F8021C89
:10AC40004021ADF80610BDF80610ADF80610BDF8AD
:10AC5000061021808A21ADF80610BDF80610ADF867
:10AC60000610BDF8061021800021ADF80610BDF8D1
:10AC70000650ADF80650BDF806502580ADF8061018
:10AC8000BDF80610ADF80610BDF806102180ADF82D
:10AC90000660BDF80610ADF80610BDF8061021805C
:10ACA000ADF80630BDF80610ADF80610BDF8061078
:10ACB0002180A521ADF80610BDF80610ADF80610EC
:10ACC000BDF8061021803321ADF80610BDF806103E
:10ACD000ADF80610BDF806102180ADF8062014224C
:10ACE000BDF80610ADF80610BDF8061024F8021CD9
:10ACF000ADF80600BDF80610ADF80610BDF8061058
:10AD000021800721ADF80610BDF80610ADF8061039
:10AD1000BDF8061021800D21ADF80610BDF8061013
:10AD2000ADF80610BDF8061021800421ADF806101C
:10AD3000BDF80610ADF80610BDF8061021800521FB
:10AD4000ADF80610BDF80610ADF80610BDF80610F7
:10AD50002180ADF80620BDF80610ADF80610BDF84C
:10AD600006102180ADF806C0BDF80610ADF806103B
:10AD7000BDF8061021805421ADF80610BDF806106C
:10AD8000ADF80610BDF8061021804C21ADF8061074
:10AD9000BDF80630ADF80630BDF806302380382304
:10ADA000ADF80630BDF80630ADF80630BDF8063017
:10ADB00023801323ADF80630BDF80630ADF8063019
:10ADC000BDF806302380ADF80620BDF80630ADF89A
:10ADD0000630BDF8063023802E23ADF80630BDF8CE
:10ADE0000630ADF80630BDF8063023803423ADF8C8
:10ADF0000630BDF80630ADF80630BDF806302380C9
:10AE0000E123ADF80630BDF80630ADF80630BDF8E8
:10AE1000063024F8023CADF80600BDF80630ADF867
:10AE20000630BDF8063023801023ADF80630BDF89B
:10AE30000650ADF80650BDF806502580ADF8062046
:10AE4000BDF80620ADF80620BDF8062022800E22AF
:10AE5000ADF80620BDF80620ADF80620BDF80620A6
:10AE600022800C22ADF80620BDF80620ADF80620A1
:10AE7000BDF8062022800822ADF80620BDF8062085
:10AE8000ADF80620BDF8062022803522ADF8062058
:10AE9000BDF80620ADF80620BDF806202280442229
:10AEA000ADF80620BDF80620ADF80620BDF8062056
:10AEB0002280ADF80610BDF80610ADF80610BDF8FA
:10AEC000061021802621ADF80610BDF80610ADF859
:10AED0000610BDF806102180ADF80630BDF806104A
:10AEE000ADF80610BDF8061021801221ADF806104D
:10AEF000BDF80610ADF80610BDF8061021802C2113
:10AF0000ADF80610BDF80610ADF80610BDF8061035
:10AF100021803221ADF80610BDF80610ADF80610FC
:10AF2000BDF806102180ADF80600BDF80610ADF89A
:10AF30000610BDF8061024F8021C3C21ADF80610DE
:10AF4000BDF80610ADF80610BDF806102180ADF86A
:10AF50000600BDF80600ADF80600BDF8060024F8AE
:10AF6000020C6920ADF80600BDF80600ADF8060039
:10AF7000BDF806002080782001F023FB2120ADF8E9
:10AF80000600BDF80600ADF80600BDF8060024F87E
:10AF9000020CADF80660BDF80600ADF80600BDF87D
:10AFA000060024F8020C02B070BD00000000000092
:10AFB0002DE9F041B6B040F6004815A88421C5F649
:10AFC000020801F086FA00241494CDE91244CDE978
:10AFD0001044CDE90E44CDE90C44CDE90A44CDE955
:10AFE0000844CDE90644CDE90444CDE9024401F02A
:10AFF000C7F840F66076C2F20046B08001F0C0F8B3
:10B00000B08010B100F028FF5AE2002715A80125F2
:10B010001595C6F20107169401F065FA44F2405006
:10B02000C5F60200016841F0080101600068019066
:10B0300001984FF40040CDE910050220139010A9AB
:10B040004046129501F03BFA40F6E0050F20CDE9AD
:10B050000904CDE9020414200490C2F2004544F230
:10B060000000C5F200206B210B9109A9286000F5B2
:10B070008270C5E90104102002AAC5E905044FF455
:10B0800080500F94C5E909044FF480400894C5E945
:10B090000B044FF480106C63C5E90E0428462C6441
:10B0A000C5E90344C5E90744F6F7E6FC322001F0A0
:10B0B00088FAD320ADF80400BDF8040049F241320B
:10B0C000ADF80400BDF8040027F8020C3888ADF88C
:10B0D0000400BDF80400B0803888ADF80400BDF865
:10B0E0000400B0803888ADF80400BDF80400010207
:10B0F000B1803988ADF80410BDF8041041EA002091
:10B10000B08081B2914200F02C810420ADF804009F
:10B11000BDF8040048F25252ADF80400BDF8040036
:10B1200027F8020C3888ADF80400BDF80400B080A0
:10B130003888ADF80400BDF80400B0803888ADF858
:10B140000400BDF804000102B1803988ADF8041094
:10B15000BDF8041041EA002081B2914247F28972A1
:10B1600008BF47F2897081B2B080914200F0F98047
:10B17000D420ADF80400BDF8040045F21032ADF85B
:10B180000400BDF8040027F8020C3888ADF804006C
:10B19000BDF80400B0803888ADF80400BDF80400A4
:10B1A000B0803888ADF80400BDF804000102B18019
:10B1B0003988ADF80410BDF8041041EA0020B080D1
:10B1C00081B2914200F0CD80D320ADF80400BDF8EB
:10B1D000040047F29672ADF80400BDF8040027F8A9
:10B1E000020C3888ADF80400BDF80400B08038883F
:10B1F000ADF80400BDF80400B0803888ADF8040054
:10B20000BDF804000102B1803988ADF80410BDF822
:10B21000041041EA0020B08081B2914200F0A18088
:10B220004FF4704027F8020C4CF201505521CFF634
:10B23000FF70398000F52C5127F8021CAA213980B3
:10B240004FF202015222CFF6FF7127F8021C3A801A
:10B250004A1C27F8022C08223A80023127F8021CE7
:10B26000012139804FF44541ADF80410BDF80410B8
:10B27000ADF80410BDF8041027F8021C3988ADF8A9
:10B280000410BDF804100A02B280ADF80400BDF845
:10B290000400ADF80400BDF8040027F8020C38885B
:10B2A000ADF80400BDF8040040EA0120B08005209C
:10B2B00001F087F9B08845F21051884251D0D3206F
:10B2C000ADF80400BDF8040049F60602ADF804002C
:10B2D000BDF8040027F8020C3888ADF80400BDF86A
:10B2E0000400B0803888ADF80400BDF80400B080D8
:10B2F0003888ADF80400BDF804000102B180398837
:10B30000ADF80410BDF8041041EA0020B08081B20D
:10B31000914226D0A120ADF80400BDF8040045F20A
:10B320006172ADF80400BDF8040027F8020C3888FB
:10B33000ADF80400BDF80400B0803888ADF8040012
:10B34000BDF804000102B1803988ADF80410BDF8E1
:10B35000041041EA002081B2914208BF41F6631017
:10B36000B080B08847F2887188420EDD49F24031E2
:10B37000884219DC47F28971884269D047F2967198
:10B3800088426DD1FFF724FB6AE041F663118842E1
:10B3900015D045F21031884260D045F210518842F4
:10B3A0005ED1FDF745FF5BE049F24131884252D062
:10B3B00049F60601884253D1FAF76EFA50E0FEF7DB
:10B3C0000FFEBE20ADF80400BDF80400ADF8040087
:10B3D000BDF8040027F8020C0520ADF80400BDF804
:10B3E0000400ADF80400BDF804003880FE20ADF87C
:10B3F0000400BDF80400ADF80400BDF80400388076
:10B400000120ADF80400BDF80400ADF80400BDF85B
:10B4100004003880FF20ADF80400BDF80400ADF84A
:10B420000400BDF8040038800020ADF80400BDF829
:10B430000410ADF80410BDF804103980ADF8040014
:10B44000BDF80400ADF80400BDF80400388007E042
:10B45000FEF7FEFF04E0F9F78BFE01E0FAF754FF78
:10B46000B08847F2887188420ADD49F2403188424B
:10B4700013DC47F28971884217D047F2967109E0D0
:10B4800041F66311884210D045F2103188420ED047
:10B4900045F2105188420AD012E049F6060188426E
:10B4A00005D049F2413188420AD1072100E0052147
:10B4B0000291EB6AD5E90102049102A9F5F7B4F80B
:10B4C0000020F9F7C1FD4FF400410122404601F090
:10B4D0005FF840F67070C2F20040006830B14FF67D
:10B4E000FF7000F015FC36B0BDE8F0813088002513
:10B4F0007188C6F2010501FB00F40020002100F074
:10B5000083F9308925F8020C2CB14FF6FF7000BF8B
:10B51000013C2880FCD136B0BDE8F081000000007D
:10B5200040F6607CC2F2004C9CF80610BCF8042087
:10B53000012906D141F663139A4202D0072808D99F
:10B540000AE0002904BF41F663118A4204D10828A9
:10B5500002D240B2AAA1085C0138C0B2062806D8BF
:10B560004CF6D461C9F2000131F8101000E000215E
:10B57000B0B581B045F2105E362347F2897441F0D0
:10B580000805724540F2000008BF4FF45853A2422C
:10B5900049F2413408BF2946A24247F2967408BFD7
:10B5A0002946C6F20100A24208BF294641F66314AB
:10B5B00020F8023CA24201800ED0BCF8003089067F
:10B5C000BCF8024002D4A34202D805E0A34203D251
:10B5D000ACF80040ACF80230BCF80A10724540F0FC
:10B5E000A380ADF80210BDF80220ADF80220BDF82E
:10B5F000022020F8022C0022ADF80220BDF8023013
:10B60000ADF80230BDF8023003804B1CADF80230BB
:10B61000BDF80230ADF80230BDF8023020F8023C2F
:10B62000ADF80220BDF80230ADF80230BDF80230AE
:10B6300003808B1CADF802300331BDF80230ADF849
:10B640000230BDF8023020F8023CBCF80030013B6B
:10B650001D0AADF80250BDF80250ADF80250BDF819
:10B6600002500580ADF80210BDF80210ADF80210CE
:10B67000BDF8021020F8021CD9B2ADF80210BDF8D6
:10B680000210ADF80210BDF802100180BCF80C10D9
:10B69000ADF80210BDF80230ADF80230BDF802304E
:10B6A00020F8023CADF80220BDF80230ADF80230BF
:10B6B000BDF8023003804B1CADF80230BDF80230FB
:10B6C000ADF80230BDF8023020F8023CADF802209F
:10B6D000BDF80220ADF80220BDF8022002808A1CCD
:10B6E000ADF802200331BDF80220ADF80220BDF80C
:10B6F000022020F8022CBCF80220013A130AADF80F
:10B700000230BDF80230ADF80230BDF802300380DF
:10B71000ADF80210BDF80210ADF80210BDF802102D
:10B7200020F8021CD1B25FE0ADF80210BDF80210A3
:10B73000ADF80210BDF8021020F8021C0021ADF88F
:10B740000210BDF80220ADF80220BDF802200280F0
:10B75000ADF80210BDF80220ADF80220BDF80220BD
:10B760000280BCF80020013A130AADF80230D2B2D0
:10B77000BDF80230ADF80230BDF802300380ADF8FC
:10B780000220BDF80220ADF80220BDF802200280A0
:10B79000BCF80C20ADF80220BDF80220ADF8022064
:10B7A000BDF8022020F8022CADF80210BDF80220EE
:10B7B000ADF80220BDF802200280ADF80210BDF8FD
:10B7C0000210ADF80210BDF802100180BCF80210A2
:10B7D00001390A0AADF80220C9B2BDF80220ADF85D
:10B7E0000220BDF802200280ADF80210BDF8021060
:10B7F000ADF80210BDF80210018001B0B0BD00BF6D
:10B80000060704050100030210B581B040F6607C14
:10B8100045F21052C2F2004C40F2000EC6F2010E88
:10B82000BCF8043093422FD041F6631293427BD18F
:10B830009CF80620002A00F0B280BCF80A20ADF87F
:10B840000220BDF80220ADF80220BDF802202EF83B
:10B85000022C020AC0B2ADF80220BDF80220ADF8F9
:10B860000220BDF80220AEF80020ADF80200BDF8BD
:10B870000200ADF80200BDF80200AEF80000BCF80E
:10B8800000000138020AB1E0BCF80A20ADF802203D
:10B89000BDF802300132ADF80230BDF802302EF8AA
:10B8A000023C030AC0B2ADF80230BDF80230ADF878
:10B8B0000230BDF80230AEF80030ADF80220BDF81D
:10B8C0000220ADF80220BDF802202EF8022CADF8BF
:10B8D0000200BDF80200ADF80200BDF80200AEF8AB
:10B8E0000000BCF80C00ADF80200BDF802200130E9
:10B8F000ADF80220BDF802202EF8022C0A0AADF89D
:10B900000220BDF80220ADF80220BDF80220AEF8FA
:10B910000020ADF80200BDF80200ADF80200BDF84D
:10B9200002002EF8020C38E0BCF80A20ADF8022024
:10B93000BDF80220ADF80220BDF802202EF8022C3E
:10B94000020AC0B2ADF80220BDF80220ADF8022014
:10B95000BDF80220AEF80020ADF80200BDF80200EC
:10B96000ADF80200BDF80200AEF80000BCF80C0013
:10B97000ADF80200BDF80200ADF80200BDF802000B
:10B980002EF8020C080AADF80200BDF80200ADF86E
:10B990000200BDF80200AEF80000C8B26CE0BCF8CE
:10B9A0000A20C043BCF80030ADF80220BDF80220E8
:10B9B000ADF80220184483B2BDF802202EF8022C04
:10B9C0000022ADF80220BDF80240ADF80240BDF8FB
:10B9D0000240AEF80040ADF80220BDF80220ADF8FC
:10B9E0000220BDF80220AEF800201A0AC0B2ADF85D
:10B9F0000220BDF80220ADF80220BDF80220AEF80A
:10BA00000020ADF80200BDF80200ADF80200BDF85C
:10BA10000200AEF80000BCF80C00ADF80200BDF862
:10BA20000200ADF80200BDF802002EF8020C080A70
:10BA3000ADF80200BDF80200ADF80200BDF802004A
:10BA4000AEF80000C8B2ADF80200BDF80200ADF8D3
:10BA50000200BDF80200AEF80000BCF80200013898
:10BA6000010AADF80210C0B2BDF80210ADF8021024
:10BA7000BDF80210AEF80010ADF80200BDF80200EB
:10BA8000ADF80200BDF80200AEF8000001B010BD34
:10BA90002DE9F04F85B01C46DB086707A4F10C07C1
:10BAA0004FF001064FEAB70718BF06EBD403052F86
:10BAB000049000F2A5808A46A2F12000DFE807F09A
:10BAC0000319A00EA021C1B2490051FA80F04CF632
:10BAD000FA61C9F2000101EB800019E0C1B2C900AE
:10BAE00051FA80F04DF65E11C9F2000101EB8000C1
:10BAF0000EE0C0B24DF26E31C9F2000101EB001050
:10BB000006E0C0B24EF2BA61C9F2000101EBC0100A
:10BB1000029060085843010672D040F66076DDF866
:10BB200038B0C2F200465546C0B2019000200390E2
:10BB3000DDE902014FF0000910F801804FFA88F0AA
:10BB4000B0F1FF3F16DDBBF1000F39D140F6707048
:10BB5000C2F200400068002840F2F000C2F200404B
:10BB6000076820D0A9B2049880B23A4600F050F994
:10BB700026E000BFA9B240F67070C2F20040006833
:10BB80000028049880B203D00F9A00F041F917E022
:10BB9000FFF73AFE4FF6FE713089C6F200010880C9
:10BBA0000F9848800CE0A9B2049880B2FFF72CFEF1
:10BBB0004FF6FE713089C6F2000108804F8000BF49
:10BBC00001357188A8B288421AD2A0EB0A00A042BF
:10BBD00008D0B9F1060F09F101094FEA4808ADD9BB
:10BBE00008E000BF049930880131049189B25546BC
:10BBF000814205D20399013101988142039197D185
:10BC000005B0BDE8F08F00002DE9F04F83B00D9E28
:10BC10003778A7F12005EDB25E2D2CD80C46814671
:10BC2000104419440C9D01361FFA80FACB461FFAC6
:10BC300081F86A08029200BF1FFA8BF0504528BFB6
:10BC40002C44A1B2414516D2FAB2504528BF5FFA42
:10BC500089FB0E9B00271FFA8BF0CDE900732B4662
:10BC6000FFF716FF16F8017BA7F12000C0B25F288E
:10BC700002988344E0D303B0BDE8F08F00000000D9
:10BC80002DE9F04387B044F240500027C5F602008A
:10BC90000697CDE90477CDE90277016840F6000800
:10BCA00041F008010160016801910199016841F0CA
:10BCB00004010160C5F602080068019008F580657E
:10BCC00002AE01984FF4804002902846314601248C
:10BCD00003944FF00209CDF8109000F0F0FB4046BD
:10BCE0003146CDE90244CDE9049700F0E8FB4FF47A
:10BCF00080410122284600F04BFC012101224046F0
:10BD000000F046FC07B0BDE8F08300000000000032
:10BD10002DE9F04140F6707CC2F2004C9CF8151001
:10BD2000BCF81830BCF81620A3F10103A2F10102FF
:10BD300021B11FFA83FE0025134614E094B2DCF80B
:10BD40000410A1424FF0FF3498BF4A1E002500297D
:10BD5000CFF6FF7504BF0024CFF6FF7465EA020238
:10BD60008D1804EB010EDCF800109CF8146040F212
:10BD7000483841F200020124C2F2004814FA83F369
:10BD8000C5F200229CF81A4001FB05F758F826601E
:10BD9000C91A89B207FB0467166826F00106166007
:10BDA0004FF440361660022656631164AEEB05016F
:10BDB0000131D76341EA0341516490634FF6FF714B
:10BDC0001068C0F21F0140F001001060002000BFA9
:10BDD00053689B0703D4884200F10100F8D39068B0
:10BDE00040F002009060BDE8F0810000000000001B
:10BDF00040F670710028C2F20041D1E90023487575
:10BE0000104608BF1846C88208BF13460B83704708
:10BE1000B0B540F6707340F24835C2F20043C2F24A
:10BE2000004593F814E093F81AC05C7D002C55F897
:10BE30002EE01C6803D004FB01F3014604E05B68BC
:10BE4000C043184400FB04F3581800FB0CF020F822
:10BE50000E20B0BD000000002DE9F04FA7B000207B
:10BE60000590CDE90300CDE9010000F089F947F222
:10BE7000150140F6707904468842C2F2004921DC7F
:10BE800041F2180084424FD044F24230844200F024
:10BE9000948044F28430844240F0C5804FF448706E
:10BEA000C9F8000058204FF4F071C0F22800C9F81A
:10BEB00004103021C9F808000D20C0F22001C0F2A2
:10BEC00003001FE047F21600844251D047F21800E9
:10BED000844200F0A28047F28400844240F0A380B4
:10BEE0004FF448704FF4F071C9F800004FF00110A2
:10BEF000C9F804102E21C9F80800D220C0F2170199
:10BF0000C0F21600C9E9031006A8842100F0E1FA86
:10BF100042F6BC700025C2F206400221056045626F
:10BF2000C564416724216BE04FF4A060C9F80000AC
:10BF30008C204FF44871C0F20A00C9F808000A20AA
:10BF4000C9F804104FF00A11C0F20300C9E9031048
:10BF500006A8842100F0BDFA42F6BC700025C2F2AA
:10BF60000640022141671A2105604562C56447E029
:10BF70004FF48060C9F8000014204FF41671C0F22D
:10BF80000300C9F804108C21C9F80800A020C0F2F1
:10BF90001401C0F20C00C9E9031006A8842100F0C6
:10BFA00098FA42F6BC700025C2F2064002210560F4
:10BFB0004562C56441671E2122E04FF4F0704FF4E2
:10BFC0008871C9F800004FF00110C9F80410282149
:10BFD000C9F808000520C0F20801C0F20800C9E94C
:10BFE000031006A8842100F074FA42F6BC70002504
:10BFF000C2F20640022105604562C56441678021A6
:10C00000C0F88C1000F0E7FA68B94FF48030069061
:10C0100006A8179500F067FA05E04FF4A0604FF40A
:10C020004871C9E9000140F6607040F2483AC2F236
:10C030000040C2F2004AD9E9001201804FF0020B21
:10C04000428040F20000C7F20000CAF8000044F24B
:10C05000405089F81AB0C5F6020040F60048C5F60F
:10C060000208016841F00801016000680690069826
:10C070004FF4004001900120CDE9020001A94046A3
:10C08000CDF810B000F01BFA40F2503641F2180023
:10C09000C2F20046B9F8082041F20001201AB0FAB5
:10C0A00080F0C5F200013160511EB9F80A20400944
:10C0B0000007B9F80C303061501EB9F80E207161DC
:10C0C00019440025C6E90601D9E900341044194491
:10C0D00002193062B9F810007560B9F81230B56015
:10C0E0000844F062D01830633046F5607162B26285
:10C0F00086F83650B586F4F7CBFB3046F4F7FCFBF8
:10C1000006AC34212046DAF8007000F0E2F908AA03
:10C110008DF84A50D9E9000182E80308FF22ADF802
:10C120004850CDE90B254FF4C0620D920722CDE9AE
:10C130000E27CDE91001002230462146F4F76CFBB2
:10C14000B9F80040B9F804700021002200233046FD
:10C15000F4F772FD0023304621463A46F4F794FD89
:10C160004FF400410122404689F8145000F010FAC3
:10C170004FF0FF30FFF7CCFD27B0BDE8F08F000097
:10C180002DE9F04186B044F240500024C5F602008B
:10C190000594CDE90344CDE90144016840F200086B
:10C1A00041F001010160016800910099016841F0CE
:10C1B00002010160016800910099016841F04001AD
:10C1C000016000680090C5F6020801AE00980420E6
:10C1D000CDE9010402200490404631460125039533
:10C1E00000F06DF908F580674FF4806001903846E3
:10C1F000314600F064F9019508F5C05528463146EE
:10C2000000F05DF90121284600F0EAF90646002811
:10C210004FF48061384618BF012600F0E1F900288C
:10C220004FF00401404618BF023600F0D9F900284B
:10C2300018BF0436052E02D803A030F81640204659
:10C2400006B0BDE8F08100BF4243847016701870DC
:10C250008443181000000000B0B541F28461044628
:10C26000C9F2010140F2FC05C2F2004551F820007C
:10C27000810004D005EB8400C06900F0B6F92819EC
:10C28000012180F83010B0BD41F2846140F2FC021F
:10C29000C9F20101C2F2004251F820C002EB800055
:10C2A000BCF1010FC2696046A2F104034FF0000225
:10C2B00098BF012053F8041F002918BF013201382C
:10C2C000F8D14FF47A705043B0FBFCF080B2704765
:10C2D00071B340F2FC02C2F20042131893F83030FE
:10C2E0003BB302EB800341F2706CC9F2010C9B6816
:10C2F000C91A5CF820308B421AD941F25C63C9F24A
:10C30000010353F8203002EB8000B1FBF3F1C26966
:10C3100052F821000128B8BF704702EB81010022CA
:10C32000002300BF013841F8232003F10103F9D1B4
:10C3300070471168084700002DE9F04140F2FC0801
:10C34000C2F2004808EB000292F83020DAB300296C
:10C3500042D041F25C620025C9F2010252F820E0AD
:10C36000B1FBFEF202FB1E11002941F28461C9F209
:10C37000010118BF013251F8207008EB800101F172
:10C380001C0C6FF0030101EB87040EFB07F17E1E0E
:10C39000002E2BD4DCF80070A1EB0E01013E3B59BE
:10C3A000043C002B4FF0000308BF6B1C93421D465A
:10C3B000EED19AB13B19002703EB8706013797426C
:10C3C0007260F9D30AE0D8F8002004460D46904781
:10C3D000294620460029BCD14FF0FF314A1C09D024
:10C3E00008EB800080680844BDE8F0814FF0FF3121
:10C3F0004A1CF5D10020BDE8F081000000000000DB
:10C4000083B070B581B040F68B24C2F20044CDE910
:10C410000512014605AA20460793009200F0EAF8AB
:10C420002046F3F71EFE40F61E4640F62045C2F2B7
:10C430000046C2F2004502460120307028462146DF
:10C44000F7F712F82846F7F787F8307801280AD16D
:10C450000A2400BF013C200605D0012000F0B1F8FD
:10C4600030780028F6D101B0BDE8704003B07047C5
:10C47000B0B540F61E4540F62044C2F20045C2F277
:10C4800000440A460146012028702046F6F7ECFFDA
:10C490002046F7F761F82878012818BFB0BD0A24B4
:10C4A000013C200605D0012000F08BF828780028F8
:10C4B000F6D1B0BD40F2816CC0F6000C604740F28E
:10C4C000D94CC0F6000C604741F2495CC0F6000C44
:10C4D000604740F2F72CC0F6000C604740F6411C64
:10C4E000C0F6000C604740F6C11CC0F6000C604767
:10C4F00040F6591CC0F6000C604740F6110CC0F61F
:10C50000000C604740F2E97CC0F6000C604741F641
:10C51000715CC0F6000C604741F6C95CC0F6000CC7
:10C52000604741F6E15CC0F6000C604741F6B16C33
:10C53000C0F6000C604741F2795CC0F6000C604721
:10C5400041F2E95CC0F6000C604741F2216CC0F694
:10C55000000C604741F2E96CC0F6000C604741F204
:10C56000B15CC0F6000C604740F2893CC0F6000C9C
:10C57000604742F2693CC0F6000C604742F2717CB1
:10C58000C0F6000C604742F6A90CC0F6000C6047EC
:10C5900040F2716CC0F6000C604742F2214CC0F6CC
:10C5A000000C604741F6317CC0F6000C604742F257
:10C5B000D92CC0F6000C604742F2C15CC0F6000CFA
:10C5C000604742F6D15CC0F6000C604742F6196C39
:10C5D000C0F6000C604741F6D10CC0F6000C604775
:10C5E00040F2516CC0F6000C604740F2F72CC0F6E8
:10C5F000000C604737B514460846064B6A4621468C
:10C6000000F0CCF804466946002000F05EFC2046AD
:10C610003EBD0000CBCE00902DE9FF5F82B000212F
:10C62000DDE90430020DDDF840B0034318D044F6D4
:10C630001050A2F2FF3242431514119801281FD066
:10C64000A5EB0B00401C5FEA000A4FF000064E4FBE
:10C65000DFF83891B046504615D5CAF1000413E012
:10C66000119801244AA3012801D16FEA0B01029815
:10C67000119AC0E90031C0E9024206B0BDE8F09F5E
:10C68000CBF10000DFE704460021404A491842EBA5
:10C690000450CDE9001012E0E00707D032463B46D7
:10C6A00040464946F3F7C0FD8046894632463B4640
:10C6B00010461946F3F7B8FD06460F466410002CE5
:10C6C000EAD1DDE90401DDE90023BAF1000F06DA61
:10C6D000F3F7AAFD42464B46F3F7A6FD05E0F3F754
:10C6E00015FE42464B46F3F711FE04460E46002265
:10C6F000284BF3F793FE03D84FF0FF30014607E0D5
:10C700000022254B20463146F3F7E7FCF3F76DFE98
:10C71000102409E0002C0ADB0A220023F3F770FC46
:10C72000039B30321A55641E50EA0102F2D1641C98
:10C73000039AC4F111031444119A012A03D001226F
:10C7400008430DD10AE0084304D000204FF0110B3C
:10C75000119072E7A3EB0B056D1E0DE05B4504DD48
:10C760004FF0000205F1010504E003DA4FF000028A
:10C77000A5F10105002AECD002981199C0E9023117
:10C78000C0E9004579E70000000014400000F03FD8
:10C79000300000000000F0430000E03F2DE9FF4FB3
:10C7A00095B09B468946064600250FE2252877D19D
:10C7B00000242746F84A0121059400E0044316F8B6
:10C7C000013F203B01FA03F01042F7D130782A28CC
:10C7D00011D06FF02F033078A0F13002092A16D85B
:10C7E000059A44F0020402EB820203EB4202104479
:10C7F000761C0590EFE759F8042B0592002A03DA1E
:10C80000504244F40054059044F00204761C307801
:10C810002E2816D116F8010F44F004042A280DD052
:10C820006FF02F023078A0F13003092B09D807EB05
:10C83000870302EB4303C718761CF3E759F8047B20
:10C84000761C30786C280FD006DC4C2817D068286E
:10C850000DD06A2814D104E0742810D07A280FD1A2
:10C860000DE044F400140AE044F4801401E044F4C0
:10C8700040147278824202D104F58014761C761C32
:10C88000307866280BD013DC582877D009DC0028D4
:10C8900075D04528F6D04628F4D047281AD19DE116
:10C8A00018E0632835D0642879D0652812D195E145
:10C8B000702873D008DC6728F1D069286FD06E2803
:10C8C0000DD06F2806D1B5E073282CD0752875D00F
:10C8D000782874D05A46179990476D1C75E1C4F3B7
:10C8E0000250022809D003280DD0D9F800100428DE
:10C8F0000DD00D6009F1040967E1D9F80010EA17BD
:10C90000C1E90052F6E7D9F800100D80F2E70D708A
:10C91000F0E719F8041B8DF8001000208DF80100D5
:10C92000EA46012003E059F804AB4FF0FF306107FD
:10C930004FF0000102D40DE008F101018846B94230
:10C940000FDA8045F8DB1AF808100029F4D108E066
:10C9500008F1010188468142FADB1AF80810002923
:10C96000F6D105985B46A0EB080721463846179A92
:10C9700000F094FA284400EB080507E04DE029E1B7
:10C980000DE01AF8010B5A4617999047B8F10108C3
:10C99000F7D25B4621463846179A13E142E00A2255
:10C9A0000092C4F302524FF0000A022A08D059F84C
:10C9B00004CB032A4FEAEC710AD00DE029E02AE00B
:10C9C00009F1070121F00702F2E802C1914609E0EE
:10C9D0000FFA8CFC4FEAEC71042A03D14FFA8CFC5D
:10C9E0004FEAEC71002907DA0A460021DCF1000C5D
:10C9F00061EB02012D2202E0220504D52B228DF8E5
:10CA00000420012203E0E20701D02022F7E790464C
:10CA100059E00A2102E010220DE010214FF0000A37
:10CA200000910BE010224FF0000A44F004040827A4
:10CA3000009203E008224FF0000A0092C4F3025271
:10CA4000022A05D059F804CB0021032A08D009E0B6
:10CA500009F1070121F00702F2E802C1914605E061
:10CA60001FFA8CFC042A01D10CF0FF0C4FF00008D7
:10CA7000220728D5702806D0009B83F0100353EAC4
:10CA80000A0305D00EE040228DF80420012208E0C0
:10CA90005CEA010206D030228DF804208DF80500F2
:10CAA00002229046009B83F0080353EA0A030AD14E
:10CAB0005CEA010201D1620705D530228DF804201D
:10CAC0004FF001087F1E582804D034A003900EA810
:10CAD00002900DE036A0F9E753466046009AF3F75E
:10CAE0008FFA84460398825C0298401E029002707E
:10CAF0005CEA0100F0D1029806A9081A00F1200AA8
:10CB0000600702D524F4803400E00127574502DD98
:10CB1000A7EB0A0000E0002000EB0A010090059856
:10CB20004144401A0590E00306D45B462146179A1B
:10CB3000059800F0B3F90544002706E001A85A461D
:10CB4000C05D179990476D1C7F1C4745F6DBE003DD
:10CB50000CD55B462146179A059800F09FF90544CD
:10CB600004E030205A46179990476D1C0099481EE2
:10CB700000900029F5DC08E0029802995A460078F6
:10CB8000491C0291179990476D1CBAF10001AAF156
:10CB9000010AF1DC65E1000009280100303132337F
:10CBA00034353637383961626364656600000000E9
:10CBB00030313233343536373839414243444546D3
:10CBC0000000000000F058F90544761C3078002879
:10CBD0007FF4ECAD19B02846BDE8F08F620700D4B1
:10CBE000062709F1070222F0070CFCE80223E146C0
:10CBF00003F000485FEA080C02D00FF2702C0DE041
:10CC00005FEA045C02D50FF2682C07E05FEAC47C9F
:10CC100002D00FF2602C01E0AFF2700C4FF0FF3841
:10CC200023F00043CDF850C065280CD006DC452821
:10CC300009D046281DD047283DD13DE0662818D0B0
:10CC400067287ED138E00021112F01DB112000E0A0
:10CC5000781CCDE9000106A90EA8FFF7DDFCDDE98F
:10CC60000F010E9A03910021009207F1010A04912D
:10CC70004DE04FF000400097CDE9011006A90EA845
:10CC8000FFF7CAFCDDE90F0203920E9B1199002207
:10CC9000DDF80CA00093049211B9791C00EB010A95
:10CCA000B7EB0A0004D4C0F1FF3007F1010A049089
:10CCB000AAEB0700019044E0012F00DA01270021D0
:10CCC000112F01DD112000E03846CDE9000106A951
:10CCD0000EA8FFF7A1FCDDE90F010E9A03910021D8
:10CCE00004910092BA4621070CD40399514500DA09
:10CCF0008A46BAF1010F05DD009AAAF10101515CE3
:10CD0000302908D0B84202DA10F1040F06DA012106
:10CD1000CDE9011015E0AAF10101E9E7002805DCE1
:10CD2000049901440491AAEB000102E0411C514521
:10CD300000DD8A460499401A401C01904FF00040E3
:10CD40000290200704D40198504501DBCDF80480FF
:10CD500000208DF84F0002980DF14F07B0F1004F01
:10CD600025D02B200E9002984FF0020800280CDAF4
:10CD7000404202902D200E9007E00A210298F3F71E
:10CD800077F93031029007F8011DB8F10001A8F1E0
:10CD90000108F2DC02980028EFD1791E0E98087085
:10CDA000307800F0200040F0450007F8020D12A88E
:10CDB000C01B00F107081498007800B1012000EBB7
:10CDC0000A01019801EBE07105984144401A401EA8
:10CDD0000590E00306D45B462146179A059800F0BB
:10CDE0005DF805441498007818B15A461799904791
:10CDF0006D1CE00324D55B462146179A059800F088
:10CE00004DF805441CE00498002807DBDDE9030128
:10CE1000884203DD0098405C179901E017993020A3
:10CE20005A469047049805F10105401C049001986A
:10CE3000401E019004D12E205A46179990476D1C30
:10CE4000BAF10001AAF1010ADDDC05E017F8010BD7
:10CE50005A46179990476D1CB8F10001A8F10108D6
:10CE6000F4DC5B462146179A0598ABE62D000000DE
:10CE70002B000000200000002DE9F04104460025B1
:10CE80001E461746880404D405E039462020B047E2
:10CE90006D1C641EF9D52846BDE8F0812DE9F041EE
:10CEA000044600251E469046C80301D5302700E001
:10CEB0002027880404D505E041463846B0476D1C5C
:10CEC000641EF9D52846BDE8F0810A68531C0B6042
:10CED0001070704780004000C00020006000A0007B
:10CEE000E000010002000400060008000A000C0037
:10CEF0001000200040008000000100000000000041
:10CF0000000000000000000000003F4000000000A2
:10CF10000000000030004000300040000000090028
:10CF20000BC03D000BC03D00090018C024407FE04D
:10CF3000224031800000180024C01B000D803240C8
:10CF4000018003801C4027401C80074000401000E7
:10CF50006000000000000000000000000000000071
:10CF60001F80204040200000402020401F80000003
:10CF70000000090006001F800600090000000400F0
:10CF800004003F8004000400000000100060000066
:10CF9000000000000000040004000400040004007D
:10CFA0000000000000400000000000000000002021
:10CFB00001C006003800400000001F8020402040D3
:10CFC00020401F800000000010403FC000400000D3
:10CFD000000018C02140224024401840000010806A
:10CFE0002040244024401B80000002000D0011005E
:10CFF0003FC0014000003C80244024402440238066
:10D0000000001F8024402440344003800000300092
:10D01000200027C03800200000001B80244024404E
:10D0200024401B8000001C0022C0224022401F80A0
:10D0300000000000000008400000000000000000A8
:10D0400000000460000000000000000004000A006E
:10D050001100208040400900090009000900090072
:10D06000000000004040208011000A000400180069
:10D07000200023402400180000001F80204027408B
:10D0800029401F400000004007C039000F0001C0C8
:10D09000004020403FC0244024401B8000001F80EF
:10D0A0002040204020403080000020403FC02040F1
:10D0B00020401F80000020403FC024402E4030C050
:10D0C000000020403FC024402E00300000000F0030
:10D0D0001080204022403380020020403FC00400E6
:10D0E00004003FC02040204020403FC0204020405E
:10D0F00000000060202020203FC0200020002040B1
:10D100003FC024400B0030C0204020403FC02040A2
:10D110000040004000C03FC03C0003C03C003FC096
:10D12000000020403FC00C4023003FC020001F8073
:10D130002040204020401F80000020403FC024406D
:10D140002400180000001F802140214020E01FA083
:10D15000000020403FC02440260019C0004018C0F5
:10D1600024402440224031800000300020403FC055
:10D1700020403000000020003F80004000403F8001
:10D18000200020003E0001C00700380020003800C9
:10D1900007C03C0007C038000000204039C006002E
:10D1A00039C0204000002000384007C0384020002F
:10D1B0000000304021C02640384020C00000000060
:10D1C00000007FE0402040200000000070000C00C4
:10D1D0000380004000000000402040207FE000006D
:10D1E00000000000200040002000000000000010AF
:10D1F000001000100010001000100000000040009F
:10D20000000000000000000002800540054003C04F
:10D21000004020003FC004400440038000000000A4
:10D2200003800440044006400000000003800440E6
:10D2300024403FC0004000000380054005400340FB
:10D240000000000004401FC02440244020000000D3
:10D2500002E0055005500650042020403FC0044025
:10D26000040003C000400000044027C0004000004C
:10D27000000000100010041027E000000000204013
:10D280003FC00140070004C00440204020403FC090
:10D2900000400040000007C0040007C0040003C0B5
:10D2A0000000044007C00440040003C00040000028
:10D2B00003800440044003800000041007F0045081
:10D2C000044003800000000003800440045007F085
:10D2D0000010044007C002400400040000000000E9
:10D2E00006400540054004C00000000004001F8007
:10D2F000044000400000040007800040044007C0D4
:10D3000000400400070004C001800600040006007D
:10D3100001C0070001C006000000044006C0010073
:10D3200006C0044000000410071004E0018006005D
:10D3300004000000044005C0064004400000000056
:10D34000000004007BE0402000000000000000001E
:10D35000FFF000000000000040207BE0040000001F
:10D36000000040008000400020002000400000003D
:10D3700000000000000000000000000000000000AD
:10D38000000000001FCC000C0000000000000000A6
:10D39000080030006000080030006000000002203B
:10D3A00003FC1E20022003FC1E20022000000000BF
:10D3B0000E1811043FFF10840C78000000000F00CD
:10D3C00010840F3800C007781884007800000078B7
:10D3D0000F8410C411240E9800E400840008080093
:10D3E0006800700000000000000000000000000065
:10D3F0000000000007E018182004400200000000B0
:10D4000040022004181807E000000000000002405D
:10D41000024001800FF001800240024000000080C5
:10D42000008000800FF80080008000800000000174
:10D43000000D000E000000000000000000000000D1
:10D44000008000800080008000800080008000005C
:10D45000000C000C000000000000000000000000B4
:10D46000000600180060018006001800200000007F
:10D4700007F0080810041004080807F00000000076
:10D48000080408041FFC0004000400000000000061
:10D490000E0C10141024104411840E0C0000000017
:10D4A0000C1810041104110412880C700000000004
:10D4B00000E00320042408241FFC002400000000D6
:10D4C0001F981084110411041088107000000000CF
:10D4D00007F008881104110418880070000000008B
:10D4E0001C00100010FC13001C00100000000000C5
:10D4F0000E3811441084108411440E3800000000CE
:10D500000700088C10441044088807F00000000051
:10D5100000000000030C030C0000000000000000ED
:10D5200000000001010600000000000000000000F3
:10D5300000800140022004100808100400000220AE
:10D54000022002200220022002200220000000000F
:10D5500010040808041002200140008000000000B0
:10D560000E001200100C106C10800F00000003E081
:10D570000C1813E4142417C4082807D00000000472
:10D58000003C03C41C40074000E4001C00041004DD
:10D590001FFC1104110411040E880070000003E048
:10D5A0000C1810041004100410081C1000001004C3
:10D5B0001FFC100410041004080807F000001004F9
:10D5C0001FFC1104110417C41004081800001004F3
:10D5D0001FFC1104110017C010000800000003E038
:10D5E0000C181004100410441C78004000001004B3
:10D5F0001FFC10840080008010841FFC10040000B9
:10D60000100410041FFC10041004000000000003AC
:10D610000001100110011FFE100010000000100496
:10D620001FFC110403801464181C10040000100473
:10D630001FFC1004000400040004000C000010048F
:10D640001FFC1F0000FC1F001FFC10040000100442
:10D650001FFC0C04030000E010181FFC100007F072
:10D660000808100410041004080807F00000100453
:10D670001FFC10841080108010800F00000007F045
:10D68000081810241024101C080A07F200001004C7
:10D690001FFC1104110011C011300E0C0004000019
:10D6A0000E1C11041084108410441C380000180053
:10D6B000100010041FFC10041000180000001000DF
:10D6C0001FF810040004000410041FF810001000DC
:10D6D0001E0011E0001C007013801C0010001FC011
:10D6E000103C00E01F0000E0103C1FC000001004D0
:10D6F000180C163401C001C01634180C10041000A8
:10D700001C00130400FC13041C001000000008049B
:10D71000101C1064108413041C0410180000000076
:10D72000000000007FFE40024002400200000000B6
:10D7300030000C0003800060001C000300000000AB
:10D740004002400240027FFE000000000000000096
:10D7500000002000400040004000200000000001C8
:10D7600000010001000100010001000100010000B2
:10D770004000400020000000000000000000000009
:10D780000098012401440144014400FC00041000FD
:10D790001FFC0088010401040088007000000000E4
:10D7A00000700088010401040104008800000000EA
:10D7B000007000880104010411081FFC000400002F
:10D7C00000F8014401440144014400C80000000085
:10D7D000010401040FFC11041104110018000000E1
:10D7E00000D601290129012901C901060000100400
:10D7F0001FFC008401000100010400FC0004000083
:10D800000104190419FC00040004000000000000D9
:10D81000000300010101190119FE000000001004BD
:10D820001FFC0024004001B4010C010400000000B2
:10D83000100410041FFC0004000400000000010498
:10D8400001FC0104010001FC0104010000FC0104D1
:10D8500001FC008401000100010400FC0004000040
:10D8600000F8010401040104010400F800000101B2
:10D8700001FF008501040104008800700000000021
:10D880000070008801040104010501FF000101048A
:10D89000010401FC0084010401000180000000007B
:10D8A00000CC01240124012401240198000000007F
:10D8B0000100010007F8010401040000000001005C
:10D8C00001F8000400040004010801FC0004010048
:10D8D00001800170000C001001600180010001F066
:10D8E000010C003001C00030010C01F0010000000B
:10D8F0000104018C00740170018C0104000001011D
:10D9000001810171000E001801600180010000001A
:10D910000184010C013401440184010C0000000069
:10D9200000000000000001003EFC40024002000038
:10D93000000000000000FFFF0000000000000000E9
:10D94000400240023EFC0100000000000000000018
:10D9500060008000800040004000200020000000A7
:10D9600000000000000000000000000000000000B7
:10D9700000000000000000000000000000000000A7
:10D980000000000000000000000000000000000097
:10D99000000F80380FFE380F8038000000000000B4
:10D9A0000000000000000000000000000100000670
:10D9B00000000C00003800003100000600000C00E0
:10D9C000003800003000000000000000000061800E
:10D9D0000067F807F98000618000618000618000C5
:10D9E00061800067F807F980006180000000000096
:10D9F0000000000001C0E003E0F006300804180851
:10DA00001FFFFE040E080787F00381E000000000FE
:10DA1000000001F000060C00040408060C7001F977
:10DA2000C0000E00003BE000EC18070808040C18CA
:10DA30000003E00000000001E00007F003F8180414
:10DA40001C0804170807E1D003C0E00023B0003C25
:10DA50000800200800001000000000000001000085
:10DA60003100003200001C00000000000000000037
:10DA700000000000000000000000000000000000A6
:10DA800000000000000000000000000000007F0017
:10DA900001FFC00780F00C001810000420000200F5
:10DAA00000000000002000021000040C0018078095
:10DAB000F001FFC0007F0000000000000000000037
:10DAC00000000000000000000000420000660000AE
:10DAD0006600003C0000180003FFC0001800003C76
:10DAE0000000660000660000420000000000080020
:10DAF00000080000080000080000080001FFC00046
:10DB000008000008000008000008000008000000ED
:10DB10000000000100003100003200001C00000085
:10DB200000000000000000000000000000000000F5
:10DB300000000000000008000008000008000008C5
:10DB400000000800000800000800000800000800AD
:10DB50000008000000000000000000000000380085
:10DB60000038000038000000000000000000000045
:10DB7000000000000000000000000000000000069F
:10DB800000001C000070000180000E000038000042
:10DB9000C0000700001C0000300000000000000072
:10DBA00000007F8001FFE003807006001804000879
:10DBB00004000806001803807001FFE0007F800069
:10DBC0000000000000000000010008010008010042
:10DBD0000803FFF807FFF80000080000080000082D
:10DBE00000000000000000000001C03802C058041E
:10DBF0000098040118040218040418061C1803F8FD
:10DC00001801E0F800000000000000000001C0E082
:10DC100003C0F004000804080804080806180803F4
:10DC2000F41801E7F00001E000000000000000002F
:10DC300000000300000D00001100006100008108D9
:10DC400003010807FFF80FFFF800010800010800B2
:10DC500000000000000000E007FCD00608080610E5
:10DC600008061008061008061838060FF00607C048
:10DC7000000000000000000000003F8001FFE00302
:10DC8000843002081804100804100804100807184B
:10DC900010030FF00007C0000000000000000000AB
:10DCA00003C0000700000600000600F80607F8069B
:10DCB000180006E000070000060000000000000059
:10DCC0000001E1E003F7F006341004180804180816
:10DCD000040C08040C0806161803F3F001C1E00058
:10DCE000000000000000F80003FC300306380402C6
:10DCF000080402080402080404100308F001FFC02D
:10DD0000007F000000000000000000000000000094
:10DD1000000000000000703800703800703800000B
:10DD200000000000000000000000000000000000F3
:10DD300000000000000000000000301A00301C004D
:10DD400000000000000000000000000000000000D3
:10DD50000000000000080000140000220000410044
:10DD6000008080010040020020040010080008002C
:10DD7000000000000000210000210000210000211F
:10DD800000002100002100002100002100002100EE
:10DD9000002100000000000000000000080008044E
:10DDA000001002002001004000808000410000229D
:10DDB0000000140000080000000000000003C00084
:10DDC00004C000040000080038080F3808083808AC
:10DDD00010000C300007E00003C00000000000004D
:10DDE00000003F8000FFE0038070020F1006708883
:10DDF00004C088048308047F8802C09003012000C7
:10DE0000FE400000080000180001F8003E0801C2B2
:10DE10000007020007E20000FE00001FC80001F832
:10DE200000003800000804000807FFF807FFF804A6
:10DE3000080804080804080804080806180803F479
:10DE40001801E7F00001E0000000000000003F8042
:10DE500001FFE003807002001804000804000804B9
:10DE600000080400100600200780C0000000040025
:10DE70000807FFF807FFF80400080400080400087A
:10DE800004001802001003807001FFE0007F800092
:10DE9000000004000807FFF807FFF804080804085A
:10DEA00008040808040808043E08040008060018CE
:10DEB00001006000000004000807FFF807FFF804F5
:10DEC0000808040800040800040800043E000600D6
:10DED00000060000018000000000000000003F80FC
:10DEE00001FFE00380700600180400080402080423
:10DEF00002080203F00783F00002000002000400A1
:10DF00000807FFF807FFF8040808000800000800E9
:10DF100000080000080004080807FFF807FFF804DD
:10DF200000080000000000000400080400080400CD
:10DF30000807FFF807FFF8040008040008040008B9
:10DF400000000000000000000000000600000700C4
:10DF5000000104000104000104000307FFFE07FFA5
:10DF6000FC04000004000004000004000807FFF89F
:10DF700007FFF8040C08001800003E0004C78005E5
:10DF800003C80600F8040038040018000008040064
:10DF90000807FFF807FFF804000800000800000861
:10DFA00000000800000800000800001800006000E1
:10DFB000000004000807FFF807800807FC00007F46
:10DFC000C00003F80007C000780007800807FFF8CA
:10DFD00007FFF804000804000807FFF8070008031B
:10DFE000C00000E000003800001E00000700000133
:10DFF000C00400F007FFF8040000000000007F806C
:10E0000001FFE00380700600180400080400080601
:10E01000001803003001FFE0007F800000000400D2
:10E020000807FFF807FFF8040408040400040400CC
:10E03000040400040400060C0003F80001F00000D2
:10E040000000000000007F8001FFE00380700600F8
:10E05000880400880400C806003C03003E01FFE677
:10E06000007F8400000004000807FFF807FFF804A1
:10E070000808040800040C00040F00040BC006107C
:10E08000F003F03801E00800000800000001E0F8AB
:10E0900003F030063010041808041808040C0804B3
:10E0A0000C080206180207F00781E000000001805A
:10E0B0000006000004000004000004000807FFF848
:10E0C00007FFF80400080400000400000600000137
:10E0D000800004000007FFE007FFF00400180000C4
:10E0E00008000008000008000008000008040010F4
:10E0F00007FFE004000004000006000007E000073E
:10E10000FE00041FE00001F80000380001E0043EBA
:10E110000007C00006000004000004000007E00043
:10E1200007FFC0041FF80007C007F80007FF8004BE
:10E130003FF80007C004F8000700000400000000DA
:10E140000004000806001807C07805F1C8003E006A
:10E15000001F800463E80780F80600180400080028
:10E16000000004000006000007800007E008047CAF
:10E1700008001FF80007F800180804E0080700006E
:10E18000060000040000000000010008060038043A
:10E1900000F80403E8040F08047C0805F00807C031
:10E1A00008070018040060000000000000000000E4
:10E1B0000000000000000000003FFFFE20000220E1
:10E1C00000022000022000022000020000000000E7
:10E1D0000000000008000007000000C00000380038
:10E1E0000006000001C000003000000E0000010029
:10E1F00000000000000000002000022000022000BB
:10E20000022000022000023FFFFE0000000000008C
:10E2100000000000000000000000000000000008F6
:10E22000000010000030000020000030000010004E
:10E2300000080000000000000000000001000001D4
:10E2400000000100000100000100000100000100C9
:10E2500000010000010000010000010000010000B9
:10E26000000000000000002000002000001000005E
:10E27000100000000000000000000000000000008E
:10E2800000000000000000F00019F8001B18002238
:10E2900008002608002408002410003FF8001FF89A
:10E2A00000000800001800000004000007FFF80F3D
:10E2B000FFF00018180010080020080020080030A7
:10E2C00018001FF0000FC00000000000000007C091
:10E2D000001FF0001830002008002008002008006F
:10E2E0003C08001C1000006000000000000000005E
:10E2F000000007C0001FF0003818002008002008A8
:10E3000000200804101007FFF80FFFF000001000B5
:10E3100000000000000000000007C0001FF0001215
:10E3200030002218002208002208003208001E10C7
:10E33000000E200000000000000020000020080067
:10E34000200801FFF803FFF8062008042008042035
:10E350000807200003000000000000000000000E7D
:10E36000000E6E001FF30031B10020B10020B1009B
:10E370003191001F13002E1E00200E0030000000FF
:10E380000004000807FFF80FFFF800100800200045
:10E39000002000002008003FF8001FF800000800DF
:10E3A00000000000000000000020080020080020FD
:10E3B00008063FF8063FF8000008000008000008C3
:10E3C000000000000000000000000000000003004A
:10E3D0000003002001002001002003063FFE063F4D
:10E3E000FC00000000000000000000000004000825
:10E3F00007FFF80FFFF8000188000300002FC0009E
:10E4000038F8002038002008000008000000000054
:10E410000000000004000804000804000807FFF8DA
:10E420000FFFF800000800000800000800000000CE
:10E430000000002008003FF8003FF800100800200E
:10E4400000003FF8003FF8001008002000003FF8EF
:10E45000003FF8000008000000002008003FF8001E
:10E460003FF8001008001000002000002008003FC6
:10E47000F8001FF80000080000000000000007C0BE
:10E48000000FF000183000300800200800200800BD
:10E490003008001830000FF00007C0000000000036
:10E4A00000002001003FFF003FFF00101100200985
:10E4B000002008002008003038001FF0000FC000C6
:10E4C00000000000000007C0001FF0003818002006
:10E4D00008002008002009001011001FFF003FFF66
:10E4E00000000100000000200800200800200800B3
:10E4F0003FF8003FF800080800100800200800203E
:10E5000000003000003000000000000000000000AB
:10E51000000C78001E1800330800230800210800B2
:10E5200021880021980030F00038600000000000D1
:10E530000000200000200000200000FFF003FFF892
:10E540000020080020080020080000300000000023
:10E550000000000000002000003FF0007FF80000F5
:10E5600018000008000008002010003FF8007FF0AD
:10E57000000010000000000000002000003000003B
:10E580003C00003F800023F0000078000070002372
:10E5900080003C00003000002000002000003C0013
:10E5A000003FE00023F80000E0002700003E0000EC
:10E5B0003FE00021F80001E0003E000020000000E4
:10E5C00000002008002008003838003E680027803E
:10E5D0000003C8002CF8003838002018002008007C
:10E5E0000000000000002000003003003C01003F5C
:10E5F000830023EC000070002380003C000020001A
:10E6000000200000000000000000000000380800AA
:10E6100020380020F80023E8002F88003E0800384A
:10E62000080020180000700000000000000000003A
:10E630000000000000000000000008000014001F9F
:10E64000F7FC30000620000200000000000000007F
:10E6500000000000000000000000000000000000BA
:10E66000FFFFFF00000000000000000000000000AD
:10E6700000000000000000002000023000061FF72C
:10E68000FC00140000080000000000000000000072
:10E6900000000000000000000018000060000040C2
:10E6A00000004000002000001000000800000400EE
:10E6B000000400000C00001000000000000000003A
:10E6C000000000000000000000000000000000004A
:10E6D000000000000000000000000000000000003A
:10E6E000000000000000000000000000000000002A
:10E6F000000000000000000000000000000000001A
:10E700000000000000000000000000000000000009
:10E7100000000000000000000000000000000000F9
:10E7200000000000000000000000000000000000E9
:10E7300000000000000000000000000000000000D9
:10E7400000000000000000000000000000000000C9
:10E75000000007F000C007FFE1E007F001E0000063
:10E7600000C00000000000000000000000000000E9
:10E770000000000000000000000000000000000099
:10E780000000000000000000000000000000000089
:10E790000000000000000000000000000000000079
:10E7A0000000000000000000000000000000000069
:10E7B0000000000000000000000000000000000059
:10E7C00000000020000001C00000078000001F00C2
:10E7D00000001E0000001C20000001C00000078097
:10E7E00000001F0000001E0000001C0000000000D0
:10E7F0000000000000000000000000000000000019
:10E800000000000000000000000000000000000008
:10E8100000000000000000000000000000000000F8
:10E8200000000000000000000000000000000000E8
:10E8300000000000000000000000000000000018C0
:10E840000C0000180C0000180FE0001FFC0003F87B
:10E850000C0000180C0000180C0000180C00001828
:10E860000C0000180FE0001FFC0003F80C0000185B
:10E870000C0000180C000000000000000000000068
:10E880000000000000000000000000000000000088
:10E890000000000000000000000000000000000078
:10E8A0000000000000000000000000000000000068
:10E8B0000000000000000000000000000000000058
:10E8C000000000000780007807C000FC0640010E31
:10E8D000002003070020020380200FFFFFFC02013D
:10E8E000C0200200E0600130704001F03F8000F085
:10E8F0001F000000000000000000000000000000F9
:10E900000000000000000000000000000000000007
:10E9100000000000000000000000000000000000F7
:10E9200000000000000000000000000000000000E7
:10E930000000000000000000000000FE000001FFD9
:10E9400000000301800002008060030181C001FF1C
:10E95000070000FE18000000E0000003BF00000CEC
:10E96000FFC00071806001C10020030180600000D1
:10E97000FFC000003F000000000000000000000099
:10E980000000000000000000000000000000000087
:10E990000000000000000000000000000000000077
:10E9A0000000000000000000000000000000000067
:10E9B0000000000000000000000000001F00000038
:10E9C0007FC000FCC0C001FF80600303E0200202A2
:10E9D000782002061E2003FC074001F0038000019E
:10E9E00003C000011C600001E020000100200001C4
:10E9F0000040000001800000000000000000000056
:10EA00000000000000000000000000000000000006
:10EA100000000000000000000000000000000000F6
:10EA200000000000000000000000000000000000E6
:10EA300000000000000000000000000000000020B6
:10EA400000001C6000001C4000001F8000000F0040
:10EA500000000000000000000000000000000000B6
:10EA600000000000000000000000000000000000A6
:10EA70000000000000000000000000000000000096
:10EA80000000000000000000000000000000000086
:10EA90000000000000000000000000000000000076
:10EAA0000000000000000000000000000000000066
:10EAB0000000000000000000000000000000000056
:10EAC0000000000000000000000000000000000046
:10EAD0000000000000000007F800003FFF00007881
:10EAE00007C001C000E00300003004000008080077
:10EAF0000004100000020000000000000000000000
:10EB00000000000000000000000000000000000005
:10EB100000000000000000000000000000000000F5
:10EB200000000000000000000000000000000000E5
:10EB300000000000000000000000000000001000C5
:10EB4000000208000004040000080300003001C0B7
:10EB500000E0007807C0003FFF000007F800000059
:10EB600000000000000000000000000000000000A5
:10EB70000000000000000000000000000000000095
:10EB80000000000000000000000000000000000085
:10EB90000000000000000000000000000000000075
:10EBA0000000000000000000000000000000000065
:10EBB0000000000000000000000000000000000055
:10EBC0000000000C1800000E3800000E380000068F
:10EBD0003000000360000061438000FFFF8000619F
:10EBE00043000003600000063000000E3800000EF5
:10EBF0003800000C180000000000000000000000B9
:10EC00000000000000000000000000000000000004
:10EC100000000000000000000000000000000000F4
:10EC200000000000000000000000000000000000E4
:10EC300000000000000000000000000000000000D4
:10EC40000000000080000000800000008000000044
:10EC500080000000800000008000007FFF000000B6
:10EC600080000000800000008000000080000000A4
:10EC70008000000080000000000000000000000094
:10EC80000000000000000000000000000000000084
:10EC90000000000000000000000000000000000074
:10ECA0000000000000000000000000000000000064
:10ECB0000000000000000000000000000000000054
:10ECC0000001000000E3000000E2000000FC000082
:10ECD00000780000000000000000000000000000BC
:10ECE0000000000000000000000000000000000024
:10ECF0000000000000000000000000000000000014
:10ED00000000000000000000000000000000000003
:10ED100000000000000000000000000000000000F3
:10ED200000000000000000000000000000000000E3
:10ED300000000000000000000000000000000000D3
:10ED400080000000800000008000000080000000C3
:10ED500080000000800000008000000080000000B3
:10ED600080000000800000008000000080000000A3
:10ED70008000000080000000000000000000000093
:10ED80000000000000000000000000000000000083
:10ED90000000000000000000000000000000000073
:10EDA0000000000000000000000000000000000063
:10EDB0000000000000000000000000000000000053
:10EDC0000000000000C0000001E0000001E00000C1
:10EDD00000C0000000000000000000000000000073
:10EDE0000000000000000000000000000000000023
:10EDF0000000000000000000000000000000000013
:10EE00000000000000000000000000000000000002
:10EE100000000000000000000000000000000000F2
:10EE200000000000000000000000000000000000E2
:10EE300000000000000000000000000000000000D2
:10EE4000000C00000038000000E00000038000001B
:10EE50000E00000038000000E00000038000000EFB
:10EE600000000038000000E00000038000000E00F9
:10EE7000000018000000000000000000000000007A
:10EE80000000000000000000000000000000000082
:10EE90000000000000000000000000000000000072
:10EEA0000000000000000000000000000000000062
:10EEB0000000000000000000000000000000000052
:10EEC0000000000FF800007FFF0000F007800180C5
:10EED00000C00300006002000020020000200200C9
:10EEE000002003000060018000C000E00380007F7C
:10EEF000FF00000FF800000000000000000000000C
:10EF00000000000000000000000000000000000001
:10EF100000000000000000000000000000000000F1
:10EF200000000000000000000000000000000000E1
:10EF300000000000000000000000000000000000D1
:10EF40000000000000000080002000800020008001
:10EF500000200080006001FFFFE003FFFFE00000F1
:10EF600000600000002000000020000000200000E1
:10EF70000000000000000000000000000000000091
:10EF80000000000000000000000000000000000081
:10EF90000000000000000000000000000000000071
:10EFA0000000000000000000000000000000000061
:10EFB0000000000000000000000000000000000051
:10EFC0000000007800E0009801600100026002008B
:10EFD000046002000860020010600200206002006D
:10EFE0004060030080600183006001FE00E0007C5F
:10EFF000078000000000000000000000000000008A
:10F000000000000000000000000000000000000000
:10F0100000000000000000000000000000000000F0
:10F0200000000000000000000000000000000000E0
:10F0300000000000000000000000000000000000D0
:10F04000000000F0078001F007C00100004002004E
:10F050000020020100200201002002010020030321
:10F0600080200186804001FCC0C000787F800000C5
:10F070001E00000000000000000000000000000072
:10F080000000000000000000000000000000000080
:10F090000000000000000000000000000000000070
:10F0A0000000000000000000000000000000000060
:10F0B0000000000000000000000000000000000050
:10F0C0000800000038000000480000018800000629
:10F0D0000800000C0810003008100040081001FF64
:10F0E000FFF003FFFFF003FFFFF000000810000037
:10F0F00008100000081000000000000000000000E0
:10F1000000000000000000000000000000000000FF
:10F1100000000000000000000000000000000000EF
:10F1200000000000000000000000000000000000DF
:10F1300000000000000000000000000000000000CF
:10F14000000000000780001F864003E1002003024A
:10F150000020030400200304002003040020030413
:10F16000002003060040030301C00301FF800300E9
:10F170007E00000000000000000000000000000011
:10F18000000000000000000000000000000000007F
:10F19000000000000000000000000000000000006F
:10F1A000000000000000000000000000000000005F
:10F1B000000000000000000000000000000000004F
:10F1C00000000007FC00003FFF000070C3800081CA
:10F1D00080C0010100600302002002020020020240
:10F1E0000020020200200203004001C180C000C0D4
:10F1F000FF8000007E000000000000000000000012
:10F2000000000000000000000000000000000000FE
:10F2100000000000000000000000000000000000EE
:10F2200000000000000000000000000000000000DE
:10F2300000000000000000000000000000000000CE
:10F24000000000F0000003C0000003800000030085
:10F250000000030007E003003FE00301C0000306D5
:10F26000000003180000036000000380000003009A
:10F27000000000000000000000000000000000008E
:10F28000000000000000000000000000000000007E
:10F29000000000000000000000000000000000006E
:10F2A000000000000000000000000000000000005E
:10F2B000000000000000000000000000000000004E
:10F2C0001F0000783F8000FC60C0018EC040030733
:10F2D0008020020300200201802002018020020120
:10F2E000C0200301E040018670C000FC3F80007830
:10F2F0001F000000000000000000000000000000EF
:10F3000000000000000000000000000000000000FD
:10F3100000000000000000000000000000000000ED
:10F3200000000000000000000000000000000000DD
:10F330000000000000000000000000000000003F8E
:10F34000000000FF81C001C0C1C0010060200200B8
:10F350002020020020200200202002002060020065
:10F3600040C00100C18000C18F00007FFE00001F6F
:10F37000F00000000000000000000000000000009D
:10F38000000000000000000000000000000000007D
:10F39000000000000000000000000000000000006D
:10F3A000000000000000000000000000000000005D
:10F3B000000000000000000000000000000000004D
:10F3C000000000000000000000000000000000003D
:10F3D0000000000300C0000781E0000781E0000397
:10F3E00000C000000000000000000000000000005D
:10F3F000000000000000000000000000000000000D
:10F4000000000000000000000000000000000000FC
:10F4100000000000000000000000000000000000EC
:10F4200000000000000000000000000000000000DC
:10F4300000000000000000000000000000000000CC
:10F4400000000000000000000000000000000000BC
:10F4500000000006006600060078000000000000C2
:10F46000000000000000000000000000000000009C
:10F47000000000000000000000000000000000008C
:10F48000000000000000000000000000000000007C
:10F49000000000000000000000000000000000006C
:10F4A000000000000000000000000000000000005C
:10F4B000000000000000000000000000000000004C
:10F4C0000000000080000001C00000036000000692
:10F4D0003000000C180000180C000030060000601E
:10F4E000030000C001800100004002000020040071
:10F4F00000100000000000000000000000000000FC
:10F5000000000000000000000000000000000000FB
:10F5100000000000000000000000000000000000EB
:10F5200000000000000000000000000000000000DB
:10F5300000000000000000000000000000000004C7
:10F54000100000041000000410000004100000046B
:10F55000100000041000000410000004100000045B
:10F56000100000041000000410000004100000044B
:10F570001000000410000000000000000000000067
:10F58000000000000000000000000000000000007B
:10F59000000000000000000000000000000000006B
:10F5A000000000000000000000000000000000005B
:10F5B000000000000000000000000000000000004B
:10F5C000000004000010020000200100004000C004
:10F5D0000180006003000030060000180C00000CE1
:10F5E000180000063000000360000001C0000000A9
:10F5F000800000000000000000000000000000008B
:10F6000000000000000000000000000000000000FA
:10F6100000000000000000000000000000000000EA
:10F6200000000000000000000000000000000000DA
:10F6300000000000000000000000000000000000CA
:10F6400000000078000001F800000238000002000D
:10F650000000040000C0040079E0040081E004011F
:10F6600000C004030000020200000306000001FCC9
:10F67000000000F800000000000000000000000092
:10F68000000000000000000000000000000000007A
:10F69000000000000000000000000000000000006A
:10F6A000000000000000000000000000000000005A
:10F6B0000000000000000000000000000000000F3B
:10F6C000F800003FFE000070078000C000C001018C
:10F6D000F8400307FC20021E04200230082002200C
:10F6E0003020023FFC20013F044001800CC000E0BC
:10F6F0003180001FC2000000000000000000000078
:10F7000000000000000000000000000000000000F9
:10F7100000000000000000000000000000000000E9
:10F7200000000000000000000000000000000000D9
:10F7300000000000000000000000000000200000A9
:10F740000060000003E000003E200003E020003ED7
:10F75000200003E020000380200007FC2000003F81
:10F76000E0000003FE2000003FE0000001E0000098
:10F770000020000000200000000000000000000049
:10F780000000000000000000000000000000000079
:10F790000000000000000000000000000000000069
:10F7A0000000000000000000000000000000000059
:10F7B0000000000000000000000000000000020047
:10F7C00000200200002003FFFFE003FFFFE0020132
:10F7D000002002010020020100200201002002019D
:10F7E0000020030300200186806001FCC0C000F8F7
:10F7F0007F8000001F0000000000000000000000EB
:10F8000000000000000000000000000000000000F8
:10F8100000000000000000000000000000000000E8
:10F8200000000000000000000000000000000000D8
:10F8300000000000000000000000000000000007C1
:10F84000F800003FFF000070078000C000C001000A
:10F8500000400300002002000020020000200200FF
:10F8600000200200002001000040018000C003C011
:10F8700001800030060000000000000000000000D1
:10F880000000000000000000000000000000000078
:10F890000000000000000000000000000000000068
:10F8A0000000000000000000000000000000000058
:10F8B0000000000000000000000000000000020046
:10F8C00000200200002003FFFFE003FFFFE0020032
:10F8D000002002000020020000200200002003009F
:10F8E000006001000040018000C000F00780007F40
:10F8F000FE00000FF8000000000000000000000003
:10F9000000000000000000000000000000000000F7
:10F9100000000000000000000000000000000000E7
:10F9200000000000000000000000000000000000D7
:10F9300000000000000000000000000000000200C5
:10F9400000200200002003FFFFE003FFFFE00201B0
:10F95000002002010020020100200201002002011B
:10F96000002002038020020FE0200300006003C09B
:10F9700000E0006003000000000000000000000044
:10F980000000000000000000000000000000000077
:10F990000000000000000000000000000000000067
:10F9A0000000000000000000000000000000000057
:10F9B0000000000000000000000000000000020045
:10F9C00000200200002003FFFFE003FFFFE0020130
:10F9D00000200201002002010000020100000201DB
:10F9E00000000201000002038000030FE00003009A
:10F9F000000003C0000000600000000000000000E4
:10FA000000000000000000000000000000000000F6
:10FA100000000000000000000000000000000000E6
:10FA200000000000000000000000000000000000D6
:10FA300000000000000000000000000000000007BF
:10FA4000F800003FFE000070078001C001C0010007
:10FA500000400300002002000020020000200200FD
:10FA60000020010020200100204003C03F80003022
:10FA70003F80000020000000200000000000000087
:10FA80000000000000000000000000000000000076
:10FA90000000000000000000000000000000000066
:10FAA0000000000000000000000000000000000056
:10FAB0000000000000000000000002000020020022
:10FAC000002003FFFFE003FFFFE0020080200200B0
:10FAD0008020000080000000800000008000020004
:10FAE00080200200802003FFFFE003FFFFE0020010
:10FAF00000200200002000000000000000000000C4
:10FB000000000000000000000000000000000000F5
:10FB100000000000000000000000000000000000E5
:10FB200000000000000000000000000000000000D5
:10FB300000000000000000000000000000000000C5
:10FB4000000000000000020000200200002002006F
:10FB500000200200002003FFFFE003FFFFE002009F
:10FB6000002002000020020000200200002000000F
:10FB70000000000000000000000000000000000085
:10FB80000000000000000000000000000000000075
:10FB90000000000000000000000000000000000065
:10FBA0000000000000000000000000000000000055
:10FBB0000000000000000000000000000000000045
:10FBC000000E0000000F0000000F00000001020006
:10FBD000000102000001020000030200000603FF12
:10FBE000FFFC03FFFFF8020000000200000002001B
:10FBF0000000020000000000000000000000000003
:10FC000000000000000000000000000000000000F4
:10FC100000000000000000000000000000000000E4
:10FC200000000000000000000000000000000000D4
:10FC300000000000000000000000000000000200C2
:10FC400000200200002003FFFFE003FFFFE00200AE
:10FC5000C0200201002000078000000FE0000030FB
:10FC6000F80002603E2003800F20030003E0020042
:10FC700000E0020000200000002000000000000062
:10FC80000000000000000000000000000000000074
:10FC90000000000000000000000000000000000064
:10FCA0000000000000000000000000000000000054
:10FCB0000000000000000000000000000000020042
:10FCC00000200200002003FFFFE003FFFFE002002E
:10FCD00000200200002000000020000000200000A2
:10FCE0000020000000200000002000000060000054
:10FCF00000E0000003000000000000000000000021
:10FD000000000000000000000000000000000000F3
:10FD100000000000000000000000000000000000E3
:10FD200000000000000000000000000000000000D3
:10FD3000000000000000000000000200002002009F
:10FD4000002003FFFFE003E0002003FF0020001F6E
:10FD5000F0000001FF8000000FE000001E00000323
:10FD6000E000003E002003E0002003FFFFE003FF6F
:10FD7000FFE0020000200200002000000000000060
:10FD80000000000000000000000000000000000073
:10FD90000000000000000000000000000000000063
:10FDA0000000000000000000000000000000000053
:10FDB000000000000000000000000200002002001F
:10FDC000002003FFFFE00380002003F0002000FC80
:10FDD0000000001F00000007C0000001F00000004C
:10FDE0007C0002001F80020007E003FFFFE002002A
:10FDF0000000020000000000000000000000000001
:10FE000000000000000000000000000000000000F2
:10FE100000000000000000000000000000000000E2
:10FE200000000000000000000000000000000000D2
:10FE30000000000000000000000000000000000FB3
:10FE4000F800003FFE0000F00780018000C00100C4
:10FE500000400200002002000020020000200200FA
:10FE6000002001000040018000C000F00380003F3E
:10FE7000FE00000FF800000000000000000000007D
:10FE80000000000000000000000000000000000072
:10FE90000000000000000000000000000000000062
:10FEA0000000000000000000000000000000000052
:10FEB0000000000000000000000000000000020040
:10FEC00000200200002003FFFFE003FFFFE002002C
:10FED00080200200802002008000020080000200DA
:10FEE000800002008000030180000183000000FE0A
:10FEF0000000007C00000000000000000000000086
:10FF000000000000000000000000000000000000F1
:10FF100000000000000000000000000000000000E1
:10FF200000000000000000000000000000000000D1
:10FF30000000000000000000000000000000000FB2
:10FF4000F800007FFF0000F00380018001C0010085
:10FF500006400200042002000420020006200200E5
:10FF600003E0010000F80180005C00E0038C003F2A
:10FF7000FF0C000FFC180000000000000000000053
:10FF80000000000000000000000000000000000071
:10FF90000000000000000000000000000000000061
:10FFA0000000000000000000000000000000000051
:10FFB000000000000000000000000000000002003F
:10FFC00000200200002003FFFFE003FFFFE002012A
:10FFD000002002010020020180000201E000020175
:10FFE000FC0003033F80018607E001FC00E000F80D
:10FFF00000200000002000000000000000000000C1
:02000004900169
:1000000000000000000000000000000000000000F0
:1000100000000000000000000000000000000000E0
:1000200000000000000000000000000000000000D0
:1000300000000000000000000000000000000000C0
:1000400000000078060000FE01E0018600C0030306
:1000500000400203002002018020020180200201F2
:10006000C0200200C0200100E060018070C003E0F9
:100070003F8000001F0000000000000000000000A2
:100080000000000000000000000000000000000070
:100090000000000000000000000000000000000060
:1000A0000000000000000000000000000000000050
:1000B00000000000000000000000000000000060E0
:1000C00000000380000003000000020000000200A6
:1000D00000200200002003FFFFE003FFFFE002001A
:1000E0000020020000200200000002000000038047
:1000F000000000E000000000000000000000000020
:1001000000000000000000000000000000000000EF
:1001100000000000000000000000000000000000DF
:1001200000000000000000000000000000000000CF
:1001300000000000000000000000020000000200BB
:10014000000003FFFF0003FFFFC0020000400200A9
:1001500000600000002000000020000000200000DF
:100160000020020000400200008003FFFF000200A8
:10017000000002000000000000000000000000007D
:10018000000000000000000000000000000000006F
:10019000000000000000000000000000000000005F
:1001A000000000000000000000000000000000004F
:1001B000000000000000000000000000000002003D
:1001C00000000200000003C0000003FC0000023F2A
:1001D000C0000003F80000007F80000007E000007E
:1001E0000780000078000203C000023C000003C04A
:1001F00000000200000002000000000000000000FB
:1002000000000000000000000000000000000000EE
:1002100000000000000000000000000000000000DE
:1002200000000000000000000000000000000000CE
:10023000000000000000000000000200000003C0F9
:10024000000003FF8000023FFE0002007FE000008C
:100250000F000200F00003EF000003FF8000020F18
:10026000FE0000003FE000001F000207E00003F86E
:100270000000030000000200000000000000000079
:10028000000000000000000000000000000000006E
:10029000000000000000000000000000000000005E
:1002A000000000000000000000000000000000004E
:1002B000000000000000000000000000000002003C
:1002C000002002000020038000E003F0032002FC75
:1002D0000C20021F30000007C0000007F0000218C9
:1002E0007C0002601F20038003E0020000E00200A7
:1002F00000200000002000000000000000000000BE
:1003000000000000000000000000000000000000ED
:1003100000000000000000000000000000000000DD
:1003200000000000000000000000000000000000CD
:1003300000000000000000000000000000000200BB
:1003400000000300000003C0000003F80000023EAC
:100350000020020FC0200001FFE000007FE000034A
:100360008020021C002002700000038000000200B8
:10037000000002000000000000000000000000007B
:10038000000000000000000000000000000000006D
:10039000000000000000000000000000000000005D
:1003A000000000000000000000000000000000004D
:1003B000000000000000000000000000000000003D
:1003C0000020006000E0038003E003000FA00200B3
:1003D0003E200200F8200203E020020F8020023EAF
:1003E00000200278002003E00060038000E00200AB
:1003F00003000000000000000000000000000000FA
:1004000000000000000000000000000000000000EC
:1004100000000000000000000000000000000000DC
:1004200000000000000000000000000000000000CC
:1004300000000000000000000000000000000000BC
:1004400000000000000000000000000000000000AC
:1004500000001FFFFFFC100000041000000410004B
:10046000000410000004100000041000000410003C
:100470000004000000000000000000000000000078
:10048000000000000000000000000000000000006C
:10049000000000000000000000000000000000005C
:1004A000000000000000000000000000000000004C
:1004B000000000000000000000000000000000003C
:1004C0000000000000000700000003C000000078EA
:1004D0000000001E00000003C0000000F00000004B
:1004E0001E0000000780000000F00000003C00003B
:1004F00000060000000000000000000000000000F6
:1005000000000000000000000000000000000000EB
:1005100000000000000000000000000000000000DB
:1005200000000000000000000000000000000000CB
:1005300000000000000000000000000000000000BB
:10054000000010000004100000041000000410005F
:1005500000041000000410000004100000041FFF3D
:10056000FFFC000000000000000000000000000090
:10057000000000000000000000000000000000007B
:10058000000000000000000000000000000000006B
:10059000000000000000000000000000000000005B
:1005A000000000000000000000000000000000004B
:1005B000000000000000000000000000000000003B
:1005C0000000000000000000000002000000040025
:1005D00000000800000018000000100000001800D3
:1005E00000001800000004000000020000000000ED
:1005F00000000000000000000000000000000000FB
:1006000000000000000000000000000000000000EA
:1006100000000000000000000000000000000000DA
:1006200000000000000000000000000000000000CA
:1006300000000000000000000000000000010000B9
:1006400000010000000100000001000000010000A6
:100650000001000000010000000100000001000096
:100660000001000000010000000100000001000086
:100670000001000000010000000100000000000077
:10068000000000000000000000000000000000006A
:10069000000000000000000000000000000000005A
:1006A000000000000000000000000000000000004A
:1006B000000000000000000000000000000000003A
:1006C00000000000000010000000100000001000FA
:1006D00000001800000008000000040000000000F6
:1006E000000000000000000000000000000000000A
:1006F00000000000000000000000000000000000FA
:1007000000000000000000000000000000000000E9
:1007100000000000000000000000000000000000D9
:1007200000000000000000000000000000000000C9
:1007300000000000000000000000000000000000B9
:10074000038000018FC000038C60000618200004A5
:100750001020000410200004202000042040000687
:1007600020400003FFC00001FFE000000020000067
:100770000020000000C00000000000000000000099
:100780000000000000000000000000000000000069
:100790000000000000000000000000000000000059
:1007A0000000000000000000000000000000000049
:1007B0000000000000000000000000000000020037
:1007C00000000200000003FFFFE007FFFFC0000180
:1007D00080C000020060000200200004002000042D
:1007E00000200004002000060040000300C00001BB
:1007F000FF800000FE00000000000000000000007C
:1008000000000000000000000000000000000000E8
:1008100000000000000000000000000000000000D8
:1008200000000000000000000000000000000000C8
:1008300000000000000000000000000000000000B8
:10084000000000007E000001FF80000381C0000264
:1008500000400006002000040020000400200004E6
:100860000020000600200003C0400001C0800000FE
:100870000300000000000000000000000000000075
:100880000000000000000000000000000000000068
:100890000000000000000000000000000000000058
:1008A0000000000000000000000000000000000048
:1008B0000000000000000000000000000000000038
:1008C000000000007E000001FF80000380C00006E1
:1008D0000060000400200004002000040020020446
:1008E00000400202008003FFFFE007FFFFC000009E
:1008F0000040000000400000000000000000000078
:1009000000000000000000000000000000000000E7
:1009100000000000000000000000000000000000D7
:1009200000000000000000000000000000000000C7
:1009300000000000000000000000000000000000B7
:10094000000000007E000001FF80000311C00002D3
:100950001040000410600004102000041020000467
:10096000102000061020000310400001F0C000001D
:100970007100000000000000000000000000000006
:100980000000000000000000000000000000000067
:100990000000000000000000000000000000000057
:1009A0000000000000000000000000000000000047
:1009B0000000000000000000000000000000000037
:1009C00000000004000000040020000400200004D7
:1009D0000020007FFFE001FFFFE00104002003048E
:1009E0000020020400200204002002040000020093
:1009F000000001C0000001C0000000000000000075
:100A000000000000000000000000000000000000E6
:100A100000000000000000000000000000000000D6
:100A200000000000000000000000000000000000C6
:100A300000000000000000000000000000000000B6
:100A400000000000001C0000E33E0003FFC20002A3
:100A50000CC3000404C1000404C1000404C1000468
:100A600004C100060CC10003F8C30005F0620006D3
:100A7000007E0006003C00000000000000000000B6
:100A80000000000000000000000000000000000066
:100A90000000000000000000000000000000000056
:100AA0000000000000000000000000000000000046
:100AB0000000000000000000000000000000020034
:100AC00000200200002003FFFFE007FFFFE000011D
:100AD00000200002002000060000000400000004C6
:100AE000000000040020000600200003FFE00001D9
:100AF000FFE00000002000000020000000000000D7
:100B000000000000000000000000000000000000E5
:100B100000000000000000000000000000000000D5
:100B200000000000000000000000000000000000C5
:100B300000000000000000000000000000000000B5
:100B40000000000000000004002000040020000459
:100B50000020000400200387FFE0038FFFE00380F4
:100B60000020000000200000002000000020000005
:100B70000000000000000000000000000000000075
:100B80000000000000000000000000000000000065
:100B90000000000000000000000000000000000055
:100BA0000000000000000000000000000000000045
:100BB0000000000000000000000000000000000035
:100BC0000000000000000000000600000007000018
:100BD0000001000000010004000100040001000405
:100BE0000003000400060387FFFC038FFFF8038067
:100BF00000000000000000000000000000000000F5
:100C000000000000000000000000000000000000E4
:100C100000000000000000000000000000000000D4
:100C200000000000000000000000000000000000C4
:100C300000000000000000000000000000000200B2
:100C400000200200002003FFFFE007FFFFE000009C
:100C5000082000001020000030000000FC0000050B
:100C60008E00000707A0000601E0000400E0000479
:100C70000020000000200000000000000000000034
:100C80000000000000000000000000000000000064
:100C90000000000000000000000000000000000054
:100CA0000000000000000000000000000000000044
:100CB0000000000000000000000000000000000034
:100CC00000000000000002000020020000200200DE
:100CD00000200200002003FFFFE007FFFFE000000C
:100CE0000020000000200000002000000020000084
:100CF00000000000000000000000000000000000F4
:100D000000000000000000000000000000000000E3
:100D100000000000000000000000000000000000D3
:100D200000000000000000000000000000000000C3
:100D300000000000000000000000000000000004AF
:100D400000200007FFE0000FFFE000020020000489
:100D50000000000400200007FFE00003FFE00002A5
:100D6000002000040000000400200007FFE0000352
:100D7000FFE0000000200000000000000000000074
:100D80000000000000000000000000000000000063
:100D90000000000000000000000000000000000053
:100DA0000000000000000000000000000000000043
:100DB000000000000000000000000000000000042F
:100DC0000020000400200007FFE0000FFFE000010A
:100DD00000200002002000020000000400000004C7
:100DE000000000040020000600200003FFE00001D6
:100DF000FFE00000002000000020000000000000D4
:100E000000000000000000000000000000000000E2
:100E100000000000000000000000000000000000D2
:100E200000000000000000000000000000000000C2
:100E300000000000000000000000000000000000B2
:100E4000000000007E000000FF80000381C000025F
:100E500000400006002000040020000400200004E0
:100E600000200006002000020040000381C00001B5
:100E7000FF8000007E000000000000000000000075
:100E80000000000000000000000000000000000062
:100E90000000000000000000000000000000000052
:100EA0000000000000000000000000000000000042
:100EB000000000000000000000000000000000042E
:100EC0000001000400010007FFFF000FFFFF000109
:100ED00000C10002004100040020000400200004C2
:100EE00000200004002000060040000301C00001B3
:100EF000FF8000007E0000000000000000000000F5
:100F000000000000000000000000000000000000E1
:100F100000000000000000000000000000000000D1
:100F200000000000000000000000000000000000C1
:100F300000000000000000000000000000000000B1
:100F4000000000007E000001FF80000380C000025E
:100F500000600004002000040020000400200004C1
:100F6000002000020041000300C10003FFFF000752
:100F7000FFFF000000010000000100000000000071
:100F80000000000000000000000000000000000061
:100F90000000000000000000000000000000000051
:100FA0000000000000000000000000000000000041
:100FB000000000000000000000000000000000042D
:100FC0000020000400200004002000040020000F86
:100FD000FFE0000FFFE00000C02000010020000241
:100FE00000200006002000040000000400000007AC
:100FF00000000003000000000000000000000000EE
:1010000000000000000000000000000000000000E0
:1010100000000000000000000000000000000000D0
:1010200000000000000000000000000000000000C0
:1010300000000000000000000000000000000000B0
:101040000000000003E00001C0E00003E0400006F3
:101050003020000430200004182000041820000470
:10106000182000040C2000020C60000307C00007D9
:10107000838000000000000000000000000000006D
:101080000000000000000000000000000000000060
:101090000000000000000000000000000000000050
:1010A0000000000000000000000000000000000040
:1010B0000000000000000000000000000000000030
:1010C0000000000400000004000000040000000C08
:1010D0000000001FFF8000FFFFC00004006000044C
:1010E0000020000400200004002000040040000054
:1010F000018000000000000000000000000000006F
:1011000000000000000000000000000000000000DF
:1011100000000000000000000000000000000000CF
:1011200000000000000000000000000000000000BF
:1011300000000000000000000000000000000004AB
:101140000000000400000007FF80000FFFC0000047
:1011500000600000002000000020000000200000CF
:10116000002000040040000400800007FFE0000FA2
:10117000FFC0000000400000004000000000000030
:10118000000000000000000000000000000000005F
:10119000000000000000000000000000000000004F
:1011A000000000000000000000000000000000003F
:1011B000000000000000000000000000000000042B
:1011C000000000040000000780000007F000000499
:1011D000FE0000041FC0000003E0000003800000C8
:1011E0001C000004600000078000000600000004EE
:1011F00000000000000000000000000000000000EF
:1012000000000000000000000000000000000000DE
:1012100000000000000000000000000000000000CE
:1012200000000000000000000000000000000000BE
:1012300000000000000000000000000400000006A4
:1012400000000007C0000007FC0000043F80000011
:1012500003E000040F800006F0000007F000000724
:10126000FF8000040FE00000038000043C00000742
:10127000C0000006000000040000000000000000A4
:10128000000000000000000000000000000000005E
:10129000000000000000000000000000000000004E
:1012A000000000000000000000000000000000003E
:1012B000000000000000000000000000000000002E
:1012C00000200004002000040060000700E0000788
:1012D00083200007E6000004F80000003C00000442
:1012E0005E20000587A0000601E000040060000405
:1012F00000200000002000000000000000000000AE
:1013000000000000000000000000000000000000DD
:1013100000000000000000000000000000000000CD
:1013200000000000000000000000000000000000BD
:1013300000000000000000000000000000000004A9
:10134000000000040003000700030007E0010004A0
:10135000F80100041F02000007FC000000E000008C
:101360000700000438000007C00000060000000469
:101370000000000400000000000000000000000069
:10138000000000000000000000000000000000005D
:10139000000000000000000000000000000000004D
:1013A000000000000000000000000000000000003D
:1013B000000000000000000000000000000000002D
:1013C000000000078060000600E0000403E0000465
:1013D00007A000040E2000043C200004702000053B
:1013E000E0200007802000070060000400E000000B
:1013F000038000000000000000000000000000006A
:1014000000000000000000000000000000000000DC
:1014100000000000000000000000000000000000CC
:1014200000000000000000000000000000000000BC
:1014300000000000000000000000000000000000AC
:10144000000000000000000000000000000000009C
:10145000000000000000000080000000800000018B
:10146000400007FE3FF808000004100000021000D2
:10147000000200000000000000000000000000006A
:10148000000000000000000000000000000000005C
:10149000000000000000000000000000000000004C
:1014A000000000000000000000000000000000003C
:1014B000000000000000000000000000000000002C
:1014C000000000000000000000000000000000001C
:1014D00000000000000000000000FFFFFFFF000010
:1014E00000000000000000000000000000000000FC
:1014F00000000000000000000000000000000000EC
:1015000000000000000000000000000000000000DB
:1015100000000000000000000000000000000000CB
:1015200000000000000000000000000000000000BB
:1015300000000000000000000000000000000000AB
:10154000000010000002100000020800000407FE66
:101550003FF8000140000000800000008000000013
:10156000000000000000000000000000000000007B
:10157000000000000000000000000000000000006B
:10158000000000000000000000000000000000005B
:10159000000000000000000000000000000000004B
:1015A000000000000000000000000000000000003B
:1015B0000000000000000000000000000000180013
:1015C000000030000000400000004000000040002B
:1015D00000002000000030000000080000000400AF
:1015E00000000200000002000000020000000C00E9
:1015F00000001800000000000000000000000000D3
:1016000000000000000000000000000000000000DA
:1016100000000000000000000000000000000000CA
:1016200000000000000000000000000000000000BA
:1016300000000000000000000000000004000000A6
:101640000300000002000000020000000200000091
:101650000100000001000000020000004000000046
:10166000400000004000000040000000400000007A
:10167000C0C30500000F5B0040780000C0F0000010
:10168000C0F000000F1700003C6C0100E1010000F9
:08169000C3030000C3030000C6
:04000005080002B13C
:00000001FF
