:020000040800F2
:10000000E0530624C5020008113C0008013C00082A
:10001000093C00084103000881420008000000007C
:10002000000000000000000000000000611B0090C4
:100030004903000800000000F11A00902142000866
:10004000DF02000800000000DF020008DF020008F5
:10005000DF020008DF0200080000000000000000CE
:10006000DF020008DF020008DF02000800000000D5
:1000700000000000DF020008000000000000000097
:10008000DF020008DF020008DF020008DF020008CC
:10009000DF020008DF020008DF020008DF020008BC
:1000A000DF020008DF020008DF020008DF020008AC
:1000B000DF020008DF020008DF020008DF0200089C
:1000C000DF0200080000000000000000DF0200085E
:1000D000DF020008DF020008DF020008DF0200087C
:1000E000DF020008DF020008DF020008DF0200086C
:1000F000DF020008DF020008DF020008DF0200085C
:10010000DF020008DF020008DF020008DF0200084B
:10011000DF020008DF020008DF020008DF0200083B
:10012000DF020008DF020008DF020008DF0200082B
:10013000DF020008DF020008DF020008DF0200081B
:10014000DF020008DF020008DF020008DF0200080B
:10015000DF020008DF020008DF020008DF020008FB
:10016000DF020008DF020008DF020008DF020008EB
:10017000DF020008DF020008DF020008DF020008DB
:10018000DF020008DF02000871420008DF020008F9
:10019000DF020008DF020008DF020008DF020008BB
:1001A000DF020008DF020008DF020008DF020008AB
:1001B000DF020008DF020008DF020008DF0200089B
:1001C000DF020008DF020008DF020008DF0200088B
:1001D000DF020008DF02000800000000000000004D
:1001E00000000000DF020008DF020008DF02000854
:1001F000DF020008DF02000800000000000000002D
:10020000DF020008DF020008DF020008DF0200084A
:10021000DF020008DF020008DF020008DF0200083A
:10022000DF020008DF020008DF020008DF0200082A
:10023000DF020008DF020008DF020008DF0200081A
:10024000DF020008DF020008DF020008DF0200080A
:10025000DF020008DF020008DF020008DF020008FA
:10026000DF020008DF020008DF020008DF020008EA
:10027000DF020008DF020008DF020008DF020008DA
:10028000DF020008DF020008DF020008DF020008CA
:10029000DF020008DF020008DF020008DF020008BA
:1002A000DF020008DF020008DF020008DF020008AA
:1002B000DFF80CD000F02AF8004800471149000888
:1002C000E05306240648804706480047FEE7FEE75D
:1002D000FEE7FEE7FEE7FEE7FEE7FEE7FEE7FEE7F6
:1002E00049420008B1020008D2B201E000F8012B37
:1002F000491EFBD270470022F6E710B513460A46A6
:1003000004461946FFF7F0FF204610BD1CB509480A
:100310000090094801900546009C06E0E06840F026
:10032000010394E8070098471034AC42F6D3FFF776
:10033000C3FF0000585B0008785B00080000000065
:10034000FFE7FEE70000000070470000000000002B
:1003500080B582B0019001984FF47A71484304F05F
:1003600077FA02B080BD000085B0049003910020B0
:100370000290FFE703980299C840002800F094809B
:10038000FFE70398029A01219140084001900198EB
:10039000002800F08580FFE7029820F0030040F27B
:1003A0003051C5F6000140580090029800F003005B
:1003B00081000F2000FA01F1009808400090009899
:1003C00004994FF60042CAF2FD721140890A029A5E
:1003D00002F003029200914088422ED1FFE7019A79
:1003E0008021C5F60001086890430860019A8421C5
:1003F000C5F60001086890430860019A0421C5F61B
:100400000001086890430860019A4FF0B041086805
:1004100090430860029800F0030081000F2088409C
:100420000090009B029820F0030140F23052C5F684
:100430000002885898438850FFE702984100032043
:1004400000FA01F3049A116819431160DDF808C03D
:100450000CF007018A000F2101FA02F304996FF0F2
:10046000030202EA5C020A44116A9943116202998A
:10047000490000FA01F3049A916899439160029A45
:10048000012101FA02F3049A5168994351600299DB
:10049000490000FA01F20499C8689043C860FFE778
:1004A00002980130029065E705B070470000000037
:1004B00085B00490039100200290FFE70398006844
:1004C0000299C840002800F04581FFE703980068C2
:1004D000029A01219140084001900198002800F003
:1004E0003581FFE70398406800F00300012807D03A
:1004F000FFE70398406800F0030002282FD1FFE7D0
:1005000004988068009002984100032000FA01F1ED
:100510000098884300900398C0680299490000FA47
:1005200001F10098084300900098049988600498AD
:10053000406800900299012000FA01F10098884378
:10054000009003984068C0F30010029900FA01F18E
:10055000009808430090009804994860FFE70398CA
:10056000406800F00300032818D0FFE70498C06833
:10057000009002984100032000FA01F1009888439E
:100580000090039880680299490000FA01F10098F0
:100590000843009000980499C860FFE703984068FA
:1005A00000F00300022826D1FFE7049802996FF0BB
:1005B000030202EA51010844006A0090029800F028
:1005C000070081000F2000FA01F100988843009095
:1005D00003980069029901F00701890000FA01F10E
:1005E00000980843009000980499029B02EA530285
:1005F00011440862FFE704980068009002984100E7
:10060000032000FA01F100988843009003984068A5
:1006100000F003000299490000FA01F10098084334
:10062000009000980499086003988079800700285A
:1006300000F08B80FFE7029820F0030040F2305278
:10064000C5F6000280580090029800F00300810077
:100650000F2000FA01F100988843009004984FF6AB
:100660000041CAF2FD710840800A029901F00301BD
:10067000890000FA01F1009808430090009802995F
:1006800021F0030188504FF0B040006800900199BC
:1006900000988843009003988079C006002805D50B
:1006A000FFE70199009808430090FFE700984FF09A
:1006B000B04108600420C5F6000000680090019970
:1006C000009888430090039880798006002805D51B
:1006D000FFE70199009808430090FFE70098042184
:1006E000C5F6000108608420C5F60000006800908F
:1006F000019900988843009003988079800700282A
:1007000005D5FFE70199009808430090FFE700989E
:100710008421C5F6000108608020C5F6000000684D
:100720000090019900988843009003988079C00751
:1007300028B1FFE70199009808430090FFE700986F
:100740008021C5F600010860FFE7FFE7029801304D
:100750000290B3E605B0704782B00190ADF8021088
:1007600001980069BDF80210084204D0FFE701209B
:100770008DF8010003E000208DF80100FFE79DF8EF
:10078000010002B07047000083B00290ADF806107F
:10079000029840690090009ABDF8060002EA000144
:1007A000904340EA01400299886103B0704700001D
:1007B00082B00190ADF802108DF801209DF8010083
:1007C00028B1FFE7BDF802000199886104E0BDF897
:1007D000020001998862FFE702B070470000000044
:1007E00044F6BC60C2F2064000687047000000009A
:1007F00040F25C00C2F20040027844F6BC61C2F2F2
:1008000006410868104408607047000000000000BE
:1008100080B582B000208DF80700032000F0F4F8C6
:100820000F2000F00DF820B1FFE701208DF8070040
:1008300002E000F0C1F8FFE79DF8070002B080BDBC
:1008400080B582B0019000208DF8030040F25C007A
:10085000C2F20040007878B3FFE740F20400C2F231
:100860000040006840F25C01C2F200410A784FF497
:100870007A71B1FBF2F1B0FBF1F002F031FAB0B9EC
:10088000FFE701980F280DD8FFE701994FF0FF30DF
:10089000002200F0A1F8019840F26001C2F200418C
:1008A000086003E001208DF80300FFE703E001206A
:1008B0008DF80300FFE703E001208DF80300FFE758
:1008C0009DF8030002B080BD10B581B00090009883
:1008D00040784EF69851CEF2000108604EF6A051D5
:1008E000CEF20001086820F001000860086820F0DE
:1008F00001000860009840684EF69C52CEF200025B
:100900001060DDF800E09EF80C0000079EF80B2058
:1009100040EA02609EF800209EF808309EF809C068
:100920009EF80A4040EAC4409EF80D4040EA8440E8
:100930009EF80E4040EA44409EF80FE040EA0E4028
:1009400040EA0C2040EA43001043086001B010BDAB
:10095000BFF35F8F4EF62451CEF20001086820F4F9
:10096000803008604EF69451CEF2000100200860FD
:10097000BFF34F8FBFF36F8F704700000000000080
:1009800081B00090BFF35F8F009840F001004EF6F9
:100990009451CEF2000108604EF62451CEF20001CF
:1009A000086840F480300860BFF34F8FBFF36F8F4B
:1009B00001B0704700000000704700000000000018
:1009C00080B582B0ADF80600BDF9060003F098FED0
:1009D00002B080BD0000000080B586B0ADF8160002
:1009E0000491039203F0A4FE0290BDF91600019059
:1009F00002980499039A03F00FF90146019803F055
:100A00009FFE06B080BD000080B582B001900198C5
:100A100003F0BAFE02B080BD80B584B0029044F607
:100A20000C00C5F60200006800F00700062813D08D
:100A3000FFE744F60C00C5F60200006800F01F0056
:100A40000299884204D0FFE701208DF80F004EE0A4
:100A500000208DF80F004AE044F60C01C5F60201B3
:100A6000086820F01F00029A10430860FFF7B8FEE4
:100A70000190FFE744F60400C5F602000068800715
:100A800000280DD4FFE7FFF7ABFE0199401AB0F53F
:100A90007A7F04D9FFE701208DF80F0027E0E9E70E
:100AA00002981E2804D0FFE702981D281BD1FFE7FB
:100AB000FFF796FE0190FFE744F60C00C5F6020032
:100AC0000068C00300280DD4FFE7FFF789FE0199F5
:100AD000401AB0F57A7F04D9FFE701208DF80F00A6
:100AE00005E0E9E7FFE700208DF80F00FFE79DF83C
:100AF0000F0004B080BD000080B584B0029044F6C1
:100B00001401C5F60201086820F00100029A1043A2
:100B10000860FFF765FE0190FFE744F61400C5F694
:100B200002000068800700280DD4FFE7FFF758FE99
:100B30000199401AB0F57A7F04D9FFE701208DF8BA
:100B40000F0004E0E9E700208DF80F00FFE79DF8B3
:100B50000F0004B080BD000080B582B044F60C01E7
:100B6000C5F60201086840F080700860FFF738FEA3
:100B70000090FFE744F60C00C5F602000068400153
:100B800000280DD4FFE7FFF72BFE0099401AB0F5BF
:100B90007A7F04D9FFE701208DF8070004E0E9E738
:100BA00000208DF80700FFE79DF8070002B080BD28
:100BB00044F60C01C5F60201086840F48040086064
:100BC000704700000000000044F60C01C5F6020169
:100BD000086840F400400860704700000000000012
:100BE00080B5A0B01E9000208DF86F008DF86E00CB
:100BF0001E9880784007002840F1A580FFE744F266
:100C00007040C5F60200006800F440701D901D9809
:100C100068B3FFE71D981E99C96F01F440718842BF
:100C200025D0FFE744F60000C5F60200016841F454
:100C3000807101600068C005002804D4FFE701202E
:100C40008DF86F0012E044F27041C5F602010868A9
:100C500020F440701D90086840F4803008600868F7
:100C600020F4803008601D980860FFE7FFE79DF8DA
:100C70006F00002861D1FFE71E98C06FB0F5807F3C
:100C80001CD1FFE7FFF7ACFD1C90FFE744F270407A
:100C9000C5F602000068800700280ED4FFE7FFF7C2
:100CA0009FFD1C99401A41F28931884204D3FFE725
:100CB00003208DF86F0000E0E8E7FFE79DF86F0084
:100CC000A8BBFFE7FFE71E98C06F10F47C3F10D071
:100CD000FFE744F21041C5F60201086820F47C5099
:100CE0001E9AD26F40F20F339A4340EA1210086006
:100CF00008E044F21041C5F60201086820F47C5077
:100D00000860FFE71E98C06F00F4407244F2704123
:100D1000C5F60201086810430860FFE744F270411D
:100D2000C5F60201086840F40040086004E09DF840
:100D30006F008DF86E00FFE704E09DF86F008DF8FE
:100D40006E00FFE7FFE71E980078C007002838D044
:100D5000FFE71E9840681A90032818D81A99DFE810
:100D600001F002030C1516E044F22C41C5F6020115
:100D7000086840F0400008600DE044F22C41C5F6E0
:100D80000201086840F48020086004E003E00120CC
:100D90008DF86F00FFE79DF86F0060B9FFE744F240
:100DA0004C41C5F60201086820F003001E9A526803
:100DB0001043086004E09DF86F008DF86E00FFE7B7
:100DC000FFE71E980078800700283AD5FFE71E98B5
:100DD0008068199040B1FFE71998102805D0FFE707
:100DE000199820280AD012E015E044F22C41C5F6EB
:100DF0000201086840F4002008600CE044F22C4135
:100E0000C5F60201086840F48010086003E0012084
:100E10008DF86F00FFE79DF86F0060B9FFE744F2BF
:100E20004C41C5F60201086820F030001E9A926815
:100E30001043086004E09DF86F008DF86E00FFE736
:100E4000FFE71E980078400700283AD5FFE71E9874
:100E5000C068189040B1FFE71898402805D0FFE718
:100E6000189880280AD012E015E044F22C41C5F60B
:100E70000201086840F4002008600CE044F22C41B4
:100E8000C5F60201086840F48010086003E0012004
:100E90008DF86F00FFE79DF86F0060B9FFE744F23F
:100EA0004C41C5F60201086820F0C0001E9AD268C5
:100EB0001043086004E09DF86F008DF86E00FFE7B6
:100EC000FFE71E980078000700280CD5FFE744F2E2
:100ED0004C41C5F60201086820F040501E9A126984
:100EE00010430860FFE71E9880788006002835D5FB
:100EF000FFE71E98406D179020B1FFE71798042870
:100F000009D011E044F22C41C5F60201086840F412
:100F1000002008600CE044F22C41C5F6020108688C
:100F200040F48010086003E001208DF86F00FFE7B7
:100F30009DF86F0060B9FFE744F24C41C5F602012D
:100F4000086820F004001E9A526D1043086004E007
:100F50009DF86F008DF86E00FFE7FFE71E980078A0
:100F6000C00600283CD5FFE71E984069169050B196
:100F7000FFE71698B0F1807F0ED0FFE71698B0F12A
:100F8000007F12D012E044F22C41C5F6020108683D
:100F900040F4803008600DE044F22C41C5F60201B7
:100FA000086840F00050086004E003E001208DF87C
:100FB0006F00FFE79DF86F0060B9FFE744F24C4116
:100FC000C5F60201086820F040701E9A526910436D
:100FD000086004E09DF86F008DF86E00FFE7FFE702
:100FE0001E980078800600284BD5FFE71E98806980
:100FF000159058B3FFE71598B0F5801F14D0FFE7A0
:101000001598B0F5001F18D0FFE71598B0F5401FF0
:101010001CD0FFE71598B0F5800F17D0FFE71598A3
:10102000B0F5A00F12D012E044F22C41C5F6020137
:10103000086840F4803008600DE044F22C41C5F6A9
:101040000201086840F00060086004E003E001204D
:101050008DF86F00FFE79DF86F0060B9FFE744F27D
:101060004C41C5F60201086820F4E0001E9A92691E
:101070001043086004E09DF86F008DF86E00FFE7F4
:10108000FFE71E980078400600280CD5FFE744F2E1
:101090005041C5F60201086820F040501E9AD269FE
:1010A00010430860FFE71E980078000600280CD562
:1010B000FFE744F24C41C5F60201086820F44030D5
:1010C0001E9A126A10430860FFE71E984078C00716
:1010D00070B3FFE71E98406A149028B1FFE7149898
:1010E000B0F5802F01D009E00CE044F22C41C5F6A8
:1010F0000201086840F08040086003E001208DF89C
:101100006F00FFE79DF86F0060B9FFE744F24C41C4
:10111000C5F60201086820F480201E9A526A104326
:10112000086004E09DF86F008DF86E00FFE7FFE7B0
:101130001E984078800700283CD5FFE71E98806AFB
:101140001390E0B1FFE71398B0F5800F05D0FFE7EB
:101150001398B0F5000F09D012E044F22C41C5F607
:101160000201086840F0400008600DE044F22C41A4
:10117000C5F60201086840F48030086004E003E02E
:1011800001208DF86F00FFE79DF86F0060B9FFE761
:1011900044F25041C5F60201086820F440001E9A4E
:1011A000926A1043086004E09DF86F008DF86E00AD
:1011B000FFE7FFE71E9840780007002838D5FFE7D3
:1011C0001E98C06A1290C0B1FFE71298B0F5805F18
:1011D0000AD0FFE71298B0F5005F0ED0FFE7129833
:1011E000B0F5405F09D009E044F22C41C5F6020198
:1011F000086840F00050086004E003E001208DF82A
:101200006F00FFE79DF86F0060B9FFE744F25041BF
:10121000C5F60201086820F440501E9AD26A1043B5
:10122000086004E09DF86F008DF86E00FFE7FFE7AF
:101230001E9840784007002838D5FFE71E98006BBD
:101240001190C0B1FFE71198B0F5807F0AD0FFE799
:101250001198B0F5007F0ED0FFE71198B0F5407FF0
:1012600009D009E044F22C41C5F60201086840F0BB
:101270000050086004E003E001208DF86F00FFE7F4
:101280009DF86F0060B9FFE744F25041C5F60201D6
:10129000086820F440701E9A126B1043086004E046
:1012A0009DF86F008DF86E00FFE7FFE71E9840780D
:1012B000C00600284ED5FFE71E98406B1090C8B1BD
:1012C000FFE71098B0F5803F15D0FFE71098B0F514
:1012D000003F19D0FFE71098B0F5403F1DD0FFE761
:1012E0001098B0F5802F19D0FFE71098B0F5A02F17
:1012F00015D015E018E044F22C41C5F6020108684B
:1013000040F4803008600FE044F22C41C5F6020141
:10131000086840F00050086006E005E004E003E0E3
:1013200001208DF86F00FFE79DF86F0060B9FFE7BF
:1013300044F25041C5F60201086820F4E0201E9AEC
:10134000526B1043086004E09DF86F008DF86E004A
:10135000FFE7FFE71E984078800600284ED5FFE79C
:101360001E98806B0F90C8B1FFE70F98B0F5807F93
:1013700015D0FFE70F98B0F5007F19D0FFE70F9861
:10138000B0F5407F1DD0FFE70F98B0F5806F19D002
:10139000FFE70F98B0F5A06F15D015E018E044F204
:1013A0002C41C5F60201086840F4803008600FE067
:1013B00044F22C41C5F60201086840F00050086074
:1013C00006E005E004E003E001208DF86F00FFE790
:1013D0009DF86F0060B9FFE744F25841C5F602017D
:1013E000086820F4E0601E9A926B1043086004E0E5
:1013F0009DF86F008DF86E00FFE7FFE71E984078BC
:10140000400600284ED5FFE71E98C06B0E90C8B16D
:10141000FFE70E98B0F5805F15D0FFE70E98B0F5A6
:10142000005F19D0FFE70E98B0F5405F1DD0FFE7D1
:101430000E98B0F5804F19D0FFE70E98B0F5A04F89
:1014400015D015E018E044F22C41C5F602010868F9
:1014500040F4803008600FE044F22C41C5F60201F0
:10146000086840F00050086006E005E004E003E092
:1014700001208DF86F00FFE79DF86F0060B9FFE76E
:1014800044F25841C5F60201086820F4E0401E9A73
:10149000D26B1043086004E09DF86F008DF86E0079
:1014A000FFE7FFE71E984078000600283BD5FFE7DE
:1014B0001E98006C0D9005281BD80D99DFE801F0EF
:1014C00003040D16171818E044F22C41C5F602016A
:1014D000086840F4003008600FE044F22C41C5F683
:1014E0000201086840F08050086006E005E004E072
:1014F00003E001208DF86F00FFE79DF86F0060B9F1
:10150000FFE744F25841C5F60201086820F00700E1
:101510001E9A126C1043086004E09DF86F008DF86D
:101520006E00FFE7FFE71E988078C00748B1FFE72D
:1015300044F22C41C5F60201086840F000500860F2
:10154000FFE71E988078800700282ED5FFE71E98B9
:10155000806C0C9028B1FFE70C98B0F1006F09D0B7
:1015600009E044F22C41C5F60201086840F0005041
:10157000086004E003E001208DF86F00FFE79DF8AC
:101580006F0060B9FFE744F24C41C5F602010868FC
:1015900020F000601E9A926C1043086004E09DF8F1
:1015A0006F008DF86E00FFE7FFE71E988078000758
:1015B000002850D5FFE71E98C06C0B90A0B1FFE744
:1015C0000B98B0F5803F18D0FFE70B98B0F5003FBF
:1015D0001CD0FFE70B98B0F5403F20D0FFE70B98F9
:1015E000B0F5802F1CD01CE044F22C41C5F602015E
:1015F000086840F04000086017E044F22C41C5F64E
:101600000201086840F4803008600EE044F22C418A
:10161000C5F60201086840F00060086005E004E0DB
:1016200003E001208DF86F00FFE79DF86F0060B9BF
:10163000FFE744F25441C5F60201086820F4E020B7
:101640001E9AD26C1043086004E09DF86F008DF87C
:101650006E00FFE7FFE71E988078C006002856D589
:10166000FFE71E98006D0A90C8B1FFE70A98B0F531
:10167000801F1DD0FFE70A98B0F5001F21D0FFE7BB
:101680000A98B0F5401F25D0FFE70A98B0F5800F03
:1016900021D0FFE70A98B0F5A00F1DD01DE044F25D
:1016A0002C41C5F60201086840F04000086018E0CF
:1016B00044F22C41C5F60201086840F4803008600D
:1016C0000FE044F22C41C5F60201086840F00060CA
:1016D000086006E005E004E003E001208DF86F00FB
:1016E000FFE79DF86F0060B9FFE744F25441C5F68B
:1016F0000201086820F4E0001E9A126D1043086091
:1017000004E09DF86F008DF86E00FFE7FFE71E987C
:101710008078400600284AD5FFE71E98806E099021
:1017200078B1FFE70998B0F1807F13D0FFE70998FF
:10173000B0F1007F17D0FFE70998B0F1407F1BD0D0
:101740001BE044F22C41C5F60201086840F040005D
:10175000086016E044F22C41C5F60201086840F426
:10176000802008600DE044F22C41C5F602010868B3
:1017700040F00050086004E003E001208DF86F00A5
:10178000FFE79DF86F0060B9FFE744F25041C5F6EE
:101790000201086820F040701E9A926E10430860A3
:1017A00004E09DF86F008DF86E00FFE7FFE71E98DC
:1017B00080780006002850D5FFE71E98806D0890BD
:1017C000A0B1FFE70898B0F5807F18D0FFE7089830
:1017D000B0F5007F1CD0FFE70898B0F5407F20D01F
:1017E000FFE70898B0F5806F1CD01CE044F22C4154
:1017F000C5F60201086840F04000086017E044F2B6
:101800002C41C5F60201086840F4803008600EE003
:1018100044F22C41C5F60201086840F000600860FF
:1018200005E004E003E001208DF86F00FFE79DF87C
:101830006F0060B9FFE744F25441C5F60201086841
:1018400020F4E0601E9A926D1043086004E09DF859
:101850006F008DF86E00FFE7FFE71E98C078C007A5
:1018600000284CD0FFE71E98C06D079080B1FFE7BD
:101870000798102815D0FFE7079820281AD0FFE70F
:10188000079830281FD0FFE7079840281CD01CE09D
:1018900044F22C41C5F60201086840F0400008609F
:1018A00017E044F22C41C5F60201086840F480308C
:1018B00008600EE044F22C41C5F60201086840F0D1
:1018C0000060086005E004E003E001208DF86F008F
:1018D000FFE79DF86F0060B9FFE744F25041C5F69D
:1018E0000201086820F070001E9AD26D1043086053
:1018F00004E09DF86F008DF86E00FFE7FFE71E988B
:10190000C0788007002849D5FFE71E98006E069032
:10191000A0B1FFE70698102811D0FFE7069820280D
:1019200016D0FFE7069830281BD0FFE7069840281E
:1019300018D0FFE70698502815D015E018E044F2BB
:101940002C41C5F60201086840F4003008600FE041
:1019500044F22C41C5F60201086840F0805008604E
:1019600006E005E004E003E001208DF86F00FFE7EA
:101970009DF86F0060B9FFE744F25441C5F60201DB
:10198000086820F070001E9A126E1043086004E090
:101990009DF86F008DF86E00FFE7FFE71E98C07896
:1019A0004007002849D5FFE71E98406E0590A0B17A
:1019B000FFE70598102811D0FFE70598202816D0DA
:1019C000FFE7059830281BD0FFE70598402818D07E
:1019D000FFE70598502815D015E018E044F22C4197
:1019E000C5F60201086840F4003008600FE044F2D8
:1019F0002C41C5F60201086840F08050086006E0FE
:101A000005E004E003E001208DF86F00FFE79DF89A
:101A10006F0060B9FFE744F25841C5F6020108685B
:101A200020F070001E9A526E1043086004E09DF88A
:101A30006F008DF86E00FFE7FFE71E98C078C006C4
:101A400000283BD5FFE71E98C06E049005281BD8E0
:101A50000499DFE801F003040D16171818E044F2AA
:101A60002C41C5F60201086840F4003008600FE020
:101A700044F22C41C5F60201086840F0805008602D
:101A800006E005E004E003E001208DF86F00FFE7C9
:101A90009DF86F0060B9FFE744F25441C5F60201BA
:101AA000086820F007001E9AD26E1043086004E018
:101AB0009DF86F008DF86E00FFE7FFE71E98C07875
:101AC000800600283BD5FFE71E98006F039005288D
:101AD0001BD80399DFE801F003040D16171818E06E
:101AE00044F22C41C5F60201086840F40030086059
:101AF0000FE044F22C41C5F60201086840F0805026
:101B0000086006E005E004E003E001208DF86F00C6
:101B1000FFE79DF86F0060B9FFE744F25041C5F65A
:101B20000201086820F007001E9A126F1043086037
:101B300004E09DF86F008DF86E00FFE7FFE71E9848
:101B4000C0784006002833D5FFE71E98406F02900A
:101B500098B1FFE70298B0F5805F0ED0FFE70298DA
:101B6000B0F5005F0AD1FFE744F22C41C5F602014F
:101B7000086840F08050086004E003E001208DF820
:101B80006F00FFE79DF86F0060B9FFE744F24C413A
:101B9000C5F60201086820F440501E9A526F1043A7
:101BA000086004E09DF86F008DF86E00FFE7FFE726
:101BB0001E98C0780006002838D5FFE71E98806F71
:101BC0000190C0B1FFE70198B0F5804F0AD0FFE760
:101BD0000198B0F5004F0ED0FFE70198B0F5404FE7
:101BE00009D009E044F22C41C5F60201086840F032
:101BF0008050086004E003E001208DF86F00FFE7EB
:101C00009DF86F0060B9FFE744F24C41C5F6020150
:101C1000086820F440401E9A926F1043086004E068
:101C20009DF86F008DF86E00FFE7FFE71E98C07803
:101C3000000700280DD5FFE744F21041C5F6020168
:101C4000086820F400401E9AD2F8802010430860F3
:101C5000FFE79DF86E0020B9FFE700208DF87F00B8
:101C600003E001208DF87F00FFE79DF87F0020B0A2
:101C700080BD00000000000080B586B00490039194
:101C8000049820B9FFE701208DF8170012E20398AD
:101C900042F20001C5F20021096801F03F018842CB
:101CA00016D9FFE742F20000C5F20020016821F0DA
:101CB0003F01039A11430160006800F03F0003995F
:101CC000884204D0FFE701208DF81700F2E1FFE71A
:101CD000049800784007002819D5FFE704980069A8
:101CE00044F22041C5F60201096801F0070188426B
:101CF0000CD9FFE744F22041C5F60201086820F044
:101D00000700049A126910430860FFE7FFE7049890
:101D100000780007002819D5FFE70498406944F2CD
:101D20002041C5F60201096801F0700188420CD912
:101D3000FFE744F22041C5F60201086820F0700078
:101D4000049A526910430860FFE7FFE7049800789F
:101D5000C006002819D5FFE70498806944F22041A5
:101D6000C5F60201096801F4E06188420CD9FFE779
:101D700044F22041C5F60201086820F4E060049AAC
:101D8000926910430860FFE7FFE704980078800637
:101D9000002819D5FFE70498C06944F22041C5F630
:101DA0000201096801F4E04188420CD9FFE744F2DE
:101DB0002041C5F60201086820F4E040049AD26987
:101DC00010430860FFE7FFE70498007880070028C9
:101DD00019D5FFE70498C06844F21C41C5F602011A
:101DE000096801F00F0188420CD9FFE744F21C4159
:101DF000C5F60201086820F00F00049AD26810436B
:101E00000860FFE7FFE704980078C007002800F0AB
:101E10008080FFE744F21841C5F60201086820F00F
:101E20000F00049A926810430860049840680228E2
:101E30000ED1FFE744F20040C5F6020000688003BF
:101E4000002804D4FFE701208DF8170032E135E0C7
:101E50000498406803280ED1FFE744F20040C5F61D
:101E6000020000688001002804D4FFE701208DF8FB
:101E700017001FE121E00498406801280ED1FFE718
:101E800044F20040C5F602000068C005002804D4F2
:101E9000FFE701208DF817000CE10DE044F200404F
:101EA000C5F6020000684007002804D4FFE70120BF
:101EB0008DF81700FEE0FFE7FFE7FFE744F210416F
:101EC000C5F60201086820F00700049A5268104322
:101ED0000860FEF785FC0190FFE744F21040C5F66C
:101EE0000200006800F0380004994968B0EBC10FA7
:101EF0000ED0FFE7FEF774FC0199401A41F28931D8
:101F0000884204D3FFE703208DF81700D2E0E4E70E
:101F1000FFE7049800788007002819D5FFE70498A8
:101F2000C06844F21C41C5F60201096801F00F01C6
:101F300088420CD2FFE744F21C41C5F60201086852
:101F400020F00F00049AD26810430860FFE7FFE713
:101F5000039842F20001C5F20021096801F03F0137
:101F6000884216D2FFE742F20000C5F20020016865
:101F700021F03F01039A11430160006800F03F0027
:101F80000399884204D0FFE701208DF8170091E003
:101F9000FFE7049800784007002819D5FFE7049868
:101FA000006944F22041C5F60201096801F0070109
:101FB00088420CD2FFE744F22041C5F602010868CE
:101FC00020F00700049A126910430860FFE7FFE75A
:101FD000049800780007002819D5FFE704984069A5
:101FE00044F22041C5F60201096801F070018842FF
:101FF0000CD2FFE744F22041C5F60201086820F048
:102000007000049A526910430860FFE7FFE70498E4
:102010000078C006002819D5FFE70498806944F2CB
:102020002041C5F60201096801F4E06188420CD242
:10203000FFE744F22041C5F60201086820F4E060A1
:10204000049A926910430860FFE7FFE7049800785C
:102050008006002819D5FFE70498C06944F22041A2
:10206000C5F60201096801F4E04188420CD2FFE79D
:1020700044F22041C5F60201086820F4E040049AC9
:10208000D26910430860FFE7FFE700F0BDF840F2B7
:102090000401C2F20041086040F26000C2F2004058
:1020A0000068FEF7CDFB8DF80B009DF80B008DF856
:1020B0001700FFE79DF8170006B080BD0000000084
:1020C00080B584B040F20670C0F60810019040F26E
:1020D0000120C0F20340009000F096F8039044F213
:1020E0001C40C5F60200006800F00F000290029844
:1020F000082809D3FFE7039802996A46114411F8AA
:10210000081CC8400390FFE7039804B080BD00009E
:1021100080B582B0FFF7D4FF019044F22040C5F6AD
:102120000200006800F0070000900098042806D321
:10213000FFE7019800990339C8400190FFE7019833
:1021400002B080BD0000000080B582B0FFF7B8FF8C
:10215000019044F22040C5F602000068C0F302106E
:1021600000900098042806D3FFE7019800990339EE
:10217000C8400190FFE7019802B080BD0000000058
:1021800080B582B0FFF79CFF019044F22040C5F675
:1021900002000068C0F3022000900098042806D3D3
:1021A000FFE7019800990339C8400190FFE70198C3
:1021B00002B080BD0000000080B582B044F238401B
:1021C000C5F60200006800F4FE01012000EB11409A
:1021D000019001F059FD0199B0FBF1F002B080BD12
:1021E00080B582B044F24040C5F60200006800F4B9
:1021F000FE01012000EB1140019001F0D9FD019991
:10220000B0FBF1F002B080BD8BB044F21040C5F6D7
:102210000200006800F0380001460191182800F221
:102220003E810199DFE811F019003B013B013B01C0
:102230003B013B013B013B0134003B013B013B01C6
:102240003B013B013B013B013A003B013B013B01B0
:102250003B013B013B013B01400044F20040C5F61D
:1022600002000068800600280ED5FFE744F2004017
:10227000C5F602000068C0F3C10149F20000C0F2D7
:10228000D030C840039002E000200390FFE70CE14B
:1022900040F60010C0F23D00039006E143F20060FA
:1022A000C0F26E10039000E144F22840C5F602002F
:1022B000016801F0030109910068C0F3051008905E
:1022C00044F22C40C5F60200006800F001000790BF
:1022D000079844F23441C5F60201096889B2C90879
:1022E000484300EE100AB8EE400A8DED050A089842
:1022F000002800F0D080FFE70998009040B1FFE788
:102300000098012844D0FFE70098022864D087E0B5
:1023100044F20040C5F6020000688006002833D56C
:10232000FFE744F20040C5F602000068C0F3C101B7
:1023300049F20000C0F2D030C84006909DED060A78
:10234000B8EE400A9DED081AB8EE411A80EE010A77
:1023500044F23040C5F6020000686FF35F2001EEE2
:10236000100AB8EE411A9DED052A9FED5B3A82EE08
:10237000032A31EE021AB7EE002A31EE021A20EEDD
:10238000010A8DED040A02E000200490FFE76BE0F3
:102390009DED080AB8EE401A9FED500A80EE010A42
:1023A00044F23040C5F6020000686FF35F2001EE92
:1023B000100AB8EE411A9DED052A9FED473A82EECC
:1023C000032A31EE021AB7EE002A31EE021A20EE8D
:1023D000010A8DED040A47E09DED080AB8EE401AA7
:1023E0009FED3C0A80EE010A44F23040C5F602003F
:1023F00000686FF35F2001EE100AB8EE411A9DED00
:10240000052A9FED353A82EE032A31EE021AB7EE25
:10241000002A31EE021A20EE010A8DED040A23E0B3
:102420009DED080AB8EE401A9FED2C0A80EE010AD5
:1024300044F23040C5F6020000686FF35F2001EE01
:10244000100AB8EE411A9DED052A9FED233A82EE5F
:10245000032A31EE021AB7EE002A31EE021A20EEFC
:10246000010A8DED040AFFE744F23040C5F6020090
:10247000006881B2012000EB51200A909DED040A12
:102480009DED0A1AB8EE411A80EE010ABCEEC00AB0
:102490008DED030A02E000200390FFE705E040F61F
:1024A0000010C0F23D000390FFE744F21840C5F66B
:1024B0000200006800F00F0002900298082806D37E
:1024C000FFE7039802990739C8400390FFE7039894
:1024D0000BB07047001BB74B000000460024744A45
:1024E00080B588B00690069820B9FFE701208DF8E6
:1024F0001F00D4E344F21040C5F60200006800F06B
:102500003800049044F22840C5F60200006800F04C
:102510000300039044F20040C5F60200006800F09A
:102520002850029006980078C007002800F0B48078
:10253000FFE70498102807D0FFE7029868B1FFE78B
:102540000398022809D1FFE70698406820B9FFE701
:1025500001208DF81F00A2E39DE0FFE70698406888
:10256000B0F5803F09D1FFE744F20041C5F6020112
:10257000086840F48030086056E00698406888B9E2
:10258000FFE744F20041C5F60201086820F48030FC
:102590000860086820F400200860086820F48020A3
:1025A000086040E006984068B0F5A02F11D1FFE721
:1025B00044F20041C5F60201086840F4802008603A
:1025C000086820F400200860086840F48030086043
:1025D00028E006984068B0F5502F11D1FFE744F28B
:1025E0000041C5F60201086840F4802008600868D0
:1025F00040F400200860086840F48030086010E073
:1026000044F20041C5F60201086820F480300860F9
:10261000086820F480200860086820F40020086022
:10262000FFE7FFE7FFE7FFE7FFE7FEF7D9F80590D1
:1026300006984068B8B1FFE7FFE744F20040C5F6EE
:1026400002000068800300280CD4FFE7FEF7C8F8FA
:102650000599401A652804D3FFE703208DF81F0071
:102660001DE3EAE716E0FFE744F20040C5F602008A
:102670000068800300280CD5FFE7FEF7B1F8059944
:10268000401A652804D3FFE703208DF81F0006E3F6
:10269000EAE7FFE7FFE7FFE70698007880070028F2
:1026A00040F1C480FFE7049840B1FFE7029800289A
:1026B00061D0FFE7039800285DD1FFE70698C06866
:1026C00020B9FFE701208DF81F00E8E244F2004046
:1026D000C5F60200006800F018000190039868B980
:1026E000FFE7029850B1FFE701980699096988420F
:1026F00004D0FFE701208DF81F00D0E244F2004132
:10270000C5F60201086820F0180206980069104317
:1027100040F001000860049890B9FFE744F20040DF
:10272000C5F602000068C0F3C10149F20000C0F222
:10273000D030C84040F20401C2F200410860FFE717
:1027400040F26000C2F200400068FEF779F820B164
:10275000FFE701208DF81F00A1E2FFE744F20441EA
:10276000C5F60201086820F0FE40069A526940EA68
:102770000260086059E00698C06898B3FFE744F229
:102780000041C5F60201086820F01900069BDA68CE
:102790001B691A431043086044F20441C5F6020164
:1027A000086820F0FE40069A526940EA026008601C
:1027B000FEF716F80590FFE744F20040C5F6020068
:1027C0000068400700280CD4FFE7FEF709F80599D8
:1027D000401A022804D3FFE703208DF81F005EE2B1
:1027E000EAE721E044F20041C5F60201086820F062
:1027F00001000860FDF7F4FF0590FFE744F2004098
:10280000C5F602000068400700280CD5FFE7FDF779
:10281000E7FF0599401A022804D3FFE703208DF84B
:102820001F003CE2EAE7FFE7FFE7FFE706980078D2
:10283000C00600285ED5FFE70498082807D0FFE708
:10284000029868B1FFE70398012809D1FFE70698CD
:10285000006A20B9FFE701208DF81F001FE248E061
:102860000698006A10B3FFE744F20041C5F6020182
:10287000086840F080000860FDF7B2FF0590FFE7B0
:1028800044F20040C5F602000068C00500280CD4E0
:10289000FFE7FDF7A5FF0599401A022804D3FFE7DB
:1028A00003208DF81F00FAE1EAE721E044F200413D
:1028B000C5F60201086820F080000860FDF790FF6F
:1028C0000590FFE744F20040C5F602000068C0052D
:1028D00000280CD5FFE7FDF783FF0599401A022871
:1028E00004D3FFE703208DF81F00D8E1EAE7FFE7F4
:1028F000FFE7FFE7069800780007002849D5FFE7C3
:102900000698806910B3FFE744F27441C5F60201EE
:10291000086840F001000860FDF762FF0590FFE7DE
:1029200044F27440C5F602000068800700280CD409
:10293000FFE7FDF755FF0599401A022804D3FFE78A
:1029400003208DF81F00AAE1EAE721E044F2744178
:10295000C5F60201086820F001000860FDF740FF9D
:102960000590FFE744F27440C5F602000068800756
:1029700000280CD5FFE7FDF733FF0599401A022820
:1029800004D3FFE703208DF81F0088E1EAE7FFE7A3
:10299000FFE7069800788006002849D5FFE70698EB
:1029A000C06910B3FFE744F20041C5F602010868B0
:1029B00040F480500860FDF713FF0590FFE744F2F4
:1029C0000040C5F602000068800400280CD4FFE730
:1029D000FDF706FF0599401A022804D3FFE70320FC
:1029E0008DF81F005BE1EAE721E044F20041C5F603
:1029F0000201086820F480500860FDF7F1FE0590A0
:102A0000FFE744F20040C5F6020000688004002899
:102A10000CD5FFE7FDF7E4FE0599401A022804D320
:102A2000FFE703208DF81F0039E1EAE7FFE7FFE742
:102A3000069800784007002840F1AB80FFE744F695
:102A40000001C5F60201086840F480700860FFE7E5
:102A500006988068012809D1FFE744F27041C5F665
:102A60000201086840F00100086054E006988068A0
:102A700088B9FFE744F27041C5F60201086820F00A
:102A800001000860086820F080000860086820F0F5
:102A9000040008603EE006988068052811D1FFE731
:102AA00044F27041C5F60201086840F00400086075
:102AB000086820F080000860086840F001000860A5
:102AC00027E006988068852811D1FFE744F270411D
:102AD000C5F60201086840F004000860086840F08C
:102AE00080000860086840F00100086010E044F2CF
:102AF0007041C5F60201086820F00100086008680E
:102B000020F004000860086820F080000860FFE7FB
:102B1000FFE7FFE7FFE7FFE706988068E0B1FFE720
:102B2000FDF75EFE0590FFE744F27040C5F6020037
:102B30000068800700280ED4FFE7FDF751FE0599D5
:102B4000401A41F28931884204D3FFE703208DF80F
:102B50001F00A4E0E8E71BE0FDF742FE0590FFE759
:102B600044F27040C5F602000068800700280ED5C8
:102B7000FFE7FDF735FE0599401A41F28931884299
:102B800004D3FFE703208DF81F0088E0E8E7FFE7A4
:102B9000FFE70698406A002857D0FFE704981828F6
:102BA00042D1FFE70698406A012804D1FFE70120DF
:102BB0008DF81F0073E044F23440C5F6020000684F
:102BC00080B2C00801900698806C0199884229D093
:102BD000FFE744F22C41C5F60201086820F001002D
:102BE0000860FDF7FDFD0590FFE7FDF7F9FD05998C
:102BF000401A08B9FFE7F8E744F23441C5F602018C
:102C000008684FF6F8729043069A926C40EAC20048
:102C1000086044F22C41C5F60201086840F001004A
:102C20000860FFE7FFE70FE0069901204864069877
:102C300000F12401002001F04FF920B1FFE701204D
:102C40008DF81F002BE0FFE7FFE70698C06C68B126
:102C5000FFE7069800F14C01012001F03DF920B199
:102C6000FFE701208DF81F0019E0FFE70698406F8D
:102C700088B1FFE706990120C1F89400069800F199
:102C80007401022001F028F920B1FFE701208DF83E
:102C90001F0004E0FFE700208DF81F00FFE79DF80C
:102CA0001F0008B080BD000081B00090009A40F283
:102CB0001051C5F6000108681043086001B0704764
:102CC00081B000904EF21001CEF20001086820F0B1
:102CD0000400009A1043086001B070470000000033
:102CE00080B582B00190019801F06EFA02B080BD0B
:102CF00010B5B2B0319010A88421FDF7FCFA002085
:102D00000F900E900D900C900B903198006841F24E
:102D10000001C4F2002188426AD1FFE74FF08050E1
:102D2000109000202B9010A8FDF75AFFFFE7FFE757
:102D300044F25050C5F60200016841F010010160F4
:102D400000680A900A98FFE7FFE7FFE7FFE744F211
:102D50004050C5F60200016841F0020101600068C0
:102D600009900998FFE7FFE7FFE7FFE744F24050CB
:102D7000C5F60200016841F0020101600068089098
:102D80000898FFE7FFE74FF480400B900220059082
:102D90000C90012001900D90032006900E900420CD
:102DA00002900F9040F20040C5F6020003900BA97C
:102DB0000491FDF77DFBDDF804C0029A03980499A5
:102DC000069BDDF814E04FF400440B94CDF830E09E
:102DD000CDF834C00E930F92FDF76AFB069952208E
:102DE00007900022FDF7F8FD0798FDF7E9FDFFE7E2
:102DF00032B010BD0000000080B582B00190019893
:102E0000006841F20001C4F2002188426AD1FFE764
:102E100040F2EC20C2F2004000880004002855D4A3
:102E2000FFE740F2EC20C2F2004000884004002896
:102E300019D5FFE740F24010C2F2004000780A289E
:102E400007D0FFE740F2EC21C2F2004100200880E9
:102E500008E040F2EC21C2F20041088840F4004052
:102E60000880FFE731E040F24010C2F200400078F5
:102E70000D2809D1FFE740F2EC21C2F20041088899
:102E800040F4804008801FE040F24010C2F2004051
:102E9000017840F2EC20C2F2004003886FF39F33C8
:102EA00040F22422C2F20042D15401880131018053
:102EB0000088C82807DBFFE740F2EC21C2F200419E
:102EC00000200880FFE7FFE7FFE7FFE740F29010F0
:102ED000C2F2004040F24011C2F20041012202F071
:102EE000F9FDFFE702B080BD80B58CB00A90099172
:102EF0000892002000908DF81F008DF81D000690AC
:102F0000059004900390029001908DF81E00FFE759
:102F10009DF81E00012812D8FFE79DF81E10481CDE
:102F200001EB410201A901EB8201C0B201F0ACF951
:102F3000FFE79DF81E0001308DF81E00E8E745F21E
:102F40000000C5F200200068C00778B1FFE745F235
:102F50000001C5F20021086820F0010008609DF81A
:102F60001D0040F001008DF81D00FFE74AF200004F
:102F7000C5F200200068C00778B1FFE74AF20001FF
:102F8000C5F20021086820F0010008609DF81D00CE
:102F900040F002008DF81D00FFE74BF20041C5F242
:102FA000002100200860086820F47F00099A9368D7
:102FB0000022CFF6FF7202EB0342104308600A982A
:102FC000006845F20001C5F20021884215D1FFE7F3
:102FD0000998406802900998006860B1FFE74BF2D9
:102FE0000041C5F20021086820F03000099A1268FB
:102FF0001043086000E0FFE722E00A9800684AF208
:103000000001C5F20021884215D1FFE70998406808
:1030100005900998006860B1FFE74BF20041C5F2E6
:103020000021086820F05000099A126810430860D7
:1030300000E0FFE703E001208DF82F0055E0FFE7F7
:1030400000208DF81E00FFE79DF81E0058BBFFE72B
:103050009DF81E0000EB400101A800EB81014868CB
:103060000969884209D1FFE74BF20041C5F200210E
:10307000086840F00100086000E0FFE702980128BE
:1030800009D1FFE74BF20041C5F20021086840F08A
:103090000200086000E0FFE7FFE79DF81E00013036
:1030A0008DF81E00D0E79DF81D00C00748B1FFE76E
:1030B00045F20001C5F20021086840F001000860F7
:1030C000FFE79DF81D008007002809D5FFE74AF2B9
:1030D0000001C5F20021086840F001000860FFE728
:1030E0009DF81F008DF82F00FFE79DF82F000CB012
:1030F00080BD00000000000080B588B007900691F8
:103100000592FDF76DFB039007980068806C0290B4
:1031100007980068D0F8100101900798406D0428C6
:1031200073D1FFE70698C068B0F5800F6DD1FFE757
:103130000798039B05996A4611602021002201F03F
:103140009FFA8DF813009DF81300002858D1FFE76F
:103150000698006807990968C1F8880006984068D1
:1031600007990968C1F880000698006907990968FD
:10317000C1F8900007980068006820F04351069A53
:103180009068D2681043084340F0005007990968DE
:1031900008600798C068B0F1806F05D1FFE702981A
:1031A00007990968886413E007980068D0F800015F
:1031B00010F4E06F05D0FFE702980799096888646A
:1031C00005E0019807990968C1F81001FFE7FFE7DA
:1031D0000798039B05996A4611600821012201F0B6
:1031E0004FFA8DF813009DF8130040B9FFE70798D8
:1031F000016808204862079902204865FFE703E05C
:1032000002208DF81300FFE706E001208DF813007F
:10321000079910208865FFE79DF8130008B080BD6E
:1032200080B588B0079006910592FDF7D9FA029013
:103230000798806808B9FFE7FFE70698C06808B1FB
:10324000FFE7FFE70698C06908B1FFE7FFE70698C8
:10325000C06A08B1FFE7FFE70698806B30B1FFE76F
:103260000698006808B9FFE7FFE7FFE70798406D99
:1032700003900398022806D1FFE70798C068B0F1D1
:10328000806F1CD1FFE7039814280AD1FFE7069846
:103290000068022813D0FFE70698006803280ED0C4
:1032A000FFE70398242877D1FFE7069800680128F4
:1032B00005D0FFE70698006803286DD1FFE707985F
:1032C000029B05996A4611602021002201F0D8F97D
:1032D0008DF813009DF81300002858D1FFE70799D7
:1032E000002088650798069901F046F88DF81300CC
:1032F0009DF81300002849D1FFE70698806B90B92C
:10330000FFE70798029B05996A4611600221019127
:10331000012201F0B5F9014601988DF813100799C3
:103320000968486231E00698006820B9FFE707990C
:103330000420486528E00698006801280ED1FFE7C0
:103340000798406D242804D1FFE7079904204865B9
:1033500003E0079914204865FFE714E00698006829
:1033600002280ED1FFE70798406D142804D1FFE72B
:1033700007990420486503E0079924204865FFE782
:1033800000E0FFE7FFE7FFE7FFE7FFE703E00220DA
:103390008DF81300FFE706E001208DF81300079970
:1033A00010208865FFE79DF8130008B080BD00007D
:1033B00080B582B0019000208DF80300019820B9FB
:1033C000FFE701208DF8030012E00198016808680A
:1033D00020F00100086001980168886820F0020070
:1033E0008860019800F008FA019900204865FFE71D
:1033F0009DF8030002B080BD80B588B007900691AB
:103400000592FDF7EDF902900798406D039003983F
:10341000012804D0FFE70398022826D1FFE7079888
:10342000029B05996A4611602021002201F028F9CB
:103430008DF813009DF8130090B9FFE7069908680E
:103440004B688A68C968000440EA032010430843B7
:1034500007990968C1F8000207990220486503E04E
:1034600002208DF81300FFE706E001208DF813001D
:10347000079910208865FFE79DF8130008B080BD0C
:1034800080B586B0059004910392FDF7A9F90190EB
:103490000598406D022856D1FFE70598C068B0F145
:1034A000806F50D1FFE70598019B03996A46116030
:1034B0002021002201F0E4F88DF80B009DF80B00AC
:1034C000E0BBFFE705980068006820F040500599D0
:1034D0000968086005980068806820F08070049989
:1034E00009680843059909688860049A9168106919
:1034F00052691043084340F60041C0F600010843FA
:10350000059A1268C2F80001049B9A6818695B6901
:1035100018431043084305990968C1F880010498CD
:10352000C0680138059909680864049840680599DD
:103530000968886405990420486503E002208DF835
:103540000B00FFE706E001208DF80B000599102025
:103550008865FFE79DF80B0006B080BD0000000005
:1035600080B586B0049000208DF80F00FDF738F983
:103570000290049820B9FFE701208DF80F00E0E0E9
:103580000499002088650498406D002840F0D88098
:10359000FFE7049800F05CF9049841F2883100F0EC
:1035A000A7FA0498006880684CF2FC01CFF6E001AD
:1035B0000840DDF810C0DCF80010DCF80C20DCF866
:1035C0001030DCF814E042EA03436FF0FF0202EB34
:1035D0000E2E43EA0E03DCF81CC043EA0C0318432A
:1035E000886004980068C06820F4E020049B196893
:1035F0001B6A1843C86004980068006920F4F8103A
:10360000049B19681B6B40EA03400861049800683A
:10361000006920F0FF00049B19685B6B1843086188
:1036200004980168806B486104980068006820F481
:103630007C50049B19685B6802EB0322104308600E
:103640000498029BC16D6A4611602021002201F09E
:1036500017F88DF80F009DF80F0000286FD1FFE7D5
:1036600004980068C06820F0FF00049A1168526A4C
:103670001043C8600498006845F20001C5F20021BB
:10368000884209D0FFE7049800684AF20001C5F2B9
:103690000021884215D1FFE70498029BC16D6A465C
:1036A00011602021002200F0EBFF8DF80F009DF843
:1036B0000F0028B1FFE79DF80F008DF8170045E0D7
:1036C000FFE70498006800684FF6BF71CFF6FF610E
:1036D0000840049B19689A68DB6B1A431043086022
:1036E00004980068D0F8080120F0A040049B1968F5
:1036F0009A6ADB6A1A431043C1F80801049801680A
:10370000086840F00100086004988069022807D129
:10371000FFE704980168886840F002008860FFE7CE
:103720000498C068B0F1806F04D1FFE704990120CC
:10373000486503E0049902204865FFE7FFE7FFE7DB
:10374000FFE79DF80F008DF81700FFE79DF81700C1
:1037500006B080BD0000000080B586B005900491E1
:10376000FDF73EF802900598406D042837D1FFE739
:103770000598029BC16D6A4611602021002200F06D
:103780007FFF8DF80F009DF80F0038BBFFE705990C
:103790008820486504980068082811D1FFE704983C
:1037A000406805990968C1F8300105980168102042
:1037B000486205980168086840F480100860FFE7D7
:1037C00005980068006820F0080104980068084324
:1037D00040F04050059909680860FFE706E00120C5
:1037E0008DF80F00059910208865FFE79DF80F0000
:1037F00006B080BD0000000080B582B00190019845
:10380000006845F20001C5F2002188421BD1FFE7A4
:1038100044F23451C5F60201086820F48040086083
:10382000086820F02000086043F60040C5F602005A
:10383000FF21FCF799FD43F60000C5F602001521B3
:10384000FCF792FDFFE702B080BD00000000000021
:1038500080B5B0B02F900EA88421FCF74CFD00205D
:103860000D900C900B900A9009902F98006845F2EB
:103870000001C5F20021884267D1FFE702200E90C7
:10388000102010900EA8FDF7ABF9FFE744F234507A
:10389000C5F60200016841F48041016000680890AB
:1038A0000898FFE7FFE744F23450C5F602000168CC
:1038B00041F020010160006807900798FFE7FFE7EB
:1038C00044F24050C5F60200016841F40041016035
:1038D000006806900698FFE7FFE744F24050C5F6FF
:1038E0000200016841F4804101600068059005987C
:1038F000FFE7FF200990022000900A90002001902D
:103900000B90032002900C90092003900D9043F639
:103910000040C5F6020009A90491FCF7C9FDDDF8D5
:1039200000C0019B029A039804994FF0150ECDF840
:1039300024E0CDF828C00B930C920D9043F60000C4
:10394000C5F60200FCF7B4FDFFE730B080BD000013
:1039500080B58AB0099008910792FCF741FF059065
:10396000099800685030049009980068806C0390B2
:1039700009980068D0F810010290089838B9FFE75C
:1039800001208DF81B0009990820886581E00998BD
:10399000406D042875D1FFE709980068006C01307C
:1039A000099988640998806C09994864089809996C
:1039B0000864099800680068012161F31D70099985
:1039C000096808600998C068B0F1806F05D1FFE709
:1039D000039809990968886413E009980068D0F889
:1039E000000110F4E06F05D0FFE70398099909681A
:1039F000886405E0029809990968C1F81001FFE799
:103A0000FFE7FFE70998059B07996A4611600621C1
:103A1000012200F035FE8DF81B009DF81B0008B157
:103A2000FFE712E0049800780999096C0870099979
:103A3000086C013008640999886C01388864FFE7D4
:103A40000998806C0028DDD1FFE79DF81B00B8B90C
:103A5000FFE70998059B07996A4611600221012238
:103A600000F00EFE8DF81B009DF81B0038B9FFE733
:103A7000099801680220486209994865FFE7FFE755
:103A800006E001208DF81B00099910208865FFE7EA
:103A9000FFE79DF81B000AB080BD00000000000099
:103AA00083B00290019100208DF803000298406DD0
:103AB000000700280ED4FFE7019802994862029897
:103AC0000068C06820F0FF00029A1168526A104333
:103AD000C86006E001208DF8030002991020886577
:103AE000FFE79DF8030003B07047000000000000EE
:103AF00082B00190009100980199C865002002B041
:103B0000704700000000000080B588B00790069163
:103B10000592FCF765FE039007980068503002900C
:103B2000069838B9FFE701208DF81300079908209F
:103B3000886561E00798406D042855D1FFE7079834
:103B40000068006C0130079988640798806C0799B9
:103B5000486406980799086407980068006820F090
:103B60004050079909680860FFE70798039B05998B
:103B70006A4611600421012200F082FD8DF81300D5
:103B80009DF8130008B1FFE712E00798006C007879
:103B9000029908700799086C013008640799886CCD
:103BA00001388864FFE70798806C0028DDD1FFE7C3
:103BB0009DF81300B8B9FFE70798039B05996A467B
:103BC00011600221012200F05BFD8DF813009DF8C9
:103BD000130038B9FFE70798016802204862079987
:103BE0004865FFE7FFE706E001208DF8130007991D
:103BF00010208865FFE7FFE79DF8130008B080BD3F
:103C0000FFE7FEE700000000FFE7FEE7000000001E
:103C1000FFE7FEE70000000088B0079006910592DC
:103C2000079800F0070004900498C0F107000528E9
:103C300003D3FFE70420019004E00498C0F10700DB
:103C40000190FFE70198039004980430062803D8F8
:103C5000FFE70020009003E0049803380090FFE79E
:103C60000098029006980399012202FA01F10139A5
:103C70000840029B984005999A40013A1140084338
:103C800008B070470000000089B044F22840C5F633
:103C900002000068079044F23840C5F60200006850
:103CA00006900798C0F30530049006986FF35F20E4
:103CB00001300390049818B9FFE70020089070E0E5
:103CC00044F22C40C5F6020000680005002809D522
:103CD000FFE744F23C40C5F60200006880B2C0082D
:103CE000029002E000200290FFE7079800F0030036
:103CF0000146009140B1FFE70098012825D0FFE779
:103D0000009802281BD026E044F20040C5F60200CD
:103D10000068800600280ED5FFE744F20040C5F693
:103D200002000068C0F3C10149F20000C0F2D030C7
:103D3000C840059002E000200590FFE70EE043F246
:103D40000060C0F26E10059008E040F60010C0F26E
:103D50003D00059002E000200590FFE79DED050A7B
:103D6000B8EE400A9DED041AB8EE411A80EE010A41
:103D70009DED031AB8EE411A9DED022AB8EE422AD3
:103D80009FED093A82EE032A31EE021A20EE010A73
:103D90008DED010A9DED010ABCEEC00A8DED080A09
:103DA000FFE7089809B070470000004600000000D7
:103DB00089B044F22840C5F602000068079044F23A
:103DC0004040C5F60200006806900798C0F3055011
:103DD000049006986FF35F2001300390049818B99F
:103DE000FFE70020089070E044F22C40C5F6020086
:103DF00000684002002809D5FFE744F24440C5F6B8
:103E00000200006880B2C008029002E00020029028
:103E1000FFE7079800F003000146009140B1FFE77B
:103E20000098012825D0FFE7009802281BD026E043
:103E300044F20040C5F602000068800600280ED556
:103E4000FFE744F20040C5F602000068C0F3C1017C
:103E500049F20000C0F2D030C840059002E00020D6
:103E60000590FFE70EE043F20060C0F26E1005908F
:103E700008E040F60010C0F23D00059002E000208E
:103E80000590FFE79DED050AB8EE400A9DED041A86
:103E9000B8EE411A80EE010A9DED031AB8EE411A00
:103EA0009DED022AB8EE422A9FED093A82EE032ADE
:103EB00031EE021A20EE010A8DED010A9DED010A94
:103EC000BCEEC00A8DED080AFFE7089809B07047FC
:103ED000000000460000000080B58AB008900791FD
:103EE00000208DF80F00089944F23040C5F602001A
:103EF00000EBC1000690089944F2C040C5F60200EC
:103F000000EB8100059008980B2141434FF4787035
:103F100000FA01F244F22C41C5F602010868904310
:103F20000860089841004FF0807000FA01F244F2F6
:103F30000041C5F60201086890430860FCF750FC98
:103F40000290FFE744F20040C5F6020000680899BD
:103F50004900C840800100280CD5FFE7FCF740FC71
:103F60000299401A332804D3FFE703208DF8270075
:103F700023E1E7E707980068022840F00981FFE79E
:103F8000079840680190019870B9FFE744F200403B
:103F9000C5F602000068C0F3C10149F20000C0F29A
:103FA000D030C840009010E00198022806D1FFE709
:103FB00043F20060C0F26E10009005E040F6001081
:103FC000C0F23D000090FFE7FFE70098079989687D
:103FD000B0FBF1F00090009841F20021C0F27A01AC
:103FE000884203D3FFE7182000901AE0009840F6BB
:103FF0000011C0F23D01884203D3FFE7102000907A
:104000000EE0009848F28041C0F21E01884203D3BE
:10401000FFE70820009002E002200090FFE7FFE7A2
:10402000FFE7009808990B2251438840009044F222
:104030002840C5F602000168089A4FEAC20C4FF406
:104040007C7202FA0CF2914321F00301019A079B62
:104050009B680CF1040C03FA0CF31A431143016042
:10406000006800F003000199884204D0FFE70120B6
:104070008DF82700A1E044F22C41C5F60201086842
:10408000089A0B2353431B229A409043009A1043F3
:1040900008600799C868D1F810C04B698969013870
:1040A0004FF60062CFF6FF7202EB4C221043002263
:1040B000CFF6FF7202EB03421043013940EA016080
:1040C000069908600799C8690A6A01386FF0FF010C
:1040D00001EB0221084305990860089848B9FFE7F9
:1040E00044F22C41C5F60201086840F02000086047
:1040F000FFE70798406A08B3FFE7089944F23440A5
:10410000C5F6020000EBC1000490049800684FF669
:10411000F87188430799496A40EAC1000499086028
:1041200008980B214143012000FA01F244F22C418E
:10413000C5F60201086810430860FFE708984100CF
:104140004FF0807000FA01F244F20041C5F602011E
:10415000086810430860FCF743FB0290FFE744F255
:104160000040C5F60200006808994900C840800177
:1041700000280CD4FFE7FCF733FB0299401A3328E0
:1041800004D3FFE703208DF8270016E0E7E70FE0F0
:1041900044F22841C5F602010868089AD200131DAE
:1041A0004FF47C729A40904340F003000860FFE7B0
:1041B0009DF80F008DF82700FFE79DF827000AB053
:1041C00080BD00000000000080B582B00090009823
:1041D0000138B0F1807F03D3FFE70120019019E09F
:1041E000009801384EF21401CEF2000108604FF041
:1041F000FF300F2100F0A4FA4EF21801CEF20001B8
:10420000002008604EF21002CEF200020721116079
:104210000190FFE7019802B080BD0000000000009F
:1042200080B5FCF7E5FA42F2B460C2F206400078CD
:1042300048B1FFE701F053FC012803D0FFE701F08C
:1042400053FCFFE7FFE780BD40F20000C0F600002E
:104250004EF60851CEF2000108604EF68851CEF2BB
:104260000001086840F4700008607047000000001A
:1042700080B540F29010C2F2004001F03AFC80BDDF
:10428000FFE7FEE70000000084B08DF80F00029108
:104290009DF80F00012832D1FFE74BF20040C5F234
:1042A000002000688007002804D4FFE7029900205E
:1042B000486003E0029901204860FFE74BF20040AC
:1042C000C5F20020006800F01000102804D0FFE7BD
:1042D00002990020086011E04BF20040C5F2002076
:1042E00000688006002804D5FFE702997020086066
:1042F00003E0029910200860FFE7FFE739E04BF286
:104300000040C5F20020016801F001010191006840
:10431000C0F34000009001980099884204D0FFE764
:1043200002990020486003E0029901204860FFE7FD
:104330004BF20040C5F20020006800F01000102889
:1043400004D0FFE702990020086011E04BF2004022
:10435000C5F2002000684006002804D5FFE7029956
:104360007020086003E0029910200860FFE7FFE773
:10437000FFE704B07047000080B588B00790069151
:1043800000208DF8170007980068006820F0405062
:104390000799096808600798806860B9FFE707987F
:1043A0000068006820F04040069949680843079972
:1043B00009680860FFE706980068022815D1FFE742
:1043C0000798006800F5C07004900798006800F531
:1043D000C47003900798006800F5C87002900798B1
:1043E000006800F5D07001902FE00698006803285F
:1043F00015D1FFE70798006800F5A07004900798B2
:10440000006800F5A47003900798006800F5A87094
:1044100002900798006800F5B070019014E00798CA
:10442000006800F5807004900798006800F58470BB
:1044300003900798006800F588700290079800685C
:1044400000F590700190FFE7FFE70698806C0499F3
:1044500008600698C06A90B1FFE70698806A0199E3
:1044600008600498006820F47C10069BD96A1A6BD7
:104470005B6B19431143084304990860FFE70398F5
:10448000006820F01F000699496C084303990860F2
:104490000698806B60B1FFE70698006838B9FFE7BF
:1044A0000698C06B0138079909680864FFE7FFE7C1
:1044B0000698C068002800F0A280FFE70698C0694F
:1044C000002859D0FFE70698806B00B3FFE70498F7
:1044D00000684CF2C001CFF2FF010840069A00923A
:1044E000D168D2F810C0D2F814E0D36941EA0E01C5
:1044F00041EA0C011943536A1943136A1943936B38
:104500001943126C11430843049908602AE0049887
:10451000006843F63F718843069AD168D2F810C00C
:10452000D2F814E0D36941EA0E0141EA0C011943C3
:10453000536A1943126A11430843049908600798A3
:10454000C06AB0F1805F0CD1FFE706984069082887
:1045500007D1FFE70498006840F000600499086004
:10456000FFE7FFE70698806802990860069880696F
:1045700007990968886441E00698806BC8B1FFE735
:10458000049800684FF6C071CFF2FF010840069A08
:10459000D168D2F810C0D2F814E0936B41EA0E0152
:1045A00041EA0C011943126C114308430499086055
:1045B0001FE00498006820F03F00069BD9681A6944
:1045C0005B69194311430843049908600798C06A5E
:1045D000B0F1805F0CD1FFE706984069082807D149
:1045E000FFE70498006840F0006004990860FFE766
:1045F000FFE70698806802990860FFE73CE00698AC
:10460000C06988B3FFE70698806BC8B1FFE70498DC
:1046100000684CF2FF01CFF2FF010840069AD16911
:10462000D2F820C0D2F824E0936B41EA0E0141EAAF
:104630000C011943126C11430843049908600DE002
:104640000498006820F47C50069BD9691A6A5B6A5A
:1046500019431143084304990860FFE706988069ED
:1046600007990968886406E001208DF8170007990A
:1046700008208865FFE7FFE79DF8170008B080BDB8
:1046800080B586B0DDF820C0049003918DF80B2032
:104690000193FFE704980068006A03990840002826
:1046A00018BF01209DF80B1088421ED0FFE7089824
:1046B0000130C8B1FFE7FCF793F80199401A089957
:1046C000884203D8FFE7089868B9FFE704994FF4D8
:1046D000007048650499886D40F0010088650320EA
:1046E0008DF8170005E0FFE7D4E700208DF81700EC
:1046F000FFE79DF8170006B080BD00000000000035
:1047000081B0ADF80200BDF9020000280ED4FFE729
:10471000BDF9021001F01F02012090404A094EF23B
:104720000011CEF2000141F82200FFE701B070470E
:104730004EF60C50CEF200000068C0F30220704725
:1047400082B0ADF806000091BDF9060000280AD439
:10475000FFE700980001BDF906104EF20042CEF2CC
:10476000000288540BE000980001BDF8061001F02B
:104770000F014EF61452CEF200028854FFE702B049
:10478000704700000000000083B00290029800F023
:10479000070000904EF60C51CEF20001086801901F
:1047A00001984FF6FF02104001900198009A40EAEC
:1047B00002200022C0F2FA521043019001980860D2
:1047C00003B070470000000080B582B0ADF806006D
:1047D0000420FEF775FABDF8060040F28C01C2F223
:1047E00000410860BDF80600009000984FF47A710F
:1047F000484300904EF21001CEF20001086840F0EC
:104800000200086000984EF21402CEF2000210601E
:10481000086840F00100086002B080BD00000000A0
:1048200080B582B0ADF8060000200090FFE7009848
:10483000BDF80610884209D2FFE74FF47A7000F005
:1048400007F8FFE7009801300090F0E702B080BD64
:1048500086B00590002001904EF21400CEF20000C8
:1048600000680090059840F28C01C2F2004109688E
:10487000484304904EF21800CEF200000068039006
:10488000FFE74EF21800CEF2000000680290029896
:10489000039988421ED0FFE702980399884207D205
:1048A000FFE703980299411A01980844019008E033
:1048B00000980299401A0399014401980844019014
:1048C000FFE70298039001980499884201D3FFE71B
:1048D00001E0FFE7D5E706B07047000000000000E8
:1048E00082B001900091FFE741F21C00C4F2002069
:1048F00000684006002801D4FFE7F5E79DF80400B2
:1049000041F22801C4F200210860019802B070470A
:1049100080B582B000F094F800F022F8FBF778FF41
:104920004FF496700621022200F0C6FC4FF4167078
:10493000FFF74AFF4FF4E13001F0A6F801F0DEF88E
:1049400001F0E1F801F0E4F80020019001F0E5F851
:10495000012001F0E2F801F0E5F8019802B080BD15
:1049600083B04EF61450CEF2000000688003002899
:1049700001D5FFE71AE0BFF34F8FBFF36F8F4EF6FD
:104980005071CEF2000100200860BFF34F8FBFF3DB
:104990006F8F4EF61451CEF20001086840F40030DB
:1049A0000860BFF34F8FBFF36F8FFFE74EF61450D1
:1049B000CEF200000068C003002801D5FFE73CE00C
:1049C0004EF68451CEF2000100200860BFF34F8FF5
:1049D0004EF68050CEF20000006802900298C0F3BC
:1049E0004E300190FFE70298C0F3C9000090FFE746
:1049F00001990098800761F34D104EF66071CEF278
:104A0000000108600098411E00910028F0D1FFE7E6
:104A10000198411E01910028E5D1FFE7BFF34F8FB8
:104A20004EF61451CEF20001086840F48030086060
:104A3000BFF34F8FBFF36F8FFFE703B070470000E6
:104A400010B58AB000200290099008900790069057
:104A50000590FBF77DFF0298012103918DF8181056
:104A6000059A531C05938DF8192007901F228DF885
:104A7000202087228DF821208DF822008DF8230038
:104A80008DF824108DF825008DF826008DF827006C
:104A900006A80490FBF718FF029A039904988DF872
:104AA0001810059B03F1010CCDF814C08DF81930D6
:104AB0004FF0005307930F238DF820308DF82120FD
:104AC0008DF82210032301938DF823308DF82420D4
:104AD0008DF825108DF826108DF82710FBF7F4FEC1
:104AE000019B029A039904988DF81810DDF814C000
:104AF0000CF1010ECDF814E08DF819C04FF0105CE8
:104B0000CDF81CC04FF0120C8DF820C08DF821207C
:104B10008DF822108DF823308DF824208DF8251083
:104B20008DF826108DF82710FBF7CEFE019B029A18
:104B3000039904988DF81810DDF814C00CF1010EDB
:104B4000CDF814E08DF819C04FF0405CCDF81CC0D2
:104B50004FF00E0C8DF820C08DF821208DF822101A
:104B60008DF823308DF824208DF825108DF826102F
:104B70008DF82710FBF7A8FE019B0299039A049871
:104B80008DF81820DDF814C00CF1010ECDF814E0FA
:104B90008DF819C04FF0C04CCDF81CC04FF0190C67
:104BA0008DF820C08DF821108DF822108DF823305B
:104BB0008DF824208DF825208DF826108DF82710EB
:104BC000FBF782FE019B029A039904988DF8181056
:104BD000DDF814C00CF1010ECDF814E08DF819C009
:104BE0004FF0104CCDF81CC04FF0180CCDF800C0A1
:104BF0008DF820C08DF821208DF822108DF82330FB
:104C00008DF824208DF825108DF826108DF82710AA
:104C1000FBF75AFEDDF800C0019B029A0399049845
:104C20008DF81810DDF814E00EF1010405948DF8EC
:104C300019E04FF0E04ECDF81CE08DF820C08DF863
:104C400021208DF822108DF823308DF824208DF846
:104C500025108DF826108DF82710FBF735FE04205F
:104C6000FBF78EFE0AB010BD80B5A8B0269013A841
:104C70004C21FBF740FB00201290119010900F90F8
:104C80000E900D900C90269820B9FFE701208DF82A
:104C90009F00FDE200200A90139014906621159168
:104CA00001211691179018901A901E90219024902F
:104CB0002590269813A941F28832FEF7B1FA20B167
:104CC000FFE701208DF89F00E2E200200990139099
:104CD00014909921159101211691179018901A900E
:104CE0001E90219024902590269813A941F2883295
:104CF000FEF796FA20B1FFE701208DF89F00C7E28A
:104D000000F0CAFA002008901390149046F29961BE
:104D10001591042116911021179118901A901E9048
:104D2000219024902590269813A941F28832FEF70D
:104D300077FA20B1FFE701208DF89F00A8E200205C
:104D400007901390149049F666111591042116915D
:104D50001021179118901A901E9021902490259060
:104D6000269813A941F28832FEF75AFA20B1FFE7DC
:104D700001208DF89F008BE200F08EFA0020139046
:104D8000149046F299611591042116911021179102
:104D9000082118911A901E90219024904FF00050F5
:104DA0002590269813A941F28832FEF739FA20B1EE
:104DB000FFE701208DF89F006AE200201390149015
:104DC00049F66611159104211691102117910821B9
:104DD00018911A901E90219024904FF00050259029
:104DE000269813A941F28832FEF71AFA20B1FFE79C
:104DF00001208DF89F004BE200F04EFA0020069053
:104E00001390149005211591012116911790189077
:104E10001A901E904FF0807221922291239024903C
:104E20002590269813A941F28832FEF7F9F920B1AE
:104E3000FFE701208DF89F002AE200200E9001215B
:104E40000F9110904FF4800011901020129026982E
:104E50000EA941F28832FEF74FF920B1FFE7012099
:104E60008DF89F0014E200200590139014909F216C
:104E7000159101211691179018901A901E904FF0DD
:104E800080712191032122912390249025902698CE
:104E900013A941F28832FEF7C3F920B1FFE70120E0
:104EA0008DF89F00F4E126980BA941F28832FEF7B5
:104EB0004FFD20B1FFE701208DF89F00E8E10B983E
:104EC00048F2C201C0F23901884204D0FFE7012054
:104ED0008DF89F00DCE10020049013901490712164
:104EE0001591012116911790189019904FF4807226
:104EF0001A924FF440521B921C901E904FF08072F9
:104F000021922291239024902590269813A941F272
:104F10008832FEF785F920B1FFE701208DF89F0068
:104F2000B6E126980BA941F28832FEF711FD20B1B7
:104F3000FFE701208DF89F00AAE100200390139065
:104F400014900621159101211691179018901A902E
:104F50001E90219024902590269813A941F2883222
:104F6000FEF75EF920B1FFE701208DF89F008FE189
:104F700000200290139014900521159101211691A3
:104F8000179018901A901E904FF0807221922291E3
:104F9000239024902590269813A941F28832FEF799
:104FA0003FF920B1FFE701208DF89F0070E102205A
:104FB0000E900F90002010904FF480001190102060
:104FC000129026980EA941F28832FEF795F820B18A
:104FD000FFE701208DF89F005AE19DF82C0000F0BA
:104FE000FC008DF82C009DF82C0040F002008DF89C
:104FF0002C00002001901390149072211591012132
:1050000016911790189019904FF480721A924FF4DD
:1050100040521B921C901E904FF080722192229160
:10502000239024902590269813A941F28832FEF708
:10503000F7F820B1FFE701208DF89F0028E12698BE
:105040000BA941F28832FEF75FFD20B1FFE7012096
:105050008DF89F001CE100211391149147F28E10EE
:105060001590042016901022179208221892199178
:105070004FF480621A924FF440521B924FF4006238
:105080001C921E914FF08062219201222292239164
:1050900024904FF000502590269813A941F28832B1
:1050A000FEF7BEF820B1FFE701208DF89F00EFE08A
:1050B00026980BA941F28832FEF74AFC20B1FFE79F
:1050C00001208DF89F00E3E09DF82C0000F0030024
:1050D000022804D0FFE701208DF89F00D8E0269831
:1050E0000121FEF7DDFC20B1FFE701208DF89F00D4
:1050F000CEE000201390149040F2F9611591042144
:10510000169110211791082118911A901E90219044
:1051100024904FF000502590269813A941F2883230
:10512000FEF77EF820B1FFE701208DF89F00AFE089
:1051300000211391149140F2FA501590042016901A
:10514000102217920822189219914FF480621A9235
:105150004FF440521B924FF400621C921E914FF08C
:105160008062219201222292239124904FF00050DC
:105170002590269813A941F28832FEF751F820B104
:10518000FFE701208DF89F0082E002200E900F9033
:10519000002010904FF4800011901020129026985B
:1051A0000EA941F28832FDF7A7FF20B1FFE70120E9
:1051B0008DF89F006CE001201390002014904EF6B3
:1051C0001161159104211691102117910821189150
:1051D0004FF480611A914FF440511B914FF40061DC
:1051E0001C911E904FF0806021904FF00060239042
:1051F000142024904FF000502590269813A941F2D6
:105200008832FEF70DF820B1FFE701208DF89F00EE
:105210003EE0022013900020149041F2ED21159100
:105220000421169110211791082118914FF48061E3
:105230001A914FF440511B914FF400611C911E9044
:105240004FF0806121914FF00061239124904FF045
:1052500000502590269813A941F28832FDF7E0FF0F
:1052600020B1FFE701208DF89F0011E008200C908D
:1052700000200D9026980CA9FEF76EFA20B1FFE7EA
:1052800001208DF89F0003E000208DF89F00FFE7CC
:105290009DF89F0028B080BD81B042F21070009050
:1052A000FFE700980138009008B1FFE7F9E701B087
:1052B000704700000000000080B592B010900F9180
:1052C0000E92002002900D900C900B900A90099085
:1052D0000890079006900420FBF79EFB20B1FFE7A3
:1052E00001208DF84700BBE0FBF762FCFBF76CFC8C
:1052F000FFE744F25450C5F60200016841F0020194
:105300000160006805900598FFE74FF40030FDF755
:10531000CBFC4FF48020FDF7C7FC0120FBF7ECFB32
:1053200020B1FFE701208DF8470099E0FBF714FC5E
:1053300020B1FFE701208DF8470091E0FFE744F23C
:105340003C50C5F60200016841F000510160006860
:1053500004900498FFE7FFE744F23C50C5F60200D2
:10536000016841F080410160006803900398FFE705
:1053700042F21860C2F206400090292101604FF409
:1053800080314160012181614FF48051C16102226D
:105390000192426282620F99C162109901630E9973
:1053A00041638263C2630264426400218164C26417
:1053B00002654FF0060EC0F854E04FF4967CC0F83A
:1053C00058C0C2650C230366426603238366C0F897
:1053D0006CE00167426782674FF0180EC0F87CE00E
:1053E000C0F880C0C0F884204FF00F0CC0F888C00F
:1053F000C0F88C20C0F89030C0F89420C0F8981005
:10540000FDF76EF820B1FFE701208DF8470027E097
:105410003F20069003200790002008900820099064
:1054200004200A9040200B904FF480600C904FF4C1
:1054300080400D9006A83721FCF71EFC20B1FFE745
:1054400001208DF847000BE000F09AFA42F2B461B7
:10545000C2F206410120087000208DF84700FFE7E6
:105460009DF8470012B080BD80B5AAB0289015A85D
:105470004C21FAF740FF00201490139012901190E5
:1054800010900F900E90289820B9FFE701208DF81A
:10549000A7006EE200200C901590169066211791DF
:1054A0000121189119901A901C9020902390269019
:1054B0002790289815A941F28832FDF7B1FE20B156
:1054C000FFE701208DF8A70053E200200B90159014
:1054D0001690992117910121189119901A901C90FA
:1054E0002090239026902790289815A941F2883281
:1054F000FDF796FE20B1FFE701208DF8A70038E206
:10550000FFF7CAFE00200A9015901690902117917F
:105510000121189119901A901B904FF480711C91E1
:105520004FF400511D911E9020904FF080712391F7
:1055300004212491259026902790289815A941F2BE
:105540008832FDF76DFE20B1FFE701208DF8A7003E
:105550000FE228980DA941F28832FEF7F9F920B13F
:10556000FFE701208DF8A70003E29DF834009DF8C5
:10557000361040EA012041F2EF7188420BD1FFE77B
:105580009DF835009DF8371040EA012041F2EF7197
:1055900088421AD0FFE79DF834009DF8361040EAA3
:1055A000012041F2687188420BD1FFE79DF8350078
:1055B0009DF8371040EA012041F26871884204D01A
:1055C000FFE701208DF8A700D3E100200990159096
:1055D0001690352117910121189119901A901C905D
:1055E00020904FF0807123910221249125902690E4
:1055F0002790289815A941F28832FDF711FE20B1B5
:10560000FFE701208DF8A700B3E128980DA941F22A
:105610008832FEF79DF920B1FFE701208DF8A70041
:10562000A7E10020089015901690062117910121FE
:10563000189119901A901C902090239026902790F2
:10564000289815A941F28832FDF7EAFD20B1FFE75D
:1056500001208DF8A7008CE100200790159016908E
:10566000052117910121189119901A901C902090F2
:105670004FF080712391022124912590269027904C
:10568000289815A941F28832FDF7CAFD20B1FFE73D
:1056900001208DF8A7006CE140F2022010901190DB
:1056A000002012904FF4800013901020149028983E
:1056B00010A941F28832FDF71FFD20B1FFE701205C
:1056C0008DF8A70055E1BDF834004FF6FD510840B4
:1056D000ADF83400BDF8340040F202210843ADF8C3
:1056E0003400002006901590169031211791012169
:1056F000189119901A901C9020904FF0807123916E
:1057000002212491259026902790289815A941F2EE
:105710008832FDF785FD20B1FFE701208DF8A70055
:1057200027E128980DA941F28832FEF7EDF920B162
:10573000FFE701208DF8A7001BE1002005901590E0
:105740001690052117910121189119901A901C901B
:1057500020904FF080712391022124912590269072
:105760002790289815A941F28832FDF759FD20B1FC
:10577000FFE701208DF8A700FBE00020109040F229
:105780000111119112904FF4800013901020149089
:10579000289810A941F28832FDF7AEFC20B1FFE74E
:1057A00001208DF8A700E4E00020049015901690E9
:1057B000352117910121189119901A901C90209071
:1057C0004FF08071239102212491259026902790FB
:1057D000289815A941F28832FDF722FD20B1FFE794
:1057E00001208DF8A700C4E028980DA941F2883265
:1057F000FEF7AEF820B1FFE701208DF8A700B8E072
:10580000BDF8340040F202210840884204D0FFE78E
:1058100001208DF8A700ACE00020039015901690B1
:10582000062117910121189119901A901C9020902F
:10583000239026902790289815A941F28832FDF7E9
:10584000EFFC20B1FFE701208DF8A70091E00020D8
:105850000290159016900521179101211891199029
:105860001A901C9020904FF0807123910221249176
:10587000259026902790289815A941F28832FDF7A7
:10588000CFFC20B1FFE701208DF8A70071E040F2C6
:10589000022010901190002012904FF4800013907D
:1058A00010201490289810A941F28832FDF724FCAA
:1058B00020B1FFE701208DF8A7005AE001211591E2
:1058C00000201690EB221792189119901A904FF41D
:1058D00040711C914FF400511D911E9020904FF08B
:1058E000407123912590062126912790289815A98B
:1058F00041F28832FDF794FC20B1FFE701208DF8DA
:10590000A70036E002201590002001901690322169
:1059100017910121189119901A904FF480711C91E0
:105920004FF400511D911E9020904FF04071239133
:10593000259026902790289815A941F28832FDF7E6
:105940006FFC20B1FFE701208DF8A70011E00820CF
:105950000E9000200F9028980EA9FDF7FDFE20B1B3
:10596000FFE701208DF8A70003E000208DF8A700D5
:10597000FFE79DF8A7002AB080BD000000000000EE
:1059800080B59AB002A80190002100F011F80198AA
:10599000FFF76AF948B1FFE702A80090012100F083
:1059A00007F80098FFF760FDFFE71AB080BD000020
:1059B00080B58AB009908DF82310002005900490DE
:1059C0000390099907910690FFE706985F2809D888
:1059D000FFE70799069A00208854FFE706980130F0
:1059E0000690F2E7099945F20000C5F20020029006
:1059F00008600998FDF7DCFC02980999086009998C
:105A0000042048609DF8230040B9FFE70999002071
:105A1000886009994FF08070C86007E009994020BC
:105A2000886009994FF00070C860FFE70999182055
:105A30000861099901204861099900200190886155
:105A40000999C86109990862099A03215162099963
:105A500088620999C8620999086309994863099994
:105A600088630999C8630998FDF77AFD01981021A8
:105A700003910490099803A941F28832FDF734FAA2
:105A80000AB080BD0000000080B582B0019040F2F5
:105A90009010C2F20040009041F20001C4F20021D7
:105AA00001600199416000218160C16001610C22A7
:105AB00042618161C16101624162816200F037F837
:105AC000009840F24011C2F20041012200F002F8B9
:105AD00002B080BD41F2F17CC9F2000C604749F68A
:105AE000B16CC9F2000C604749F6391CC9F2000CD0
:105AF000604741F2E11CC9F2000C604747F2911C7B
:105B0000C9F2000C604743F2993CC9F2000C6047AF
:105B100046F2C93CC9F2000C604747F6F12CC9F2C5
:105B2000000C604743F2F11CC9F2000C604741F2DF
:105B3000417CC9F2000C604702E008C8121F08C18E
:105B4000002AFAD170477047002001E001C1121FFE
:105B5000002AFBD170470000805B00080000002491
:105B600080000000385B0008005C00088000002412
:105B700060530600485B00080000000000000000C1
:105B8000000000000090D003FFFF0000FFFF0000B6
:105B90001F0000F81FF8E007FF07E0FF40BC07FC0C
:105BA00030840000F17A0090417B00908003002453
:105BB00000401F70000000300000002000000000C6
:105BC00040C705240C4F7A7040780030C0F00020A8
:105BD000C0F0000000000000000000000100000014
:105BE00010000000AAAAAAAA0000000000000000FD
:105BF00000000000000000000000000000000000A5
:0200000490006A
:100000002DE9F05F0546002092469B46884606464D
:10001000814640241BE0284641464746224600F0E0
:1000200057F853465A46C01A914110D31146184604
:10003000224600F03EF82D1A67EB01084F46224693
:100040000120002100F035F817EB00094E41201E79
:10005000A4F10104DFDC484631462A464346BDE8A8
:10006000F09F40EA01039B0703D009E008C9121F73
:1000700008C0042AFAD203E011F8013B00F8013B62
:10008000521EF9D2704730B50B460146002020229F
:10009000012409E021FA02F59D4205D303FA02F595
:1000A000491B04FA02F52844151EA2F10102F1DCF5
:1000B00030BD202A04DB203A00FA02F1002070470C
:1000C0009140C2F1200320FA03F319439040704796
:1000D000202A04DB203A21FA02F00021704721FA9D
:1000E00002F3D040C2F12002914008431946704704
:1000F0002DE9FE4F804681EA0300C00F0C460090B8
:1001000021F0004123F00045B8EB0200A94105D2DF
:100110004046214690461C460B46024623F00040CE
:10012000104347D0270DC7F30A00C3F30A510290CA
:10013000401A019040286BDAC3F3130040F4801B8F
:100140000098924620B10023D2EB030A63EB0B0B1D
:1001500001985946C0F140025046FFF7AAFF0646F3
:100160000D4650465946019A00F07AF910EB080006
:100170006141002487EA115284EAE7731A4340D0B0
:10018000009A62B3019A012A4FEA075215DC001B5C
:1001900061EB02014FF0004202EA0752CDE9004252
:1001A000001C41F5801132462B4600F07AF903B06D
:1001B000BDE8F08F40462146F9E7001B61EB0201E4
:1001C000001C41F5801300185B412018A2F50017B0
:1001D00047EB030140EAD570B6196D4111E06D0897
:1001E0004FEA360645EAC0754FEA0752001B61EB3D
:1001F0000201001C41F5801149084FEA3000001946
:10020000514132462B4603B0BDE8F04F00F03AB9F9
:100210000098012240000023D0EB020263EBE07360
:10022000009821464FEAE074B8EB000061EB04014E
:10023000E9E783F000435BE781F0004158E72DE9EF
:10024000FE4F81EA030404F0004421F000410094D1
:100250004FF0000B23F0004350EA01045ED052EA55
:1002600003045BD0C3F30A54C1F30A552C44A4F22F
:10027000F3340194A0FB0254C1F3130141F4801143
:10028000C3F3130343F4801301FB024400FB034E4A
:10029000840A970A44EA815447EA8357A4FB076813
:1002A00002958D0A05FB07854FEA932C04FB0C543D
:1002B0002705029D4FEA065847EA1637B5EB0805B1
:1002C0006EEB070C870E920E47EA811742EA831203
:1002D000A7FB0201B6EB0B0164EB00042B0D43EA14
:1002E0000C335E1844EB1C50DA465146E7FB020122
:1002F000C5F313044FEA0B3343EA14534FEA0432B5
:10030000019C43EA0603A4F10C040294009CCDE98D
:1003100000B400F0C6F803B0BDE8F08F002001463D
:10032000F9E72DE9F04D81EA030404F0004B21F0D8
:10033000004514464FF0000A23F0004150EA050240
:1003400020D054EA01021DD0C5F30A570246C5F376
:100350001303C1F31300C1F30A5640F4801543F4AC
:100360008013A7EB0608101BD64608F2FD3873EB86
:10037000050002D308F1010801E092185B41B8F1D1
:10038000000F03DA00200146BDE8F08D00204FF495
:100390008011064684460EE0171B73EB050705D354
:1003A000121B63EB050306434CEA010C49084FEAB4
:1003B000300092185B4150EA0107EDD152EA030088
:1003C00012D082EA040083EA0501084305D0101B1D
:1003D000AB4106D20122002306E000224FF0004389
:1003E00002E06FF0010253101AEB06004CEB0851CB
:1003F00010EB0A0041EB0B01BDE8F04D00F042B8F4
:10040000C1F30A52C1F3130140F2FF3341F48011EA
:100410009A4202DA00200146704740F233439A4282
:10042000A2F2334202DC5242FFF752BEFFF741BE56
:1004300030B5041E71F1000404DB4FF0004440426B
:1004400064EB0101141E73F1000405DB1C464FF040
:100450000043524263EB0403994208BF904230BD0F
:10046000202A06DBCB17203A41FA02F043EAE07378
:1004700006E041FA02F3D040C2F120029140084365
:100480001946704710B5141E73F1000408DA401CB9
:1004900041F1000192185B411A4301D120F00100A3
:1004A00010BD2DE9F04D92469B4611B1B1FA81F293
:1004B00002E0B0FA80F220329046FFF7FAFD0446DF
:1004C0000F4640EA0A0041EA0B0153465A460843E8
:1004D00013D0114653EA010019D0C8F1400250462A
:1004E000FFF7F6FD05460E46504659464246FFF7D1
:1004F000E0FD084305D0012004E020463946BDE870
:10050000F08D0020054346EAE0762C4337430A98F5
:100510006305E40AA0EB08000022FD0A44EA475400
:100520000A3002D500200146E9E7010510196941AA
:10053000DDE9084500196941BDE8F04DA2E700007A
:1005400080B584B003900291019200930098B0F5B9
:10055000804F1DD1FFE70398019950F82100002139
:10056000CCF6F0710840029B1968D3F804E0D3F888
:1005700008C0DA6841EA0E1141EA0C219B6919436F
:1005800041EA024108430399019A41F8220006E03A
:100590000399019A6FF0704041F82200FFE70020B4
:1005A00004B080BD0000000080B586B005900491C5
:1005B00005990498026851F8220020F0010041F8E2
:1005C000220004988068082803D1FFE740200390A8
:1005D00002E000200390FFE7039804990091D1F80E
:1005E00004E0D1F808C0CB680A6940EA0E0040EA8E
:1005F0000C00184310434A6910438A691043CA69C2
:1006000010430A6A10434A6A10438A6A1043C96A4F
:10061000084302900498016B0298084302900498E2
:10062000416B0298084302900498816B029808433A
:1006300002904FF67F30C0F208000190019840F41C
:1006400080100190019840F400100190019840F44E
:10065000E020019005980499096850F8210001995B
:100660008843029908430599049A126841F82200C8
:100670000498006BB0F5801F0ED1FFE70498006866
:1006800050B1FFE70598006820F480100499096BC9
:10069000084305990860FFE70498006838B1FFE750
:1006A0000498426B0599086810430860FFE7002032
:1006B00006B080BD0000000084B00390029101925A
:1006C00002990868D1F804C08B68CA6840EA0C1027
:1006D00040EA032040EA02400B690022CFF6F072A4
:1006E00002EB035210434A69FE3240EA0260896914
:1006F00008430399019A01EB82014860039800685E
:10070000C002002818D5FFE70398406820F4700065
:100710000090029801690020CFF6F07000EB0151C3
:100720000098084300900398406820F470000099F6
:10073000084303994860FFE7002004B070470000B9
:1007400080B584B0029009F0C7FF0190029820B9EB
:10075000FFE701208DF80F0079E0029890F854002F
:1007600002280DD0FFE7029920208865FFE7029953
:10077000002081F84C00FFE701208DF80F0066E0B3
:1007800002980168486940F0040048610299052018
:1007900081F85400FFE7029800680069800400288F
:1007A00027D4FFE709F098FF0199401A06281FD3C4
:1007B000FFE70299886D40F01000886502990320D8
:1007C00081F85400029890F850000006002805D5E2
:1007D000FFE70298416F01200873FFE7FFE70299E6
:1007E000002081F84C00FFE701208DF80F002EE07B
:1007F000D1E702980168486940F002004861029917
:10080000042081F85400029801684FF4FE40C8604B
:100810000299012081F85400029890F850000006D7
:10082000002809D5FFE70298416F0120087302985C
:10083000016800208864FFE7FFE70299002081F843
:100840004C00FFE7FFE700208DF80F00FFE79DF861
:100850000F0004B080BD000082B00090009820B965
:10086000FFE701208DF807001CE0009890F8540085
:10087000022807D0FFE700992020886501208DF825
:1008800007000FE00099042081F8540000980168E7
:10089000486942F2040210434861FFE700208DF8E6
:1008A0000700FFE79DF8070002B070470000000056
:1008B000B0B586B0049003910292FFE7049890F8D7
:1008C000A000012804D1FFE702208DF8170049E0BD
:1008D0000499012081F8A000FFE7FFE704990220B6
:1008E00081F8A100049A0298342100FB01210091B3
:1008F0000398019002684368D0F808C0D0F80CE073
:1009000004694569CD648C64C1F844E0C1F840C015
:10091000CB638A638269C369D0F820C0D0F824E031
:10092000846AC56A4D660C66C1F85CE0C1F858C0BF
:100930004B650A65006B886604980399029A00F07B
:10094000ABFF0498016801204862049981F8A10076
:10095000FFE70499002081F8A000FFE700208DF850
:100960001700FFE79DF8170006B0B0BD00000000BB
:1009700080B584B00290029820B9FFE701208DF87D
:100980000F0043E002980168D1F8840020F00100D4
:10099000C1F8840002980168D1F8040120F0010038
:1009A000C1F8040102980168486A40F002004862F8
:1009B00009F092FE0190FFE702980068806C400702
:1009C000002809D4FFE709F087FE0199401A65283D
:1009D00001D3FFE700E0EFE702980168886920F0A3
:1009E00001008861029800F0C7F802990020C1F860
:1009F000A400029981F8A100FFE70299002081F884
:100A0000A000FFE700208DF80F00FFE79DF80F0022
:100A100004B080BD0000000080B584B00290029850
:100A200020B9FFE701208DF80F009EE0029890F8B2
:100A3000A10040B9FFE70299002081F8A0000298C8
:100A400000F09EF8FFE70299022081F8A1000298C9
:100A50000168886920F070408861029A11685068C6
:100A6000D2F808C0D36840EA0C0018431269024368
:100A70008869104388610298016888684FF600020F
:100A8000CFF2000210408860029840690004019093
:100A90000198029B19689B69034388681843886022
:100AA00002980168C8681040C8600298C0690004D4
:100AB00001900198029B19681B6A0343C868184398
:100AC000C860029801680869104008610298406A8D
:100AD000000401900198029B19689B6A034308690E
:100AE00018430861029801684869104048610298FB
:100AF000C06A000401900198029A1168126B0243C7
:100B0000486910434861029890F83500000201904E
:100B1000029890F836000004009002980168C86AB4
:100B200000F07F40C862009801990143029890F854
:100B300034200A430168C86A1043C86202980168F9
:100B4000486B40F00600486302980168886940F0ED
:100B50000100886102990020C1F8A400029A0121D5
:100B600082F8A1108DF80F00FFE79DF80F0004B088
:100B700080BD00000000000081B0009001B070470F
:100B800080B59EB01D9000201C901B901A9019906B
:100B900018901D98006841F20001C5F200018842DA
:100BA00040F06581FFE7FFE744F24450C5F60200DC
:100BB000016841F002010160006817901798FFE793
:100BC000FFE744F23450C5F60200016841F002012B
:100BD0000160006816901698FFE7FFE7FFE744F210
:100BE0004050C5F60200016841F00801016000684C
:100BF00015901598FFE7FFE7FFE7FFE744F2405045
:100C0000C5F60200016841F0080101600068149017
:100C10001498FFE7FFE7FFE7FFE744F24050C5F60F
:100C20000200016841F01001016000681390139800
:100C3000FFE7FFE7FFE7FFE744F24050C5F6020099
:100C4000016841F040010160006812901298FFE7CE
:100C5000FFE7FFE7FFE744F24050C5F602000168F6
:100C600041F001010160006811901198FFE7FFE772
:100C7000FFE744F24050C5F60200016841F001016F
:100C80000160006810901098FFE7FFE744F24050C1
:100C9000C5F60200016841F00201016000680F9092
:100CA0000F98FFE7FFE744F24050C5F602000168E5
:100CB00041F04001016000680E900E98FFE74FF48C
:100CC00080500790189002200390199000211A91EB
:100CD0001B900E200A901C9040F60040C5F60200C2
:100CE00018A90D9109F0FDFC0D994FF400600890D2
:100CF00018900B201C9041F20000C5F6020009F08C
:100D0000F0FC07980D9918900D200B901C9041F65F
:100D10000000C5F60200029009F0E3FC0A980D9964
:100D20002022019218921C900020C5F602000C901F
:100D300009F0D7FC01980D9918900A2005901C9095
:100D400040F20040C5F60200069009F0CAFC069881
:100D50000B9A0D99102318931C9209F0C2FC069867
:100D60000B9A0D99082318931C9209F0BAFC0B9A60
:100D70000C980D994FF4004318931C9209F0B1FCA4
:100D80000298039B0B9A0D9918931C9209F0A9FCE9
:100D900002980B9A0D990123049318931C9209F061
:100DA000A0FC039B0B9A0C980D9918931C9209F0C8
:100DB00098FC049B0B9A0C980D9918931C9209F0BF
:100DC00090FC059A06980D994FF4005318931C92C5
:100DD00009F087FC0698079B0B9A0D9918931C92B3
:100DE00009F07FFC0698089B0B9A0D9918931C92AA
:100DF00009F077FC06980B9A0D994FF480630993DC
:100E000018931C9209F06DFC079B0B9A0C980D9996
:100E100018931C9209F065FC089B0B9A0C980D998D
:100E200018931C9209F05DFC099B0A9A0C980D9985
:100E300018931C9209F055FC0A9A0C980D994FF4DE
:100E4000007318931C9209F04CFC0B9A0C980D99A6
:100E50004FF4807318931C9209F043FC0B9A0C9882
:100E60000D99042318931C9209F03BFCFFE71EB078
:100E700080BD00000000000080B586B004900391A2
:100E800002920193FFE7049890F8A000012804D192
:100E9000FFE702208DF8170036E00499012081F861
:100EA000A000FFE7FFE70499022081F8A100049A5F
:100EB0000198342100FB01203830009003980099FC
:100EC0000860039800998A6A104448600298009963
:100ED000886002980099CA6A1044C8600498009912
:100EE000019A00F0D9FC0498016801204862049935
:100EF00081F8A100FFE70499002081F8A000FFE736
:100F000000208DF81700FFE79DF8170006B080BDA0
:100F100080B586B00490039102920193FFE7049894
:100F200090F8A000012804D1FFE702208DF81700F7
:100F300036E00499012081F8A000FFE7FFE704995B
:100F4000022081F8A100049A0198342100FB0120BD
:100F500038300090039800990A681044486002985D
:100F600000998A681044C8600398009988620298C2
:100F70000099C86204980099019A00F08DFC0498C9
:100F8000016801204862049981F8A100FFE70499F3
:100F9000002081F8A000FFE700208DF81700FFE790
:100FA0009DF8170006B080BD80B584B00290019115
:100FB0000092029820B9FFE701208DF80F0037E07A
:100FC000029890F8450040B9FFE70299002081F8A7
:100FD0004400029800F030F8FFE7029951F8080B3E
:100FE000FFF7E2FA029A019910689268FFF764FB32
:100FF000029B009958689A68DB6AFFF7A1FA029889
:101000000168826851F8220040F0010041F8220096
:1010100044F20001C5F20021086840F00040086079
:101020000299012081F8450000208DF80F00FFE7AC
:101030009DF80F0004B080BD80B592B0119011985A
:10104000006844F20001C5F20021884240F0AB8004
:10105000FFE7FFE744F23450C5F60200016841F0B3
:101060001001016000680B900B98FFE7FFE744F266
:101070004050C5F60200016841F0010101600068BE
:101080000A900A98FFE7FFE744F24050C5F60200D5
:10109000016841F002010160006809900998FFE7CA
:1010A000FFE7FFE744F24050C5F60200016841F057
:1010B00002010160006808900898FFE7FFE7FFE77A
:1010C000FFE744F24050C5F60200016841F001011B
:1010D0000160006807900798FFE7FFE7FFE7FFE779
:1010E00044F24050C5F60200016841F00801016079
:1010F000006806900698FFE7FFE7FFE7FFE744F286
:101100004050C5F60200016841F01001016000681E
:1011100005900598FFE7FFE749F607700C9002205D
:101120000D9001210E910F900C2003901090002043
:10113000C5F6020002900CA9049109F0D2FA0499B4
:1011400043F638400C9040F20040C5F60200019092
:1011500009F0C7FA0198039A049904230C9310929A
:1011600009F0BFFA0298039A049920230C93109275
:1011700009F0B7FA039804994FF480520C9210903A
:1011800040F60040C5F6020009F0ABFA0398049956
:101190004FF480620C92109041F20000C5F60200FC
:1011A00009F09FFAFFE712B080BD000000000000C8
:1011B00082B00190ADF8021002B07047000000004C
:1011C00081B0009001B0704781B0009001B07047CD
:1011D00081B0009001B0704781B0009001B07047BD
:1011E00080B590B00F900F980068C0690E900F986E
:1011F000006800680D900F98006880680C900E9849
:1012000040F60F0108400B900B98E0B9FFE79DF8FE
:1012100038008006002815D5FFE79DF834008006C9
:10122000002806D4FFE79DF83300C006002809D542
:10123000FFE70F98406F20B1FFE70F98416F884795
:10124000FFE778E2FFE70B98002800F00C81FFE74A
:101250000C980121C1F20001084209D1FFE70D9865
:1012600040F22011C0F20041084200F0FC80FFE78C
:101270009DF83800C00788B1FFE79DF83500C0072A
:1012800060B1FFE70F980168012008620F99D1F85B
:10129000900040F00100C1F89000FFE79DF8380091
:1012A0008007002811D5FFE79DF83000C00760B126
:1012B000FFE70F980168022008620F99D1F89000AB
:1012C00040F00400C1F89000FFE79DF838004007A7
:1012D000002811D5FFE79DF83000C00760B1FFE797
:1012E0000F980168042008620F99D1F8900040F02F
:1012F0000200C1F89000FFE79DF8380000070028C1
:1013000019D5FFE79DF834008006002807D4FFE7D1
:101310000C980121C1F2000108420CD0FFE70F98A0
:101320000168082008620F99D1F8900040F0080089
:10133000C1F89000FFE79DF839000007002813D599
:10134000FFE79DF83700400700280DD5FFE70F980D
:1013500001684FF4006008620F99D1F8900040F0E6
:101360002000C1F89000FFE70F98D0F89000002807
:1013700078D0FFE79DF838008006002815D5FFE7F4
:101380009DF834008006002806D4FFE79DF833005E
:10139000C006002809D5FFE70F98406F20B1FFE78E
:1013A0000F98416F8847FFE7FFE70F98D0F890004C
:1013B0000A900F980068806800F04000402806D02E
:1013C000FFE79DF8280010F0280F42D0FFE70F98A4
:1013D00000F036FD0F98006880684006002833D57D
:1013E000FFE7FFE7FFE70F98006850E8020F20F0E3
:1013F00040000990FFE709990F98026842E802103F
:101400000028F0D1FFE7FFE70F98D0F88000B0B1D7
:10141000FFE70F98D0F8801041F61960C9F200007C
:10142000C8660F98D0F88000FFF716FA30B1FFE7D2
:101430000F98D0F88000C16E8847FFE703E00F984F
:10144000FFF7CAFEFFE703E00F98FFF7C5FEFFE7CF
:1014500007E00F98FFF7C0FE0F990020C1F8900039
:10146000FFE7FFE767E10F98C06E012840F00481B5
:10147000FFE79DF83800C006002840F1FD80FFE737
:101480009DF83400C006002840F1F680FFE70F9871
:101490000168102008620F980068806840060028E4
:1014A00040F18880FFE70F98D0F880000068806CDA
:1014B000ADF82200BDF8220000287AD0FFE7BDF881
:1014C00022000F99B1F85C10884272DAFFE7BDF88C
:1014D00022000F99A1F85E000F98D0F88000006DEF
:1014E000812859D0FFE7FFE7FFE70F98006850E831
:1014F000000F20F480700790FFE707990F980268AB
:1015000042E800100028F0D1FFE7FFE7FFE7FFE720
:101510000F98006850E8020F20F001000690FFE7E6
:1015200006990F98026842E802100028F0D1FFE700
:10153000FFE7FFE7FFE70F98006850E8020F20F091
:1015400040000590FFE705990F98026842E80210F5
:101550000028F0D1FFE7FFE70F992020C1F88C00A9
:101560000F990020C866FFE7FFE70F98006850E872
:10157000000F20F010000490FFE704990F98026814
:1015800042E800100028F0D1FFE7FFE70F98D0F8FD
:101590008000FFF7D5F8FFE70F99022008670F9842
:1015A000B0F85C10B0F85E20891A89B2FFF700FE2F
:1015B000FFE7C0E00F99B1F85C00B1F85E10401A87
:1015C000ADF80E000F98B0F85E00002853D0FFE78A
:1015D000BDF80E0000284ED0FFE7FFE7FFE70F98A9
:1015E000006850E8000F20F490700290FFE7029925
:1015F0000F98026842E800100028F0D1FFE7FFE7EB
:10160000FFE7FFE70F98006850E8020F4FF6FE7102
:10161000CEF6FF7108400190FFE701990F9802682C
:1016200042E802100028EDD1FFE7FFE70F992020E4
:10163000C1F88C000F990020C8660F994867FFE732
:10164000FFE70F98006850E8000F20F010000090AE
:10165000FFE700990F98026842E800100028F0D1D7
:10166000FFE7FFE70F99022008670F98BDF80E10FB
:10167000FFF79EFDFFE75EE09DF83A00C0060028F8
:101680000FD5FFE79DF832004006002809D5FFE797
:101690000F9801684FF4801008620F98FFF798FDCB
:1016A00049E09DF838000006002815D5FFE79DF8B1
:1016B00034000006002806D4FFE79DF8320000063B
:1016C000002809D5FFE70F98806F20B1FFE70F983A
:1016D000816F8847FFE72EE09DF83800400600281C
:1016E0000AD5FFE79DF834004006002804D5FFE73F
:1016F0000F9800F0F5FB1EE09DF83A000006002868
:101700000AD5FFE79DF837004006002804D5FFE71B
:101710000F98FFF759FD0EE09DF83B00C00750B150
:10172000FFE79DF837000006002804D5FFE70F9873
:10173000FFF746FDFFE710B080BD0000000000008D
:1017400080B582B00090009820B9FFE701208DF8A5
:10175000070046E00098806908B1FFE700E0FFE776
:101760000098D0F8880040B9FFE70099002081F880
:101770008400009808F0BAFFFFE700992420C1F820
:10178000880000980168086820F00100086000984F
:10179000806A20B1FFE7009800F0F6F9FFE70098B3
:1017A00001F04EF8012804D1FFE701208DF8070071
:1017B00017E000980168486820F49040486000985D
:1017C0000168886820F02A0088600098016808682D
:1017D00040F001000860009800F07AFA8DF80700E8
:1017E000FFE79DF8070002B080BD00000000000088
:1017F00080B586B004900391ADF80A200498D0F823
:101800008C0020283CD1FFE7039820B1FFE7BDF80A
:101810000A0020B9FFE701208DF8170034E0049991
:101820000020C8660498006840F60041C5F6000133
:1018300088421CD0FFE70498006840680002002836
:1018400014D5FFE7FFE7FFE70498006850E8000FB2
:1018500040F080600190FFE701990498026842E837
:1018600000100028F0D1FFE7FFE7FFE7FFE704984B
:101870000399BDF80A2001F01FFB8DF8170003E063
:1018800002208DF81700FFE79DF8170006B080BD15
:1018900081B0009001B0704786B00590049103922A
:1018A0000498406805990968C9680022C0F6FF726B
:1018B000114000EB11400004029005980068039964
:1018C00000EBC111D1F8880000F0F020C1F88800C9
:1018D0000498006805990968C968114000EB114037
:1018E00001300299084305990968039A01EBC21176
:1018F000C1F888000498C06805990968C9686FF341
:10190000DF2108440004029005980068039900EB69
:10191000C111D1F88C0000F0F820C1F88C000498B7
:10192000806805990968C9686FF3DF2108440130B0
:101930000299084305990968039A01EBC211C1F89D
:101940008C0005980068039900EBC111D1F8940050
:1019500020F00700C1F8940004980069059909680F
:10196000039A01EBC211C1F89400049890F8310079
:1019700000020290049890F832000004019004984C
:10198000806900060090049890F83000029908439E
:10199000019908430099084305990968039A01EBE6
:1019A000C211C1F89C0005980068039900EBC111B1
:1019B000D1F8980020F0FF00C1F898000498406921
:1019C00005990968039A01EBC211C1F898000598BE
:1019D0000068039900EBC111D1F8A00040F2077232
:1019E0009043C1F8A0000499C869096A08430599A1
:1019F0000968039A01EBC211C1F8A0000498406A7B
:101A000005990968039A01EBC211C1F8AC0004986A
:101A1000006918B9FFE70420029023E004980069E8
:101A2000012803D1FFE7032002901AE0049800691F
:101A300004280FD0FFE70498006902280AD0FFE7C6
:101A400004980069032805D0FFE704980069072877
:101A500003D1FFE70220029002E001200290FFE79D
:101A6000FFE7FFE705980068039900EBC111D1F883
:101A7000B00000F0E020C1F8B00004990B6848689D
:101A8000896A029A5143C01A5043073040EA014024
:101A900005990968039A01EBC211C1F8B0000598D5
:101AA0000068039900EBC111D1F8B40040F2FF7255
:101AB0009043C1F8B4000498C06A05990968039A74
:101AC00001EBC211C1F8B40005980068039900EB5E
:101AD000C111D1F8840040F00100C1F8840006B0C3
:101AE000704700000000000000000000000000003F
:101AF000EFF30980BFF36F8F154B1A681EF0100FBC
:101B000008BF20ED108A20E9F04F10602DE9090090
:101B10004FF0500072B680F31188BFF34F8FBFF3C0
:101B20006F8F62B607F010FE4FF0000080F311884F
:101B3000BDE8090019680868B0E8F04F1EF0100F02
:101B400008BFB0EC108A80F30988BFF36F8F70472D
:101B500080230624000000000000000000000000B8
:101B6000074B19680868B0E8F04F80F30988BFF3A5
:101B70006F8F4FF0000080F31188704700BF00BFE7
:101B8000802306240000000081B00090009890F8A7
:101B90002800000700280BD5FFE700980068406880
:101BA00020F40040009A1168926B10434860FFE7F0
:101BB000009890F82800C00758B1FFE70098006827
:101BC000406820F40030009A1168D26A10434860DF
:101BD000FFE7009890F82800800700280BD5FFE762
:101BE00000980068406820F48030009A1168126BF9
:101BF00010434860FFE7009890F82800400700284D
:101C00000BD5FFE700980068406820F48020009A18
:101C10001168526B10434860FFE7009890F8280065
:101C2000C00600280BD5FFE700980068806820F404
:101C30008050009A1168D26B10438860FFE70098CB
:101C400090F82800800600280BD5FFE70098006870
:101C5000806820F40050009A1168126C104388606C
:101C6000FFE7009890F82800400600281CD5FFE701
:101C700000980068406820F48010009A1168526C47
:101C8000104348600098406CB0F5801F0BD1FFE70F
:101C900000980068406820F4C000009A1168926CB7
:101CA00010434860FFE7FFE7009890F8280000061F
:101CB00000280BD5FFE700980068406820F400205A
:101CC000009A1168D26C10434860FFE701B070477A
:101CD00080B588B0069006990020C1F8900008F001
:101CE000FBFC0590069800680068000700282FD5C7
:101CF000FFE70698059B6A466FF07E4111604FF43E
:101D00000011002201F0ECF908B3FFE7FFE7FFE75D
:101D10000698006850E8000F20F080000490FFE76C
:101D200004990698026842E800100028F0D1FFE705
:101D3000FFE706992020C1F88800FFE706990020F8
:101D400081F88400FFE703208DF81F005FE0FFE7C4
:101D50000698006800684007002842D5FFE706980B
:101D6000059B6A466FF07E4111604FF480010022AE
:101D700001F0B6F9A0B3FFE7FFE7FFE706980068B8
:101D800050E8000F20F490700390FFE70399069845
:101D9000026842E800100028F0D1FFE7FFE7FFE704
:101DA000FFE70698006850E8020F20F0010002905B
:101DB000FFE702990698026842E802100028F0D175
:101DC000FFE7FFE706992020C1F88C00FFE706999E
:101DD000002081F88400FFE703208DF81F0016E043
:101DE000FFE706992020C1F888000699C1F88C0009
:101DF00006990020C86606990867FFE70699002043
:101E000081F88400FFE700208DF81F00FFE79DF8B0
:101E10001F0008B080BD000080B582B0019001981D
:101E2000C06D009000990020A1F85E000099A1F813
:101E300056000098FFF7D0F902B080BD0000000006
:101E400084B00390FFE7FFE70398006850E8000FB5
:101E500020F490700290FFE702990398026842E82C
:101E600000100028F0D1FFE7FFE7FFE7FFE7039846
:101E7000006850E8020F4FF6FE71CEF6FF71084081
:101E80000190FFE701990398026842E802100028D8
:101E9000EDD1FFE7FFE70398C06E012814D1FFE7FB
:101EA000FFE7FFE70398006850E8000F20F01000FC
:101EB0000090FFE700990398026842E800100028AC
:101EC000F0D1FFE7FFE7FFE703992020C1F88C007E
:101ED00003990020C8660399486704B07047000062
:101EE00080B582B00190FFE7FFE70198006850E8F5
:101EF000000F20F040000090FFE700990198026871
:101F000042E800100028F0D1FFE7FFE70199202008
:101F1000C1F888000199002088670198FFF7B8FC94
:101F200002B080BD0000000080B588B0079007981F
:101F3000B0F86000ADF816000798D0F88C002228A1
:101F400040F0AB80FFE707980068406AADF81400E6
:101F50000798806D0690BDF81400BDF81610084073
:101F6000069908800799886D023088650799B1F84D
:101F70005E000138A1F85E000798B0F85E00002806
:101F800040F08A80FFE7FFE7FFE70798006850E826
:101F9000000F20F490700490FFE7049907980268FE
:101FA00042E800100028F0D1FFE7FFE7FFE7FFE776
:101FB0000798006850E8020F20F001000390FFE747
:101FC00003990798026842E802100028F0D1FFE761
:101FD000FFE707992020C1F88C0007990020486787
:101FE000079908670798006840F60041C5F60001A8
:101FF00088421CD0FFE7079800684068000200286C
:1020000014D5FFE7FFE7FFE70798006850E8000FE7
:1020100020F080600290FFE702990798026842E88A
:1020200000100028F0D1FFE7FFE7FFE7FFE7079880
:10203000C06E01282BD1FFE707990020C866FFE793
:10204000FFE70798006850E8000F20F010000190AB
:10205000FFE701990798026842E800100028F0D1D4
:10206000FFE7FFE707980068C06900F01001012052
:10207000B0EB111F05D1FFE7079801681020086237
:10208000FFE70798B0F85C10FFF792F803E00798B5
:1020900008F031FBFFE7FFE706E007980168886971
:1020A00040F008008861FFE708B080BD0000000034
:1020B00080B58EB00D900D98B0F86000ADF82E0090
:1020C0000D980068C06909900D9800680068089034
:1020D0000D980068806807900D98D0F88C00222831
:1020E00040F06181FFE70D98B0F86800ADF82A0074
:1020F000FFE7BDF82A100020009031B1FFE79DF8FE
:102100002400C0F340100090FFE70098C0070028AB
:1021100000F00A81FFE70D980068406AADF82C00D6
:102120000D98806D0C90BDF82C00BDF82E10084065
:102130000C9908800D99886D023088650D99B1F869
:102140005E000138A1F85E000D980068C069099032
:102150009DF824004007002852D0FFE79DF8240096
:10216000C00788B1FFE79DF82100C00760B1FFE715
:102170000D980168012008620D99D1F8900040F097
:102180000100C1F89000FFE79DF8240080070028B7
:1021900011D5FFE79DF81C00C00760B1FFE70D985F
:1021A0000168022008620D99D1F8900040F0040007
:1021B000C1F89000FFE79DF824004007002811D5E2
:1021C000FFE79DF81C00C00760B1FFE70D980168AC
:1021D000042008620D99D1F8900040F00200C1F887
:1021E0009000FFE70D98D0F8900040B1FFE70D9800
:1021F000FEF7F2FF0D990020C1F89000FFE7FFE71E
:102200000D98B0F85E00002840F08D80FFE7FFE7F2
:10221000FFE70D98006850E8000F20F480700690EA
:10222000FFE706990D98026842E800100028F0D1F7
:10223000FFE7FFE7FFE7FFE70D98006850E8020FB0
:102240004FF6FE71CEF6FF7108400590FFE7059945
:102250000D98026842E802100028EDD1FFE7FFE781
:102260000D992020C1F88C000D99002048670D9928
:1022700008670D98006840F60041C5F600018842E5
:102280001CD0FFE70D98006840680002002814D5B4
:10229000FFE7FFE7FFE70D98006850E8000F20F028
:1022A00080600490FFE704990D98026842E80010EE
:1022B0000028F0D1FFE7FFE7FFE7FFE70D98C06ECA
:1022C00001282BD1FFE70D990020C866FFE7FFE743
:1022D0000D98006850E8000F20F010000390FFE711
:1022E00003990D98026842E800100028F0D1FFE73A
:1022F000FFE70D980068C06900F010010120B0EB05
:10230000111F05D1FFE70D98016810200862FFE753
:102310000D98B0F85C10FEF74BFF03E00D9808F045
:10232000EAF9FFE7FFE7E4E60D98B0F85E00ADF8E4
:102330002800BDF82800A8B3FFE7BDF828000D99D4
:10234000B1F8681088422DDAFFE7FFE7FFE70D9844
:10235000006850E8020F20F080500290FFE70299D9
:102360000D98026842E802100028F0D1FFE7FFE76D
:102370000D9941F62970C9F200004867FFE7FFE7B1
:102380000D98006850E8000F40F020000190FFE732
:1023900001990D98026842E800100028F0D1FFE78B
:1023A000FFE7FFE706E00D980168886940F0080044
:1023B0008861FFE70EB080BD80B586B005900598B6
:1023C000B0F86000ADF812000598D0F88C00222813
:1023D00040F0A980FFE705980068406AADF810005A
:1023E000BDF810009DF8121008400599896D08701D
:1023F0000599886D013088650599B1F85E0001384E
:10240000A1F85E000598B0F85E00002840F08A80D0
:10241000FFE7FFE7FFE70598006850E8000F20F4AA
:1024200090700390FFE703990598026842E8001056
:102430000028F0D1FFE7FFE7FFE7FFE70598006816
:1024400050E8020F20F001000290FFE70299059882
:10245000026842E802100028F0D1FFE7FFE7059983
:102460002020C1F88C00059900204867059908676D
:102470000598006840F60041C5F6000188421CD06E
:10248000FFE70598006840680002002814D5FFE7C0
:10249000FFE7FFE70598006850E8000F20F0806034
:1024A0000190FFE701990598026842E800100028B2
:1024B000F0D1FFE7FFE7FFE7FFE70598C06E0128CF
:1024C0002BD1FFE705990020C866FFE7FFE70598D5
:1024D000006850E8000F20F010000090FFE700991E
:1024E0000598026842E800100028F0D1FFE7FFE7F6
:1024F00005980068C06900F010010120B0EB111FC1
:1025000005D1FFE70598016810200862FFE70598EC
:10251000B0F85C10FEF74CFE03E0059808F0EBF80D
:10252000FFE7FFE706E005980168886940F00800CA
:102530008861FFE706B080BD80B58EB00D900D9824
:10254000B0F86000ADF832000D980068C0690A90DC
:102550000D980068006809900D98006880680890E0
:102560000D98D0F88C00222840F05F81FFE70D988D
:10257000B0F86800ADF82E00FFE7BDF82E1000207F
:10258000019031B1FFE79DF82800C0F340100190A1
:10259000FFE70198C007002800F00881FFE70D98C9
:1025A0000068406AADF83000BDF830009DF8321088
:1025B00008400D99896D08700D99886D0130886506
:1025C0000D99B1F85E000138A1F85E000D98006821
:1025D000C0690A909DF828004007002852D0FFE704
:1025E0009DF82800C00788B1FFE79DF82500C007C7
:1025F00060B1FFE70D980168012008620D99D1F8DC
:10260000900040F00100C1F89000FFE79DF828001D
:102610008007002811D5FFE79DF82000C00760B1B2
:10262000FFE70D980168022008620D99D1F890002B
:1026300040F00400C1F89000FFE79DF82800400733
:10264000002811D5FFE79DF82000C00760B1FFE723
:102650000D980168042008620D99D1F8900040F0AF
:102660000200C1F89000FFE70D98D0F8900040B14B
:10267000FFE70D98FEF7B0FD0D990020C1F890001E
:10268000FFE7FFE70D98B0F85E00002840F08D806E
:10269000FFE7FFE7FFE70D98006850E8000F20F420
:1026A00080700790FFE707990D98026842E80010D4
:1026B0000028F0D1FFE7FFE7FFE7FFE70D9800688C
:1026C00050E8020F4FF6FE71CEF6FF7108400690FB
:1026D000FFE706990D98026842E802100028EDD144
:1026E000FFE7FFE70D992020C1F88C000D9900202D
:1026F00048670D9908670D98006840F60041C5F6D7
:10270000000188421CD0FFE70D9800684068000275
:10271000002814D5FFE7FFE7FFE70D98006850E8B1
:10272000000F20F080600590FFE705990D98026882
:1027300042E800100028F0D1FFE7FFE7FFE7FFE7DE
:102740000D98C06E01282BD1FFE70D990020C866B7
:10275000FFE7FFE70D98006850E8000F20F0100039
:102760000490FFE704990D98026842E800100028E1
:10277000F0D1FFE7FFE70D980068C06900F0100195
:102780000120B0EB111F05D1FFE70D980168102063
:102790000862FFE70D98B0F85C10FEF709FD03E052
:1027A0000D9807F0A8FFFFE7FFE7E6E60D98B0F801
:1027B0005E00ADF82C00BDF82C00A8B3FFE7BDF813
:1027C0002C000D99B1F8681088422DDAFFE7FFE779
:1027D000FFE70D98006850E8020F20F0805003904A
:1027E000FFE703990D98026842E802100028F0D133
:1027F000FFE7FFE70D9942F2B930C9F200004867E0
:10280000FFE7FFE70D98006850E8000F40F0200058
:102810000290FFE702990D98026842E80010002834
:10282000F0D1FFE7FFE7FFE706E00D980168886950
:1028300040F008008861FFE70EB080BD0000000096
:1028400080B590B00F9000208DF82F000F98006891
:1028500040F60041C5F60001884201D1FFE700E0E3
:10286000FFE70F9988680B694A69C96918431043E3
:1028700008430E900F980068006846F6F311CCF6F6
:10288000FF7108400E9908430F99096808600F9876
:102890000068406820F440500F9A1168D2681043D5
:1028A00048600F9880690E900F98006840F60041CC
:1028B000C5F60001884206D0FFE70F98016A0E981E
:1028C00008430E90FFE70F98006880684FF2FF41C1
:1028D000C1F2FF1108400E9908430F9909688860FA
:1028E0000F980068C06A20F00F000F9A1168526AB2
:1028F0001043C862FFE70F98006841F20001C4F27C
:10290000002188422ED1FFE744F25440C5F6020070
:10291000006800F007000146089105281DD80899B5
:10292000DFE801F003070B0F131701208DF83500C6
:1029300017E004208DF8350013E008208DF83500ED
:102940000FE010208DF835000BE020208DF83500C9
:1029500007E040208DF8350003E080208DF8350039
:10296000FFE7A0E00F98006844F20041C4F20001C4
:1029700088422DD0FFE70F98006844F60001C4F2AA
:102980000001884224D0FFE70F98006844F6004118
:10299000C4F2000188421BD0FFE70F98006845F29F
:1029A0000001C4F20001884212D0FFE70F980068CE
:1029B00047F60001C4F20001884209D0FFE70F98F2
:1029C000006847F60041C4F2000188422ED1FFE7BB
:1029D00044F25040C5F60200006800F007000146CE
:1029E000079105281DD80799DFE801F003070B0FB1
:1029F000131700208DF8350017E004208DF83500FE
:102A000013E008208DF835000FE010208DF8350018
:102A10000BE020208DF8350007E040208DF83500D0
:102A200003E080208DF83500FFE73BE00F98006859
:102A300040F60041C5F6000188422ED1FFE744F27E
:102A40005840C5F60200006800F0070001460691F4
:102A500005281DD80699DFE801F003070B0F1317AF
:102A600002208DF8350017E004208DF8350013E0C2
:102A700008208DF835000FE010208DF835000BE0B0
:102A800020208DF8350007E040208DF8350003E068
:102A900080208DF83500FFE703E080208DF83500B9
:102AA000FFE7FFE7FFE7FFE70F98006840F6004108
:102AB000C5F60001884240F0B080FFE79DF8350080
:102AC0000146059102281CD0FFE70598042810D084
:102AD000FFE70598082810D0FFE70598102814D0C4
:102AE000FFE70598202831D0FFE70598402833D02C
:102AF00036E007F005FE099038E007F006FE099081
:102B000034E007F007FE099030E044F20040C5F6DB
:102B10000200006800F020010020B0EB511F0ED031
:102B2000FFE744F20040C5F602000068C0F3C101AF
:102B300049F20000C0F2D030C840099005E049F2E7
:102B40000000C0F2D0300990FFE70FE040F600101F
:102B5000C0F23D00099009E04FF40040099005E003
:102B60000020099001208DF82F00FFE70998002828
:102B700052D0FFE709980F994A6A4BF2AE01C9F2A9
:102B8000000131F81210B0FBF1F00A900A980F9989
:102B9000496801EB4101884207D3FFE70A980F9982
:102BA0004968B0EB013F04D9FFE701208DF82F0001
:102BB00031E009980F994A6803924A6A4BF2AE01D4
:102BC000C9F2000131F81220002304931946FDF7E1
:102BD00017FA039A049B090241EA1061000210EB04
:102BE000520041F10001FDF70BFA0C900C98B0F582
:102BF000407F0BD3FFE70C990020B0EB115F05D1AC
:102C0000FFE70C980F990968C86003E001208DF870
:102C10002F00FFE7FFE7FFE73EE10F98C069B0F53F
:102C2000004F40F0A480FFE79DF835000146029177
:102C3000402800F25F800299DFE801F021255C5C0A
:102C4000295C5C5C2D5C5C5C5C5C5C5C315C5C5C51
:102C50005C5C5C5C5C5C5C5C5C5C5C5C525C5C5CBE
:102C60005C5C5C5C5C5C5C5C5C5C5C5C5C5C5C5CA4
:102C70005C5C5C5C5C5C5C5C5C5C5C5C580007F0B5
:102C80004EFD09903CE007F04FFD099038E007F059
:102C900037FD099034E007F038FD099030E044F248
:102CA0000040C5F60200006800F020010020B0EBF3
:102CB000511F0ED0FFE744F20040C5F60200006845
:102CC000C0F3C10149F20000C0F2D030C840099001
:102CD00005E049F20000C0F2D0300990FFE70FE0B4
:102CE00040F60010C0F23D00099009E04FF40040AA
:102CF000099005E00020099001208DF82F00FFE7E2
:102D0000099898B3FFE709980F9A5168536A4BF2F4
:102D1000AE02C9F2000232F81320B0FBF2F040001C
:102D200000EB5100B0FBF1F00C900C98102818D378
:102D3000FFE7BDF83200A0B9FFE70C9820F00F00C4
:102D4000ADF836000C9800F00E01BDF8360040EAF0
:102D50005100ADF83600BDF836000F990968C8601B
:102D600003E001208DF82F00FFE7FFE793E09DF8D7
:102D7000350001460191402800F25F800199DFE8AB
:102D800001F021255C5C295C5C5C2D5C5C5C5C5C1E
:102D90005C5C315C5C5C5C5C5C5C5C5C5C5C5C5C9E
:102DA0005C5C525C5C5C5C5C5C5C5C5C5C5C5C5C6D
:102DB0005C5C5C5C5C5C5C5C5C5C5C5C5C5C5C5C53
:102DC0005C5C580007F0ABFC09903CE007F0ACFC01
:102DD000099038E007F094FC099034E007F095FC86
:102DE000099030E044F20040C5F60200006800F0AF
:102DF00020010020B0EB511F0ED0FFE744F200404D
:102E0000C5F602000068C0F3C10149F20000C0F23B
:102E1000D030C840099005E049F20000C0F2D0303F
:102E20000990FFE70FE040F60010C0F23D00099066
:102E300009E04FF40040099005E0002009900120CE
:102E40008DF82F00FFE7099820B3FFE709980F9A44
:102E50005168536A4BF2AE02C9F2000232F81320F5
:102E6000B0FBF2F000EB5100B0FBF1F00C900C98CD
:102E700010280AD3FFE7BDF8320030B9FFE7BDF8EC
:102E800030000F990968C86003E001208DF82F0019
:102E9000FFE7FFE7FFE7FFE70F990120A1F86A00CE
:102EA0000F99A1F868000F99002048670F9988676B
:102EB0009DF82F0010B080BD88B007900691ADF846
:102EC0001620069807998865BDF816000799A1F89D
:102ED0005C00BDF816000799A1F85E000799002074
:102EE0004867FFE707988068B0F5805F10D1FFE77B
:102EF0000798006930B9FFE7079940F2FF10A1F881
:102F0000600004E00799FF20A1F86000FFE72EE0D1
:102F10000798806878B9FFE70798006928B9FFE744
:102F20000799FF20A1F8600004E007997F20A1F82D
:102F30006000FFE71AE007988068B0F1805F0FD16A
:102F4000FFE70798006928B9FFE707997F20A1F8F4
:102F5000600004E007993F20A1F86000FFE704E06B
:102F600007990020A1F86000FFE7FFE7FFE7FFE710
:102F700007990020C1F8900007992220C1F88C0021
:102F8000FFE7FFE70798006850E8020F40F00100F4
:102F90000490FFE704990798026842E802100028AD
:102FA000F0D1FFE7FFE70798406EB0F1005F4CD12A
:102FB000FFE7BDF816000799B1F86810884244DBB6
:102FC000FFE707988068B0F5805F0BD1FFE70798AF
:102FD000006938B9FFE7079942F2B100C9F2000071
:102FE000486706E0079942F23950C9F20000486785
:102FF000FFE707980069A0B1FFE7FFE7FFE7079841
:10300000006850E8000F40F480700390FFE70399D8
:103010000798026842E800100028F0D1FFE7FFE7B8
:10302000FFE7FFE7FFE70798006850E8020F40F06E
:1030300080500290FFE702990798026842E8021068
:103040000028F0D1FFE7FFE744E007988068B0F57B
:10305000805F0BD1FFE70798006938B9FFE7079950
:1030600041F62970C9F20000486706E0079942F26C
:10307000B930C9F200004867FFE707980069A0B1BE
:10308000FFE7FFE7FFE70798006850E8000F40F40C
:1030900090700190FFE701990798026842E80010DC
:1030A0000028F0D1FFE7FFE713E0FFE7FFE707980D
:1030B000006850E8000F40F020000090FFE7009902
:1030C0000798026842E800100028F0D1FFE7FFE708
:1030D000FFE7FFE7002008B0704700000000000095
:1030E00080B586B0DDF820C0049003918DF80B20E8
:1030F0000193FFE704980068C06903990840401AEB
:10310000B0FA80F040099DF80B10884266D1FFE7C5
:1031100008980130002860D0FFE707F0DDFA019938
:10312000401A0899884203D8FFE7089820B9FFE7BA
:1031300003208DF8170055E00498006800684007E8
:10314000002849D5FFE70398802845D0FFE703987A
:10315000402841D0FFE704980068C06900F00801EA
:103160000120B0EBD10F16D1FFE7049801680820C9
:10317000009008620498FEF763FE00980499C1F875
:103180009000FFE70499002081F88400FFE7012008
:103190008DF8170026E004980068C06900F400610B
:1031A0000120B0EBD12F16D1FFE7049801684FF44E
:1031B000006008620498FEF743FE04992020C1F8DD
:1031C0009000FFE70499002081F88400FFE70320C6
:1031D0008DF8170006E0FFE7FFE78BE700208DF88A
:1031E0001700FFE79DF8170006B080BD0000000043
:1031F00080B586B068464FF47841039181604FF600
:103200003501C9F200014160202303600A210491C5
:10321000DC220592084603F0D3FE039B0498059A2E
:1032200069468B604FF64F03C9F200034B601823C9
:103230000B602F2103F0C4FE039B0498059A694696
:103240008B604FF64103C9F200034B6010230B6003
:103250004C2103F0B5FE40F28000C2F20040694606
:1032600048600120086048F6D950C9F200004FF6C6
:103270006001C9F200018022002306F0CDFD06F0B6
:10328000F7F906B080BD000080B582B0022001A928
:1032900000F0AAF920B1FFE701208DF8070033E024
:1032A000BDF8040000F00F00012804D0FFE7012062
:1032B0008DF8070028E0002001A900F095F920B161
:1032C000FFE701208DF807001EE0BDF8040000F0C4
:1032D0000F00062804D0FFE701208DF8070013E057
:1032E000BDF8040000F47061C0F3041000EB11207D
:1032F000C11C0120884040F25031C2F200410860F8
:1033000000208DF80700FFE79DF8070002B080BDA0
:1033100080B582B041F2020001A900F065F920B148
:10332000FFE701208DF8070015E0BDF8040020F04C
:103330004000ADF80400BDF8041041F2020000F0B6
:1033400097F920B1FFE701208DF8070003E0002086
:103350008DF80700FFE79DF8070002B080BD000070
:1033600080B584B043F20040C5F6020001904FF4EE
:1033700080510291002207F0DCF90120039007F050
:10338000DDF901980299039A07F0D3F9039807F041
:10339000D5F904B080BD000080B5BAB018A8079078
:1033A000842107F0D0F90798002108911791169110
:1033B0001591149113911291119110910F910E91F9
:1033C0000D910C910421189140211B9107F0C0F937
:1033D00020B1FFE701208DF8E700C0E0FFE744F2ED
:1033E0003450C5F60200016841F480410160006874
:1033F0000B900B98FFE7FFE744F23450C5F602004C
:10340000016841F48051016000680A900A98FFE762
:10341000FFE744F24050C5F60200016841F4005154
:103420000160006809900998FFE740F6FF7013906B
:103430000220039014900020059015900320169010
:103440000920179043F20040C5F60200019013A92D
:10345000029107F046F901980299059A4FF48053BA
:1034600013930123049314931593169207F039F9DB
:10347000039B049A059940F2F020C2F200400690A6
:103480004AF2000CC5F2002CC0F800C04FF0040C4A
:10349000C0F804C081604FF0806CC0F80CC04FF0E1
:1034A000180CC0F810C043618161C1614FF4403312
:1034B000036242628162C162016341638163C163ED
:1034C00007F04BF920B1FFE701208DF8E70046E057
:1034D000102010900120119040F2F020C2F2004024
:1034E00010A941F2883207F03DF920B1FFE7012031
:1034F0008DF8E70033E007200C900D9000200E902F
:1035000001200F9040F2F020C2F200400CA941F2DD
:10351000883207F02CF920B1FFE701208DF8E70091
:103520001DE0FFF71DFFFFF7AFFE20B1FFE7012011
:103530008DF8E70013E0FFF7EBFE20B1FFE7012075
:103540008DF8E7000BE000F00FF820B1FFE7012055
:103550008DF8E70003E000208DF8E700FFE79DF815
:10356000E7003AB080BD000080B58AB0002000902E
:1035700008900790069005900490039002900190A7
:1035800003904FF4405005904FF0005007904FF0DB
:103590008060089040F2F020C2F2004003A941F29E
:1035A000883207F0E9F820B1FFE701208DF8270005
:1035B00014E0082001900020029040F2F020C2F2B6
:1035C000004001A907F0DDF820B1FFE701208DF8E8
:1035D000270003E000208DF82700FFE79DF8270073
:1035E0000AB080BD0000000080B58AB00890079145
:1035F00000200690059004900390029001904FF0F7
:1036000080700190089802904FF44050039002207F
:1036100004904FF0005005904FF08060069040F20B
:10362000F020C2F2004001A941F2883207F0A4F86C
:1036300020B1FFE701208DF8270012E0079940F242
:10364000F020C2F2004041F2883207F09FF820B12A
:10365000FFE701208DF8270003E000208DF8270008
:10366000FFE79DF827000AB080BD000000000000C1
:1036700080B58AB00890ADF81E1000200690059025
:1036800004900390029001904FF080700190089890
:1036900002904FF440500390022004904FF00050ED
:1036A00005904FF08060069040F2F020C2F200409A
:1036B00001A941F2883207F05FF820B1FFE701204D
:1036C0008DF8270013E040F2F020C2F200400DF127
:1036D0001E0141F2883207F05EF820B1FFE70120B9
:1036E0008DF8270003E000208DF82700FFE79DF804
:1036F00027000AB080BD000080B584B0ADF80E0090
:1037000040F26430C2F20040006828B1FFE7BDF823
:103710000E0003F09DFD22E040F25431C2F2004160
:10372000088849884843019000210091084603F029
:1037300097FA03F00DFD00980290FFE702980199B7
:1037400088420BD2FFE7BDF80E000021C6F201014E
:103750000880FFE7029801300290EFE7FFE704B02E
:1037600080BD00000000000080B582B08DF8070029
:103770009DF8070040F25431C2F20041887140F2D6
:103780006430C2F20040006888B1FFE79DF807008E
:1037900003F0AAFD40F26430C2F20040C28A40F257
:1037A0005431C2F200410A80008B4880FCE09DF851
:1037B0000700002840F08080FFE740F25430C2F25A
:1037C0000040F02101804FF4A0714180808845F2D3
:1037D0001051884214D1FFE740F25431C2F2004147
:1037E0004FF4305008814FF4285048814FF42C504A
:1037F00088814FF4F07008804FF44870488026E0CC
:1038000040F25430C2F20040808841F66311884291
:1038100011D1FFE740F25431C2F200412C2008815F
:103820002B2048812A2088814FF4F07008804FF4C3
:10383000487048800AE040F25431C2F200412C2026
:1038400008812A2048812B208881FFE7FFE740F28A
:103850005430C2F20040808845F2103188420AD0CC
:10386000FFE740F25430C2F20040808847F2967180
:1038700088420BD1FFE740F25431C2F200414FF4CD
:10388000A07008804FF4F0704880FFE740F2543099
:10389000C2F20040808849F6060188420BD1FFE75A
:1038A00040F25431C2F200414FF4F07008804FF4FE
:1038B00048704880FFE773E040F25430C2F20040A5
:1038C0004FF4A0710180F0214180808845F21051B1
:1038D000884214D1FFE740F25431C2F200414FF464
:1038E000305008814FF4285048814FF42C50888183
:1038F0004FF4487008804FF4F070488030E040F298
:103900005430C2F20040808841F6631188420AD0E8
:10391000FFE740F25430C2F20040808849F60601C9
:10392000884211D1FFE740F25431C2F200412C200D
:1039300008812A2048812B2088814FF44870088014
:103940004FF4F07048800AE040F25431C2F2004176
:103950002C2008812A2048812B208881FFE7FFE75F
:1039600040F25430C2F20040808845F21031884263
:103970000AD0FFE740F25430C2F20040808847F29C
:10398000967188420BD1FFE740F25431C2F20041F8
:103990004FF4F07008804FF4A0704880FFE7FFE715
:1039A000002002F0ADFFFFE702B080BD0000000084
:1039B00080B582B0ADF80600ADF80410009240F278
:1039C0006430C2F20040006840B1FFE7BDF8060075
:1039D000BDF80410009A03F0ABFC0DE0BDF8060042
:1039E000BDF8041003F03CF903F0B2FB009800218D
:1039F000C6F201010880FFE702B080BD00000000B0
:103A000080B58CB0CF2003F093FB00200A9003F028
:103A10007FFBC120009003F07BFB3020019003F07E
:103A200077FBED2003F084FB642003F071FB03209F
:103A300003F06EFB122003F06BFB812003F068FBA8
:103A4000E82003F075FB852003F062FB1020049052
:103A500003F05EFB7A2003F05BFBCB2003F068FBF6
:103A6000392003F055FB2C2003F052FB0A9803F099
:103A70004FFB342003F04CFB022003F049FBF720FE
:103A800003F056FB202003F043FBEA2003F050FB39
:103A90000A9803F03DFB0A9803F03AFBC02003F0BC
:103AA00047FB1B2003F034FB009803F041FB01208F
:103AB000079003F02DFBC52003F03AFB019803F0BB
:103AC00027FB019803F024FBC72003F031FBB7204C
:103AD00003F01EFB362003F02BFB482003F018FBFD
:103AE0003A2003F025FB552003F012FBB12003F030
:103AF0001FFB0A9803F00CFB1A2003F009FBB62009
:103B000003F016FB0A20039003F002FBA22003F04F
:103B1000FFFAF22003F00CFB0A9803F0F9FA2620D2
:103B200003F006FB079803F0F3FAE02003F000FB34
:103B30000F20059003F0ECFA2A20099003F0E8FA30
:103B4000282003F0E5FA0820029003F0E1FA0E20A5
:103B500003F0DEFA029803F0DBFA542003F0D8FAFF
:103B6000A92003F0D5FA432003F0D2FA039803F01A
:103B7000CFFA059803F0CCFA0A9803F0C9FA0A982C
:103B800003F0C6FA0A9803F0C3FA0A9803F0C0FAE1
:103B9000E12003F0CDFA0A9803F0BAFA152003F0F9
:103BA000B7FA172003F0B4FA072003F0B1FA112096
:103BB0000B9003F0ADFA062003F0AAFA2B20069032
:103BC00003F0A6FA562003F0A3FA3C2003F0A0FA73
:103BD000052003F09DFA049803F09AFA059803F083
:103BE00097FA3F20089003F093FA089803F090FAB0
:103BF000059803F08DFA069803F09AFA0A9803F0F4
:103C000087FA0A9803F084FA079803F081FA089873
:103C100003F07EFA099803F08BFA0A9803F078FA19
:103C20000A9803F075FA0A9803F072FAEF2003F08D
:103C30006FFA0B9803F07CFA782006F0B1FD29208A
:103C400003F076FA0CB080BD80B596B0FF200190ED
:103C500003F06EFA019803F05BFA982003F058FA2B
:103C600006200D9003F054FABC2003F061FA012005
:103C7000129003F04DFA0F20109003F049FA6120E2
:103C800003F046FA019803F043FA129803F040FA61
:103C9000129803F03DFA0B200A9003F039FA102035
:103CA000099003F035FA372003F032FA632003F06D
:103CB0002FFA019803F02CFA019803F029FA1298D0
:103CC00003F026FA129803F023FA0020159003F06F
:103CD0001FFA159803F01CFA019803F019FA522004
:103CE00003F016FA129803F013FA159803F010FA7D
:103CF0004020069003F00CFABD2003F019FA129848
:103D000003F006FA2320029003F002FA4520039004
:103D100003F0FEF96720049003F0FAF9129803F01B
:103D2000F7F9029803F0F4F9039803F0F1F9049815
:103D300003F0EEF9BE2003F0FBF9159803F0E8F963
:103D4000129803F0E5F9AB2003F0E2F9602003F0EC
:103D5000DFF92220059003F0DBF9059803F0D8F98C
:103D6000059803F0D5F9059803F0D2F9059803F00A
:103D7000CFF9C72003F0DCF93620149003F0C8F91E
:103D8000ED2003F0D5F97F2003F0C2F9109803F07D
:103D9000BFF9C02003F0CCF9109803F0B9F90A98E4
:103DA00003F0B6F90A200E9003F0B2F9FC2003F0FC
:103DB000BFF9082003F0ACF9DF20139003F0B8F945
:103DC000159803F0A5F9159803F0A2F9159803F0DA
:103DD0009FF9159803F09CF9159803F099F92020A4
:103DE000089003F095F9F32003F0A2F9742003F092
:103DF0008FF9B42003F09CF9159803F089F9159810
:103E000003F086F9159803F083F9F72003F090F991
:103E1000822003F07DF9B12003F08AF9159803F0B0
:103E200077F913200B9003F073F90B9803F070F9F6
:103E3000F22003F07DF9802003F06AF9042003F0FA
:103E400067F9069803F064F9282003F061F9C120AE
:103E500003F06EF9172003F05BF98820079003F058
:103E600057F9079803F054F9089803F051F9E02046
:103E700003F05EF9159803F04BF90E9803F048F93A
:103E8000122003F045F9099803F042F90E200F9033
:103E900003F03EF9089803F03BF9CC2003F038F921
:103EA000072003F035F90D9803F032F90A9803F072
:103EB0002FF90F9803F02CF9109803F029F90D2031
:103EC0000C9003F025F91520119003F021F90998C1
:103ED00003F01EF9159803F01BF9E12003F028F90F
:103EE000159803F015F90A9803F012F90B9803F0EE
:103EF0000FF90C9803F00CF90F9803F009F91B2047
:103F000003F006F9712003F003F90D9803F000F9AE
:103F10000D9803F0FDF80E9803F0FAF8109803F0EE
:103F2000F7F80F9803F0F4F8109803F0F1F81198EF
:103F300003F0EEF80C2003F0EBF8159803F0E8F826
:103F40002A2003F0F5F8159803F0E2F8159803F02D
:103F5000DFF8129803F0DCF8139803F0D9F82B205F
:103F600003F0E6F8159803F0D3F8159803F0D0F8AD
:103F7000032003F0CDF81F2003F0CAF83A2003F025
:103F8000D7F8552003F0C4F8149803F0D1F8159829
:103F900003F0BEF8112003F0CBF8782006F000FC07
:103FA000292003F0C5F8142006F0FAFB2C2003F0BA
:103FB000BFF816B080BD000080B5CEB0ED2003F094
:103FC000B7F80120219003F0A3F8FE2003F0A0F839
:103FD000EE2003F0ADF8DE2003F09AF821200B90DC
:103FE00003F096F8F12003F0A3F8219803F090F87D
:103FF000DF2003F09DF81020459003F089F8C420DD
:104000002D9003F095F88F2003F082F8C6200890D9
:1040100003F08EF800204A9003F07AF8E220169020
:1040200003F076F8169803F073F8169803F070F81A
:10403000BF2003F07DF8AA20419003F069F8B0207A
:1040400003F076F80D20009003F062F84A9803F030
:104050005FF8009803F05CF84A9803F059F81120D3
:10406000479003F055F84A9803F052F8192003F0EE
:104070004FF84A9803F04CF80B9803F049F84A9827
:1040800003F046F82D2003F043F84A9803F040F877
:104090003D2003F03DF84A9803F03AF85D20269061
:1040A00003F036F84A9803F033F8269803F030F816
:1040B0004A9803F02DF8B12003F03AF8802003F07D
:1040C00027F84A9803F024F88B20109003F020F88A
:1040D0004A9803F01DF89620019003F019F84A98C9
:1040E00003F016F8B22003F023F84A9803F010F812
:1040F0004A9803F00DF80220239003F009F84A983B
:1041000003F006F80320029003F002F84A9802F048
:10411000FFFFB3202B9003F00BF84A9802F0F8FF52
:104120004A9802F0F5FF4A9802F0F2FF4A9802F02E
:10413000EFFF4A9802F0ECFF4A9802F0E9FF4A9834
:1041400002F0E6FF4A9802F0E3FF4A9802F0E0FF2F
:104150004A9802F0DDFF4A9802F0DAFF4A9802F02E
:10416000D7FF4A9802F0D4FF4A9802F0D1FF4A984C
:1041700002F0CEFF4A9802F0CBFF4A9802F0C8FF47
:104180004A9802F0C5FF4A9802F0C2FF4A9802F02E
:10419000BFFF4A9802F0BCFF4A9802F0B9FF4A9864
:1041A00002F0B6FF4A9802F0B3FFB42002F0C0FF5D
:1041B000109802F0ADFF4A9802F0AAFF019802F0B1
:1041C000A7FF4A9802F0A4FFA12002F0A1FF4A989D
:1041D00002F09EFFB52002F0ABFF239802F098FF9B
:1041E0004A9802F095FF029802F092FF4A9802F076
:1041F0008FFF0420039002F08BFF4A9802F088FFA3
:10420000B62002F095FF4A9802F082FF4A9802F029
:104210007FFFB7201D9002F08BFF4A9802F078FFD5
:104220004A9802F075FF3F2002F072FF4A9802F0B0
:104230006FFF5E2002F06CFF4A9802F069FF642075
:10424000489002F065FF4A9802F062FF8C2002F06D
:104250005FFF4A9802F05CFFAC2002F059FF4A98D9
:1042600002F056FFDC20309002F052FF4A9802F034
:104270004FFF702002F04CFF4A9802F049FF902057
:1042800002F046FF4A9802F043FFEB2002F040FFA5
:104290004A9802F03DFF309802F03AFF4A9802F047
:1042A00037FFB82002F044FF4A9802F031FF4A98E5
:1042B00002F02EFF4A9802F02BFF4A9802F028FFE6
:1042C0004A9802F025FF4A9802F022FF4A9802F02D
:1042D0001FFF4A9802F01CFFBA2002F029FF242099
:1042E000069002F015FF4A9802F012FF4A9802F079
:1042F0000FFF4A9802F00CFFC12002F019FF2020A6
:10430000099002F005FF4A9802F002FF542002F0E3
:10431000FFFE4A9802F0FCFEFF204B9002F0F8FEF0
:104320004A9802F0F5FEC2201E9002F001FF0A201A
:10433000189002F0EDFE4A9802F0EAFE039802F0AF
:10434000E7FE4A9802F0E4FEC32002F0F1FE3C20B2
:10435000249002F0DDFE4A9802F0DAFE3A20469000
:1043600002F0D6FE4A9802F0D3FE392002F0D0FEC9
:104370004A9802F0CDFE372002F0CAFE4A9802F0B9
:10438000C7FE249802F0C4FE4A9802F0C1FE36200F
:104390000D9002F0BDFE4A9802F0BAFE3220339032
:1043A00002F0B6FE4A9802F0B3FE2F20049002F00D
:1043B000AFFE4A9802F0ACFE2C204D9002F0A8FE11
:1043C0004A9802F0A5FE2920499002F0A1FE4A98E1
:1043D00002F09EFE2620059002F09AFE4A9802F016
:1043E00097FE069802F094FE4A9802F091FE069815
:1043F00002F08EFE4A9802F08BFE2320379002F0E6
:1044000087FE4A9802F084FE249802F081FE4A98C2
:1044100002F07EFE0D9802F07BFE4A9802F078FED4
:10442000339802F075FE4A9802F072FE049802F08A
:104430006FFE4A9802F06CFE4D9802F069FE4A98B1
:1044400002F066FE499802F063FE4A9802F060FEB0
:10445000059802F05DFE4A9802F05AFE069802F0B6
:1044600057FE4A9802F054FE069802F051FE4A9810
:1044700002F04EFE379802F04BFE4A9802F048FEDA
:104480002D9802F055FE62201A9002F041FE4A98E3
:1044900002F03EFE0520179002F03AFE4A9802F024
:1044A00037FE8420289002F033FE4A9802F030FE56
:1044B000F020429002F02CFE4A9802F029FE1820CB
:1044C000079002F025FE4A9802F022FEA42002F096
:1044D0001FFE4A9802F01CFE079802F019FE4A9847
:1044E00002F016FE5020439002F012FE4A9802F0AD
:1044F0000FFE0C2002F00CFE4A9802F009FE172075
:104500000A9002F005FE4A9802F002FE952002F0A1
:10451000FFFD4A9802F0FCFDF320449002F0F8FD04
:104520004A9802F0F5FDE620319002F0F1FD4A983C
:1045300002F0EEFDC52002F0FBFD339802F0E8FD2D
:104540004A9802F0E5FD4420409002F0E1FD4A98CF
:1045500002F0DEFD652002F0DBFD4A9802F0D8FD96
:104560007620349002F0D4FD4A9802F0D1FD8820E4
:104570003C9002F0CDFD4A9802F0CAFD089802F086
:10458000D7FD099802F0C4FD4A9802F0C1FD0A98CF
:1045900002F0BEFD4A9802F0BBFD219802F0B8FD82
:1045A0004A9802F0B5FDC7201F9002F0C1FD4A985D
:1045B00002F0AEFD4A9802F0ABFD4A9802F0A8FD69
:1045C0004A9802F0A5FDC82002F0B2FD4A9802F018
:1045D0009FFD4A9802F09CFD4A9802F099FD4A9886
:1045E00002F096FDC92002F0A3FD4A9802F090FD6A
:1045F0004A9802F08DFD4A9802F08AFD4A9802F02E
:1046000087FD4A9802F084FD4A9802F081FD4A989D
:1046100002F07EFD4A9802F07BFD4A9802F078FD98
:104620004A9802F075FD4A9802F072FD4A9802F02D
:104630006FFD4A9802F06CFD4A9802F069FD4A98B5
:1046400002F066FD4A9802F063FDE020159002F04A
:104650006FFD16200C9002F05BFD4A9802F058FDA9
:104660001C20199002F054FD4A9802F051FD0B985D
:1046700002F04EFD4A9802F04BFD0D9802F048FD05
:104680004A9802F045FD462002F042FD4A9802F0A9
:104690003FFD52200E9002F03BFD4A9802F038FD9B
:1046A000489802F035FD4A9802F032FD7A200F90CA
:1046B00002F02EFD4A9802F02BFD109802F028FD22
:1046C0004A9802F025FD99203E9002F021FD4A987B
:1046D00002F01EFDA820119002F01AFD4A9802F087
:1046E00017FDB920129002F013FD4A9802F010FD58
:1046F0002D9802F00DFD4A9802F00AFDCA20139091
:1047000002F006FD4A9802F003FDD220149002F058
:10471000FFFC4A9802F0FCFCD92002F0F9FC4A9810
:1047200002F0F6FC159802F0F3FC4A9802F0F0FC57
:10473000449802F0EDFC4A9802F0EAFCE12002F015
:10474000F7FC0C9802F0E4FC4A9802F0E1FC19989E
:1047500002F0DEFC4A9802F0DBFC222002F0D8FCDA
:104760004A9802F0D5FC0D9802F0D2FC4A9802F06B
:10477000CFFC4520399002F0CBFC4A9802F0C8FCEF
:104780000E9802F0C5FC4A9802F0C2FC489802F06C
:10479000BFFC4A9802F0BCFC0F9802F0B9FC4A98A2
:1047A00002F0B6FC109802F0B3FC4A9802F0B0FC9C
:1047B0003E9802F0ADFC4A9802F0AAFC119802F073
:1047C000A7FC4A9802F0A4FC129802F0A1FC4A98B7
:1047D00002F09EFC2D9802F09BFC4A9802F098FC97
:1047E000139802F095FC4A9802F092FC149802F09B
:1047F0008FFC4A9802F08CFCD82002F089FC4A9881
:1048000002F086FC159802F083FC4A9802F080FCC6
:10481000449802F07DFC4A9802F07AFC169802F067
:1048200087FC179802F074FC4A9802F071FC0B2088
:1048300002F06EFC4A9802F06BFC1B2002F068FC50
:104840004A9802F065FC3420329002F061FC4A98EC
:1048500002F05EFC409802F05BFC4A9802F058FCC3
:104860004F2002F055FC4A9802F052FC612002F001
:104870004FFC4A9802F04CFC792002F049FC4A981F
:1048800002F046FC3C9802F043FC4A9802F040FCDF
:1048900097201B9002F03CFC4A9802F039FCA620BD
:1048A0001C9002F035FC4A9802F032FC1D9802F090
:1048B0002FFC4A9802F02CFC1E9802F029FC4A9822
:1048C00002F026FC1F9802F023FC4A9802F020FC1C
:1048D000D120209002F01CFC4A9802F019FCD6204E
:1048E00002F016FC4A9802F013FCDD20229002F040
:1048F0000FFC4A9802F00CFC449802F009FC4A981C
:1049000002F006FCE32002F013FC179802F000FC12
:104910004A9802F0FDFB189802F0FAFB4A9802F060
:10492000F7FB199802F0F4FB4A9802F0F1FB3320F0
:10493000389002F0EDFB4A9802F0EAFB409802F052
:10494000E7FB4A9802F0E4FB439802F0E1FB4A9847
:1049500002F0DEFB1A9802F0DBFB4A9802F0D8FB6B
:10496000782002F0D5FB4A9802F0D2FB3C9802F086
:10497000CFFB4A9802F0CCFB1B9802F0C9FB4A9887
:1049800002F0C6FB1C9802F0C3FB4A9802F0C0FB81
:104990001D9802F0BDFB4A9802F0BAFB1E9802F087
:1049A000B7FB4A9802F0B4FB1F9802F0B1FB4A989B
:1049B00002F0AEFB209802F0ABFB4A9802F0A8FB95
:1049C000D52002F0A5FB4A9802F0A2FB229802F043
:1049D0009FFB4A9802F09CFB449802F099FB4A988E
:1049E00002F096FBE42002F0A3FB219802F090FB7A
:1049F0004A9802F08DFB219802F08AFB4A9802F057
:104A000087FB239802F084FB4A9802F081FB2A205E
:104A100002F07EFB4A9802F07BFB249802F078FBC0
:104A20004A9802F075FB4B20259002F071FB4A98E2
:104A300002F06EFB269802F06BFB4A9802F068FBCE
:104A40007420279002F064FB4A9802F061FB2898DA
:104A500002F05EFB4A9802F05BFB9320299002F083
:104A600057FB4A9802F054FBA2202A9002F050FB18
:104A70004A9802F04DFB2B9802F04AFB4A9802F04C
:104A800047FBBE202C9002F043FB4A9802F040FB0B
:104A90002D9802F03DFB4A9802F03AFBCD202E9073
:104AA00002F036FB4A9802F033FBD3202F9002F03D
:104AB0002FFB4A9802F02CFB229802F029FB4A981F
:104AC00002F026FB449802F023FB4A9802F020FBF8
:104AD000E52002F02DFB4A9802F01AFB4A9802F0FA
:104AE00017FB4A9802F014FB4A9802F011FB239836
:104AF00002F00EFB4A9802F00BFB499802F008FB0B
:104B00004A9802F005FB249802F002FB4A9802F052
:104B1000FFFA259802F0FCFA4A9802F0F9FA269872
:104B200002F0F6FA4A9802F0F3FA279802F0F0FA47
:104B30004A9802F0EDFA289802F0EAFA4A9802F050
:104B4000E7FA299802F0E4FA4A9802F0E1FA2A9882
:104B500002F0DEFA4A9802F0DBFA2B9802F0D8FA5B
:104B60004A9802F0D5FA2C9802F0D2FA4A9802F04C
:104B7000CFFA2D9802F0CCFA4A9802F0C9FA2E9892
:104B800002F0C6FA4A9802F0C3FA2F9802F0C0FA6F
:104B90004A9802F0BDFA309802F0BAFA4A9802F048
:104BA000B7FA449802F0B4FA4A9802F0B1FA319890
:104BB00002F0BEFA479802F0ABFA4A9802F0A8FA5F
:104BC000329802F0A5FA4A9802F0A2FA56203690DE
:104BD00002F09EFA4A9802F09BFA349802F098FA92
:104BE0004A9802F095FA77203B9002F091FA4A98A1
:104BF00002F08EFA66203F9002F08AFA4A9802F09C
:104C000087FA3C9802F084FA4A9802F081FA3E98BA
:104C100002F07EFA4A9802F07BFABB203D9002F047
:104C200077FA4A9802F074FA3E9802F071FA4A98BC
:104C300002F06EFA3F9802F06BFA4A9802F068FAB6
:104C400055204C9002F064FA4A9802F061FA4C98B0
:104C500002F05EFA4A9802F05BFA399802F058FACC
:104C60004A9802F055FA432002F052FA4A9802F0AC
:104C70004FFA409802F04CFA4A9802F049FAE720BD
:104C800002F056FA339802F043FA4A9802F040FADA
:104C90004C9802F03DFA4A9802F03AFA349802F041
:104CA00037FA4A9802F034FA3F9802F031FA4A98FB
:104CB00002F02EFA6720359002F02AFA4A9802F0A4
:104CC00027FA359802F024FA4A9802F021FA872050
:104CD0003A9002F01DFA4A9802F01AFA3E9802F051
:104CE00017FA4A9802F014FA3D9802F011FA4A981D
:104CF00002F00EFA3E9802F00BFA4A9802F008FA17
:104D00003B9802F005FA4A9802F002FA409802F045
:104D1000FFF94A9802F0FCF9369802F0F9F94A983E
:104D200002F0F6F9379802F0F3F94A9802F0F0F938
:104D3000389802F0EDF94A9802F0EAF9399802F051
:104D4000E7F94A9802F0E4F9E82002F0F1F94A980C
:104D500002F0DEF94A9802F0DBF93E9802F0D8F949
:104D60004A9802F0D5F93A9802F0D2F94A9802F03E
:104D7000CFF93C9802F0CCF94A9802F0C9F93B9877
:104D800002F0C6F94A9802F0C3F93F9802F0C0F960
:104D90004A9802F0BDF93C9802F0BAF94A9802F03C
:104DA000B7F9419802F0B4F94A9802F0B1F93D9888
:104DB00002F0AEF94A9802F0ABF93E9802F0A8F979
:104DC0004A9802F0A5F93F9802F0A2F94A9802F039
:104DD0009FF94C9802F09CF94A9802F099F94C9886
:104DE00002F096F94A9802F093F9409802F090F98F
:104DF0004A9802F08DF9409802F08AF94A9802F038
:104E000087F94C9802F084F94A9802F081F9E92078
:104E100002F08EF9419802F07BF94A9802F078F995
:104E20004A9802F075F94A9802F072F94A9802F02D
:104E30007FF9419802F06CF9CF2002F079F94A9895
:104E400002F066F94A9802F063F94A9802F060F9B4
:104E50004A9802F05DF94A9802F05AF94A9802F02D
:104E600057F94A9802F054F94A9802F051F94A98D1
:104E700002F04EF94A9802F04BF94A9802F048F9CC
:104E80004A9802F045F94A9802F042F94A9802F02D
:104E90003FF94A9802F03CF94A9802F039F94A98E9
:104EA00002F036F9429802F043F94A9802F030F9DC
:104EB000439802F02DF94A9802F02AF94A9802F034
:104EC00027F94A9802F024F9449802F031F94A98F7
:104ED00002F01EF9F92002F02BF9062002F018F971
:104EE000459802F015F9499802F012F94A9802F033
:104EF0000FF9469802F01CF94C9802F009F947980E
:104F000002F016F9489805F04BFC499802F010F9A8
:104F1000352002F00DF94A9802F0FAF8512002F01B
:104F200007F94B9802F0F4F8532002F001F94D987C
:104F300002F0EEF84C9802F0FBF8822002F0E8F85C
:104F40004D9802F0F5F84EB080BD00000000000062
:104F500080B5B4B04FF4704019905521329102F0F1
:104F600003F94FF201001A90AA211B9102F0FCF8FC
:104F70004FF202001C9052211D9102F0F5F84FF201
:104F800003001E9008211F9102F0EEF84FF204007A
:104F900020900121289102F0E7F84FF430400D21D4
:104FA000009102F0E1F800994BF2010002F0DCF808
:104FB00000994BF2020002F0D7F84FF436402390EC
:104FC00034210D9102F0D0F80D994BF2016002F0FE
:104FD000CBF80D994BF2026002F0C6F800994FF43D
:104FE0003140219002F0C0F800994BF2011022905C
:104FF00002F0BAF800994BF2021002F0B5F80D99E0
:105000004FF43740249002F0AFF80D994BF2017045
:10501000259002F0A9F80D994BF2027002F0A4F865
:105020004FF432400021319102F09EF831994BF259
:10503000012002F099F831994BF2022002F094F825
:105040004FF4384027902421029102F08DF8029904
:105050004BF60100299002F087F802994BF6020006
:105060002A9002F081F828994FF43F4002F07CF832
:105070004FF433400F21019102F076F801994BF281
:10508000013002F071F801994BF2023002F06CF835
:105090000D994FF4394002F067F80D994BF6011065
:1050A00002F062F80D994BF6021002F05DF81F99BC
:1050B0004FF4354002F058F81F994BF2015002F0BE
:1050C00053F81F994BF2025002F04EF84FF4424051
:1050D00003212B9102F048F802994FF43A4002F074
:1050E00043F802994BF6012002F03EF802994BF684
:1050F000022002F039F831994FF43C402C9002F034
:1051000033F84BF601402D907821339102F02CF8C2
:1051100031994BF602402E9002F026F831994FF467
:105120003D4002F021F833994BF6015002F01CF893
:1051300031994BF6025002F017F831994FF43E4086
:1051400002F012F84BF60160642102F00DF831997B
:105150004FF4514002F008F84DF20110332117913D
:1051600002F002F831994DF2021001F0FDFF0D99A5
:105170004DF2031001F0F8FF31994DF2041001F0E7
:10518000F3FF4DF205103A21039101F0EDFF319943
:105190004DF2061001F0E8FF4DF207104A2104918C
:1051A00001F0E2FF31994DF2081001F0DDFF4DF200
:1051B00009105C21059101F0D7FF31994DF20A10D9
:1051C00001F0D2FF4DF20B108121069101F0CCFFCE
:1051D00031994DF20C1001F0C7FF4DF20D10A621D0
:1051E000079101F0C1FF31994DF20E1001F0BCFFA3
:1051F0004DF20F10E521089101F0B6FF28994DF20C
:10520000101001F0B1FF4DF211101321099101F0BE
:10521000ABFF28994DF2121001F0A6FF4DF21310CA
:1052200054210A9101F0A0FF28994DF2141001F0C9
:105230009BFF4DF2151082210B9101F095FF2899EB
:105240004DF2161001F090FF4DF21710CA210C918B
:1052500001F08AFF4DF2181002212F9101F084FF16
:1052600031994DF2191001F07FFF2F994DF21A106C
:1052700001F07AFF28994DF21B1001F075FF2F996C
:105280004DF21C1001F070FF0D994DF21D1001F050
:105290006BFF2F994DF21E1001F066FF4DF21F10AB
:1052A00067210E9101F060FF2F994DF2201001F05F
:1052B0005BFF4DF2211084210F9101F055FF2F99D2
:1052C0004DF2221001F050FF4DF22310A421109155
:1052D00001F04AFF2F994DF2241001F045FF4DF2E5
:1052E0002510B721119101F03FFF2F994DF22610A3
:1052F00001F03AFF4DF22710CF21129101F034FF57
:105300002F994DF2281001F02FFF4DF22910DE21C8
:10531000139101F029FF2F994DF22A1001F024FF7B
:105320004DF22B10F221149101F01EFF2F994DF236
:105330002C1001F019FF4DF22D10FE21159101F0F6
:1053400013FF2B994DF22E1001F00EFF4DF22F108E
:105350001021169101F008FF2B994DF2301001F049
:1053600003FF17994DF2311001F0FEFE2B994DF21B
:10537000321001F0F9FE4DF233106D21189101F059
:10538000F3FE31994FF4524001F0EEFE17994DF2C1
:10539000012001F0E9FE31994DF2022001F0E4FE16
:1053A0000D994DF2032001F0DFFE31994DF20420FA
:1053B00001F0DAFE03994DF2052001F0D5FE319996
:1053C0004DF2062001F0D0FE04994DF2072001F0C5
:1053D000CBFE31994DF2082001F0C6FE05994DF241
:1053E000092001F0C1FE31994DF20A2001F0BCFE06
:1053F00006994DF20B2001F0B7FE31994DF20C20C9
:1054000001F0B2FE07994DF20D2001F0ADFE319989
:105410004DF20E2001F0A8FE08994DF20F2001F088
:10542000A3FE28994DF2102001F09EFE09994DF23D
:10543000112001F099FE28994DF2122001F094FEFE
:105440000A994DF2132001F08FFE28994DF2142095
:1054500001F08AFE0B994DF2152001F085FE289986
:105460004DF2162001F080FE0C994DF2172001F04C
:105470007BFE2F994DF2182001F076FE31994DF206
:10548000192001F071FE2F994DF21A2001F06CFEE7
:1054900028994DF21B2001F067FE2F994DF21C2038
:1054A00001F062FE0D994DF21D2001F05DFE2F9975
:1054B0004DF21E2001F058FE0E994DF21F2001F012
:1054C00053FE2F994DF2202001F04EFE0F994DF220
:1054D000212001F049FE2F994DF2222001F044FED7
:1054E00010994DF2232001F03FFE2F994DF2242018
:1054F00001F03AFE11994DF2252001F035FE2F9969
:105500004DF2262001F030FE12994DF2272001F0D5
:105510002BFE2F994DF2282001F026FE13994DF213
:10552000292001F021FE2F994DF22A2001F01CFEC6
:1055300014994DF22B2001F017FE2F994DF22C20DB
:1055400001F012FE15994DF22D2001F00DFE2B9960
:105550004DF22E2001F008FE16994DF22F2001F099
:1055600003FE2B994DF2302001F0FEFD17994DF20C
:10557000312001F0F9FD2B994DF2322001F0F4FDBC
:1055800018994DF2332001F0EFFD31994FF453405B
:1055900001F0EAFD17994DF2013001F0E5FD319976
:1055A0004DF2023001F0E0FD0D994DF2033001F0B3
:1055B000DBFD31994DF2043001F0D6FD03994DF237
:1055C000053001F0D1FD31994DF2063001F0CCFDEE
:1055D00004994DF2073001F0C7FD31994DF20830C2
:1055E00001F0C2FD05994DF2093001F0BDFD319980
:1055F0004DF20A3001F0B8FD06994DF20B3001F082
:10560000B3FD31994DF20C3001F0AEFD07994DF22A
:105610000D3001F0A9FD31994DF20E3001F0A4FDDD
:1056200008994DF20F3001F09FFD28994DF210308E
:1056300001F09AFD09994DF2113001F095FD28997C
:105640004DF2123001F090FD0A994DF2133001F045
:105650008BFD28994DF2143001F086FD0B994DF227
:10566000153001F081FD28994DF2163001F07CFDD6
:105670000C994DF2173001F077FD2F994DF218304B
:1056800001F072FD31994DF2193001F06DFD2F9945
:105690004DF21A3001F068FD28994DF21B3001F0EF
:1056A00063FD2F994DF21C3001F05EFD0D994DF216
:1056B0001D3001F059FD2F994DF21E3001F054FDBF
:1056C0000E994DF21F3001F04FFD2F994DF2203011
:1056D00001F04AFD0F994DF2213001F045FD2F995F
:1056E0004DF2223001F040FD10994DF2233001F0CF
:1056F0003BFD2F994DF2243001F036FD11994DF20A
:10570000253001F031FD2F994DF2263001F02CFDAE
:1057100012994DF2273001F027FD2F994DF22830D4
:1057200001F022FD13994DF2293001F01DFD2F9952
:105730004DF22A3001F018FD14994DF22B3001F092
:1057400013FD2F994DF22C3001F00EFD15994DF2FD
:105750002D3001F009FD2B994DF22E3001F004FDA2
:1057600016994DF22F3001F0FFFC2B994DF230309D
:1057700001F0FAFC17994DF2313001F0F5FC2B994C
:105780004DF2323001F0F0FC18994DF2333001F057
:10579000EBFC31994FF4544001F0E6FC17994DF2BF
:1057A000014001F0E1FC31994DF2024001F0DCFCD6
:1057B0000D994DF2034001F0D7FC31994DF20440B0
:1057C00001F0D2FC03994DF2054001F0CDFC319976
:1057D0004DF2064001F0C8FC04994DF2074001F07B
:1057E000C3FC31994DF2084001F0BEFC05994DF221
:1057F000094001F0B9FC31994DF20A4001F0B4FCC6
:1058000006994DF20B4001F0AFFC31994DF20C407E
:1058100001F0AAFC07994DF20D4001F0A5FC319969
:105820004DF20E4001F0A0FC08994DF20F4001F03E
:105830009BFC28994DF2104001F096FC09994DF21D
:10584000114001F091FC28994DF2124001F08CFCBE
:105850000A994DF2134001F087FC28994DF214404B
:1058600001F082FC0B994DF2154001F07DFC289966
:105870004DF2164001F078FC0C994DF2174001F002
:1058800073FC2F994DF2184001F06EFC31994DF2E6
:10589000194001F069FC2F994DF21A4001F064FCA7
:1058A00028994DF21B4001F05FFC2F994DF21C40EE
:1058B00001F05AFC0D994DF21D4001F055FC2F9955
:1058C0004DF21E4001F050FC0E994DF21F4001F0C8
:1058D0004BFC2F994DF2204001F046FC0F994DF200
:1058E000214001F041FC2F994DF2224001F03CFC97
:1058F00010994DF2234001F037FC2F994DF22440CE
:1059000001F032FC11994DF2254001F02DFC2F9948
:105910004DF2264001F028FC12994DF2274001F08B
:1059200023FC2F994DF2284001F01EFC13994DF2F3
:10593000294001F019FC2F994DF22A4001F014FC86
:1059400014994DF22B4001F00FFC2F994DF22C4091
:1059500001F00AFC15994DF22D4001F005FC2B9940
:105960004DF22E4001F000FC16994DF22F4001F04F
:10597000FBFB2B994DF2304001F0F6FB17994DF2ED
:10598000314001F0F1FB2B994DF2324001F0ECFB7C
:1059900018994DF2334001F0E7FB31994FF455402F
:1059A00001F0E2FB17994DF2015001F0DDFB319956
:1059B0004DF2025001F0D8FB0D994DF2035001F069
:1059C000D3FB31994DF2045001F0CEFB03994DF217
:1059D000055001F0C9FB31994DF2065001F0C4FBAE
:1059E00004994DF2075001F0BFFB31994DF2085078
:1059F00001F0BAFB05994DF2095001F0B5FB319960
:105A00004DF20A5001F0B0FB06994DF20B5001F037
:105A1000ABFB31994DF20C5001F0A6FB07994DF20A
:105A20000D5001F0A1FB31994DF20E5001F09CFB9D
:105A300008994DF20F5001F097FB28994DF2105044
:105A400001F092FB09994DF2115001F08DFB28995C
:105A50004DF2125001F088FB0A994DF2135001F0FB
:105A600083FB28994DF2145001F07EFB0B994DF207
:105A7000155001F079FB28994DF2165001F074FB96
:105A80000C994DF2175001F06FFB2F994DF2185001
:105A900001F06AFB31994DF2195001F065FB2F9925
:105AA0004DF21A5001F060FB28994DF21B5001F0A5
:105AB0005BFB2F994DF21C5001F056FB0D994DF2F6
:105AC0001D5001F051FB2F994DF21E5001F04CFB7F
:105AD0000E994DF21F5001F047FB2F994DF22050C7
:105AE00001F042FB0F994DF2215001F03DFB2F993F
:105AF0004DF2225001F038FB10994DF2235001F085
:105B000033FB2F994DF2245001F02EFB11994DF2E9
:105B1000255001F029FB2F994DF2265001F024FB6E
:105B200012994DF2275001F01FFB2F994DF228508A
:105B300001F01AFB13994DF2295001F015FB2F9932
:105B40004DF22A5001F010FB14994DF22B5001F048
:105B50000BFB2F994DF22C5001F006FB15994DF2DD
:105B60002D5001F001FB2B994DF22E5001F0FCFA63
:105B700016994DF22F5001F0F7FA2B994DF2305053
:105B800001F0F2FA17994DF2315001F0EDFA2B992C
:105B90004DF2325001F0E8FA18994DF2335001F00D
:105BA000E3FA31994FF4564001F0DEFA17994DF2BD
:105BB000016001F0D9FA31994DF2026001F0D4FA96
:105BC0000D994DF2036001F0CFFA31994DF2046066
:105BD00001F0CAFA03994DF2056001F0C5FA319956
:105BE0004DF2066001F0C0FA04994DF2076001F031
:105BF000BBFA31994DF2086001F0B6FA05994DF201
:105C0000096001F0B1FA31994DF20A6001F0ACFA85
:105C100006994DF20B6001F0A7FA31994DF20C6034
:105C200001F0A2FA07994DF20D6001F09DFA319949
:105C30004DF20E6001F098FA08994DF20F6001F0F4
:105C400093FA28994DF2106001F08EFA09994DF2FD
:105C5000116001F089FA28994DF2126001F084FA7E
:105C60000A994DF2136001F07FFA28994DF2146001
:105C700001F07AFA0B994DF2156001F075FA289946
:105C80004DF2166001F070FA0C994DF2176001F0B8
:105C90006BFA2F994DF2186001F066FA31994DF2C6
:105CA000196001F061FA2F994DF21A6001F05CFA67
:105CB00028994DF21B6001F057FA2F994DF21C60A4
:105CC00001F052FA0D994DF21D6001F04DFA2F9935
:105CD0004DF21E6001F048FA0E994DF21F6001F07E
:105CE00043FA2F994DF2206001F03EFA0F994DF2E0
:105CF000216001F039FA2F994DF2226001F034FA57
:105D000010994DF2236001F02FFA2F994DF2246083
:105D100001F02AFA11994DF2256001F025FA2F9928
:105D20004DF2266001F020FA12994DF2276001F041
:105D30001BFA2F994DF2286001F016FA13994DF2D3
:105D4000296001F011FA2F994DF22A6001F00CFA46
:105D500014994DF22B6001F007FA2F994DF22C6047
:105D600001F002FA15994DF22D6001F0FDF92B9921
:105D70004DF22E6001F0F8F916994DF22F6001F006
:105D8000F3F92B994DF2306001F0EEF917994DF2CD
:105D9000316001F0E9F92B994DF2326001F0E4F93C
:105DA00018994DF2336001F0DFF91998329901F03A
:105DB000DBF91A981B9901F0D7F91C981D9901F08D
:105DC000D3F91E981F9901F0CFF92098319901F06D
:105DD000CBF92198CC2101F0C7F92298319901F033
:105DE000C3F92398052101F0BFF924987021269169
:105DF00001F0BAF92598269901F0B6F92798289963
:105E000001F0B2F929982B9901F0AEF92A982B9953
:105E100001F0AAF92B994BF6030001F0A5F92C9893
:105E20002F9901F0A1F92D98319901F09DF92E9843
:105E3000319901F099F94FF44940D02101F094F9DA
:105E40002F994CF6011001F08FF94CF602105021F9
:105E5000309101F089F930994CF6031001F084F982
:105E600030994CF6041001F07FF931994FF45450F9
:105E700001F07AF932994FF4685001F075F94FF456
:105E8000885001F055F9339804F08FFC4FF42450FA
:105E900001F04EF934B080BD80B588B0E22001F049
:105EA00047F91D2001F034F90220049001F030F987
:105EB0000420039001F02CF9642004F076FCE0202B
:105EC000009001F035F90120079001F021F90A2036
:105ED000019004F065FC009801F02AF90320069077
:105EE00001F016F90C2004F05BFC079801F020F992
:105EF000019804F055FCE62001F01AF92F2001F07A
:105F000007F9FF20029001F003F9029801F000F96F
:105F1000B02001F00DF9202001F0FAF800200590E2
:105F200001F0F6F8069801F0F3F840F21F3001F0A6
:105F3000EFF8079801F0ECF840F2DF1001F0E8F814
:105F4000059801F0E5F8B42001F0F2F8039801F0AB
:105F5000DFF840F21F4001F0DBF8059801F0D8F8B7
:105F60002E2001F0D5F8059801F0D2F8059801F03F
:105F7000CFF8059801F0CCF8059801F0C9F8B620E3
:105F800001F0D6F8049801F0C3F84FF4037001F063
:105F9000BFF8059801F0BCF8172001F0B9F81520FA
:105FA00001F0B6F8059801F0B3F8059801F0B0F8E3
:105FB000F02001F0BDF8069801F0AAF8292001F0C0
:105FC000B7F8D02001F0B4F8059801F0A1F8BE2090
:105FD00001F0AEF8052001F09BF8FE2001F098F8E2
:105FE000079801F095F8059801F092F8059801F0EE
:105FF0008FF8059801F08CF8B82001F099F8069810
:1060000001F086F8079801F083F8BA2001F090F8C3
:10601000079801F07DF808B080BD00000000000086
:1060200080B58CB0112001F083F8782004F0B8FB23
:10603000362001F07DF800200A9001F069F83A203E
:1060400001F076F8052001F063F8B22001F070F855
:106050000C20019001F05CF8019801F059F80A98C1
:1060600001F056F83320009001F052F8009801F04A
:106070004FF8B72001F05CF8352001F049F8BB205B
:1060800001F056F83220029001F042F8C02001F0F1
:106090004FF8019801F03CF8C22001F049F80120C6
:1060A0000B9001F035F8C32001F042F8102001F008
:1060B0002FF8C42001F03CF8202001F029F8C62078
:1060C00001F036F80F2001F023F8D020039001F002
:1060D0002FF8A42001F01CF8A12001F019F8E0200D
:1060E00001F026F8039801F013F80A9801F010F86F
:1060F0000220049001F00CF80720059001F008F848
:106100000A20069001F004F82820079001F000F81A
:10611000029800F0FDFF442000F0FAFF422000F05A
:10612000F7FF062000F0F4FF0E20089000F0F0FFCB
:10613000122000F0EDFF142000F0EAFF1720099074
:1061400000F0E6FFE12000F0F3FF039800F0E0FF2D
:106150000A9800F0DDFF049800F0DAFF059800F0DF
:10616000D7FF069800F0D4FF079800F0D1FF312048
:1061700000F0CEFF542000F0CBFF472000F0C8FF16
:10618000089800F0C5FF1C2000F0C2FF099800F03D
:10619000BFFF1B2000F0BCFF1E2000F0B9FF2A202B
:1061A00000F0C6FF0A9800F0B3FF0A9800F0B0FFB5
:1061B0000A9800F0ADFFEF2000F0AAFF2B2000F0BE
:1061C000B7FF0A9800F0A4FF0A9800F0A1FF0B980F
:1061D00000F09EFF3F2000F09BFF292000F0A8FF69
:1061E0000CB080BD0000000080B58CB0112000F024
:1061F0009FFF78200A9004F0D3FA3620059000F033
:1062000097FF482000F084FF3A2000F091FF5520CE
:1062100000F07EFFF020099000F08AFFC32000F01C
:1062200077FF099800F084FF962000F071FFB420FA
:1062300000F07EFF012000F06BFFB62000F078FF39
:106240000A2000F065FFA22000F062FFB72000F0F6
:106250006FFFC62000F05CFFB92000F069FF02204C
:1062600000F056FFE020049000F052FFC02000F044
:106270005FFF802000F04CFF1620019000F048FFE7
:10628000C12000F055FF1920039000F041FFC2200B
:1062900000F04EFFA72000F03BFFC52000F048FFB4
:1062A000019800F035FFE82000F042FF402000F0A8
:1062B0002FFF8A2000F02CFF0020029000F028FF22
:1062C000029800F025FF29200B9000F021FF039891
:1062D00000F01EFFA52000F01BFF332000F018FF88
:1062E000049800F025FF099800F012FF072000F045
:1062F0000FFF0D2000F00CFF042000F009FF052027
:1063000000F006FF1420069000F002FF059800F050
:10631000FFFE542000F0FCFE4C20079000F0F8FE39
:10632000382000F0F5FE132000F0F2FE069800F091
:10633000EFFE2E2000F0ECFE342000F0E9FEE1201C
:1063400000F0F6FE099800F0E3FE1020089000F03F
:10635000DFFE069800F0DCFE0E2000F0D9FE0C20D7
:1063600000F0D6FE082000F0D3FE352000F0D0FE6D
:10637000442000F0CDFE079800F0CAFE262000F071
:10638000C7FE089800F0C4FE122000F0C1FE2C20C9
:1063900000F0BEFE322000F0BBFE099800F0C8FEFF
:1063A0003C2000F0B5FE099800F0C2FE692000F024
:1063B000AFFE0A9804F0F4F9212000F0B9FE0B9822
:1063C00000F0B6FE0CB080BD80B5C0B01FA884211F
:1063D00004F0B9F9002009901E901D901C901B90AC
:1063E0001A90199018901790169015901490139079
:1063F0001290119010900F900E900D900C9001F053
:10640000BBFA40F25431C2F200410A91888001F097
:10641000B3FA01460A988180808818B1FFE701F03D
:106420009FF84AE201201F90002020901FA804F04E
:106430008FF9FFE7FFE744F24050C5F6020001681C
:1064400041F00801016000680B900B98FFE7FFE73F
:106450004FF400401A9001201B901C9002201D90C8
:1064600040F60040C5F602001AA904F03AF90F20E0
:1064700013900021069114916B22159219910C90A2
:106480000D9114200E90129140F24410C2F200407F
:10649000079044F20002C5F20022026044F20412A6
:1064A000C5F2002242608160C16001611022426138
:1064B0008161C16101624FF48052426281624FF496
:1064C0008042C262016341634FF480128263C16300
:1064D000016413A90CAAFAF767FD322004F060F9F1
:1064E000D32000F025FE00F0FFF940F25431C2F253
:1064F00000410891888000F0F7F90899888000F041
:10650000F3F908990002888000F0EEF90246089835
:10651000818811438180808849F24131884200F0AE
:106520000481FFE7042000F003FE00F0DDF940F2F3
:106530005431C2F200410591888000F0D5F90599E7
:10654000888000F0D1F905990002888000F0CCF92C
:1065500002460598818811438180808848F2525113
:10656000884208D1FFE740F25431C2F2004147F2BD
:1065700089708880FFE740F25430C2F20040808882
:1065800047F28971884200F0CF80FFE7D42000F005
:10659000CFFD00F0A9F940F25431C2F2004104915C
:1065A000888000F0A1F90499888000F09DF9049991
:1065B0000002888000F098F902460498818811430F
:1065C0008180808845F21031884200F0AC80FFE77E
:1065D000D32000F0ADFD00F087F940F25431C2F253
:1065E00000410391888000F07FF90399888000F0D2
:1065F0007BF90399888088880002888000F074F90C
:1066000002460398818811438180808847F2967101
:10661000884200F08780FFE74FF47040552100F07A
:10662000A3FD4FF20100AA2100F09EFD4FF20200EF
:10663000522100F099FD4FF20300082100F094FD73
:106640004FF20400012100F08FFD4FF4454000F0AF
:106650006FFD00F049F9000240F25431C2F20041EE
:10666000029188804CF2015000F062FD00F03CF98C
:1066700002990246888810438880052004F090F82B
:106680000298808845F2105188424AD0FFE7D32013
:1066900000F04EFD00F028F940F25431C2F2004102
:1066A0000191888000F020F90199888000F01CF9A0
:1066B0000199888088880002888000F015F90246D8
:1066C0000198818811438180808849F606018842BB
:1066D00026D0FFE7A12000F02BFD00F005F940F2E5
:1066E0005431C2F200410091888000F0FDF8009919
:1066F0000002888000F0F8F8024600988188114373
:106700008180808845F26171884208D1FFE740F2BC
:106710005431C2F2004141F663108880FFE7FFE781
:10672000FFE7FFE7FFE7FFE7FFE740F25430C2F281
:106730000040808847F28971884203D1FFE7FFF764
:106740006FFC56E040F25430C2F20040808849F2BB
:106750004131884203D1FFE7FDF752F948E040F2AA
:106760005430C2F20040808845F21031884203D193
:10677000FFE7FDF721FC3AE040F25430C2F200405E
:10678000808847F29671884203D1FFE7FFF72CFD1E
:106790002CE040F25430C2F20040808845F21051A3
:1067A000884203D1FFE7FEF7D3FB1EE040F25430EE
:1067B000C2F20040808849F60601884203D1FFE713
:1067C000FDF742FA10E040F25430C2F200408088F7
:1067D00041F66311884206D1FFE7FFF75DFB6420B5
:1067E00000F066FCFFE7FFE7FFE7FFE7FFE7FFE7F3
:1067F000FFE740F25430C2F20040808849F2413154
:10680000884214D0FFE740F25430C2F20040808842
:1068100041F6631188420AD0FFE740F25430C2F2D9
:106820000040808847F2897188420ED1FFE7072037
:106830000C900E9040F24411C2F2004148688A6800
:10684000CB6A0CA9F9F77CFE36E040F25430C2F274
:106850000040808845F2103188421ED0FFE740F2A8
:106860005430C2F20040808847F29671884214D0BA
:10687000FFE740F25430C2F20040808845F21051E8
:1068800088420AD0FFE740F25430C2F200408088CC
:1068900049F6060188420ED1FFE705200C900E90C4
:1068A00040F24411C2F2004148688A68CB6A0CA9E0
:1068B000F9F746FEFFE7FFE7FFE70020FCF754FF8C
:1068C000FFE740F60040C5F602004FF40041012208
:1068D00003F02FFFFFE74FF6FF70FCF70DFF40B00E
:1068E00080BD00000000000081B00020C6F2010061
:1068F0000088ADF80200BDF8020001B0704700004A
:1069000080B588B08DF81F000020ADF81C0040F263
:106910005430C2F20040807901280AD1FFE740F2EA
:106920005430C2F20040808841F66311884212D18F
:10693000FFE740F25430C2F200408079002838D19D
:10694000FFE740F25430C2F20040808841F6631104
:1069500088422ED1FFE79DF81F00014605910728C8
:1069600026D80599DFE801F004080C1014181C2043
:1069700006208DF81F001BE007208DF81F0017E090
:1069800004208DF81F0013E005208DF81F000FE094
:1069900001208DF81F000BE000208DF81F0007E09C
:1069A00003208DF81F0003E002208DF81F00FFE791
:1069B000FFE79DF81F0001460491072838D8049985
:1069C000DFE801F004050C131A21282F30E0BDF890
:1069D0001C0040F08000ADF81C0029E0BDF81C0050
:1069E00040F04000ADF81C0022E0BDF81C0040F073
:1069F000C000ADF81C001BE0BDF81C0040F02000FA
:106A0000ADF81C0014E0BDF81C0040F06000ADF8CB
:106A10001C000DE0BDF81C0040F0A000ADF81C000B
:106A200006E0BDF81C0040F0E000ADF81C00FFE7F8
:106A300040F25430C2F20040808845F21051884242
:106A400005D1FFE74FF45850ADF81A0003E03620A7
:106A5000ADF81A00FFE740F25430C2F200408088DF
:106A600049F24131884214D0FFE740F25430C2F27B
:106A70000040808847F2897188420AD0FFE740F2DF
:106A80005430C2F20040808847F29671884207D1A4
:106A9000FFE7BDF81C0040F00800ADF81C00FFE760
:106AA000BDF81A00BDF81C1000F05EFB40F2543037
:106AB000C2F20040808841F66311884235D0FFE77A
:106AC000BDF81C008006002817D5FFE740F25431BE
:106AD000C2F200410888498888420DDAFFE740F297
:106AE0005431C2F200410888ADF818004888088087
:106AF000BDF818004880FFE716E040F25431C2F2BA
:106B000000410888498888420DDDFFE740F2543192
:106B1000C2F200410888ADF8180048880880BDF826
:106B200018004880FFE7FFE7FFE740F25430C2F269
:106B30000040808845F21051884258D1FFE740F26A
:106B40005430C2F200400390408900F0F1FA002076
:106B5000029000F0DDFA03984089013080B200F025
:106B6000E7FA029800F0D4FA03984089023080B224
:106B700000F0DEFA039800880138C0F30F2000F01F
:106B8000C7FA03984089033080B200F0D1FA039825
:106B900000880138C0B200F0BBFA0398808900F089
:106BA000C7FA029800F0B4FA03988089013080B2E5
:106BB00000F0BEFA029800F0ABFA03988089023028
:106BC00080B200F0B5FA039840880138C0F30F2076
:106BD00000F09EFA03988089033080B200F0A8FA92
:106BE000039840880138C0B200F092FA33E040F2D6
:106BF0005430C2F200400190408900F099FA002020
:106C0000009000F085FA009800F082FA0198008860
:106C10000138C0F30F2000F07BFA0198008801389A
:106C2000C0B200F075FA0198808900F081FA0098EE
:106C300000F06EFA009800F06BFA01984088013875
:106C4000C0F30F2000F064FA019840880138C0B208
:106C500000F05EFAFFE708B080BD00000000000011
:106C600080B586B0ADF81600ADF8141040F254307F
:106C7000C2F20040808841F66311884261D1FFE78B
:106C800040F25430C2F200408079F0B9FFE740F2A0
:106C90005430C2F200400288BDF81610C9431144B6
:106CA000ADF81610408900F043FA0020049000F07F
:106CB0002FFA049800F02CFA9DF8170000F028FA3B
:106CC0009DF8160000F024FA1DE040F25430C2F2A4
:106CD00000400390408900F02BFA9DF8170000F067
:106CE00017FA9DF8160000F013FA0398008801388F
:106CF000C0F30F2000F00CFA039800880138C0B2EE
:106D000000F006FAFFE740F25430C2F20040029071
:106D1000808900F00DFA9DF8150000F0F9F99DF852
:106D2000140000F0F5F9029840880138C0F30F20F4
:106D300000F0EEF9029840880138C0B200F0E8F99E
:106D400050E040F25430C2F20040808845F21051C9
:106D5000884229D1FFE740F25430C2F2004001904E
:106D6000408900F0E5F99DF8170000F0D1F901988D
:106D70004089013080B200F0DBF99DF8160000F088
:106D8000C7F90198808900F0D3F99DF8150000F04B
:106D9000BFF901988089013080B200F0C9F99DF8EF
:106DA000140000F0B5F91CE040F25430C2F200408B
:106DB0000090408900F0BCF99DF8170000F0A8F998
:106DC0009DF8160000F0A4F90098808900F0B0F951
:106DD0009DF8150000F09CF99DF8140000F098F95A
:106DE000FFE7FFE706B080BD10B588B08C46864649
:106DF0000B980A99ADF81EE0ADF81CC08DF81B2069
:106E00008DF81A308DF81910ADF816009DF81A108B
:106E1000C808012202EBD1024B07002B18BF104615
:106E2000490848438DF815009DF81B0020388DF85F
:106E30001B009DF81A000C3801460191142839D81E
:106E40000199DFE801F00B37373717373737373716
:106E5000373721373737373737372D009DF81B0045
:106E600000EB40014BF2C600C9F2000000EB8100CC
:106E7000049020E09DF81B104BF23A50C9F200003C
:106E800000EB0110049016E09DF81B0000EBC00120
:106E90004BF62A30C9F2000000EB810004900AE0B2
:106EA0009DF81B104CF68600C9F2000000EBC110E3
:106EB000049000E07FE0BDF81C00ADF80E0000205B
:106EC0008DF80D00FFE79DF80D009DF81510884224
:106ED00071DAFFE704989DF80D10405C8DF80B0007
:106EE00000208DF80C00FFE79DF80C0007285BDC04
:106EF000FFE79DF80B000006002809D5FFE7BDF865
:106F00001E00BDF81C10BDF81620FCF751FD10E066
:106F10009DF8190060B9FFE7BDF81E00BDF81C1010
:106F200040F20802C2F200421268FCF741FDFFE79E
:106F3000FFE79DF80B0040008DF80B00BDF81C002A
:106F40000130ADF81C00BDF81C0040F25431C2F213
:106F500000414988884201DBFFE72CE0BDF81C00B6
:106F6000BDF80E10401A9DF81A10884215D1FFE79F
:106F7000BDF80E00ADF81C00BDF81E000130ADF8E4
:106F80001E00BDF81E0040F25431C2F200410988D3
:106F9000884201DBFFE70EE006E0FFE79DF80C000A
:106FA00001308DF80C009FE7FFE79DF80D000130E0
:106FB0008DF80D0087E708B010BD0000000000004C
:106FC00010B588B08C4686460C980B990A99ADF896
:106FD0001EE0ADF81CC0ADF81A20ADF818308DF8E1
:106FE0001710ADF814009DF81E008DF81300BDF8C1
:106FF0001E10BDF81A000844ADF81A00BDF81C10A8
:10700000BDF818000844ADF81800FFE70B980178A8
:1070100000207E29039008DCFFE70B980178002010
:107020001F29C8BF01200390FFE70398C007D0B312
:10703000FFE7BDF81E00BDF81A1088420CDBFFE721
:107040009DF81300ADF81E009DF81710BDF81C0048
:107050000844ADF81C00FFE7BDF81C00BDF818108F
:10706000884201DBFFE71EE0BDF81E00BDF81C10E2
:107070000B9A12789DF81730BDF814C0EE46CEF882
:1070800004C04FF0000CCEF800C0FFF7ADFE9DF835
:107090001710BDF81E0000EB5100ADF81E000B9854
:1070A00001300B90B2E708B010BD000000000000F6
:1070B00080B582B08DF80700BE2000F039F80520B9
:1070C00000F026F89DF8070000EE100AB8EEC00B9D
:1070D0009FED0D1B20EE010BBCEEC00B10EE100A55
:1070E00000F016F8012000F013F8FF2000F010F86F
:1070F0000020009000F00CF8009800F009F802B0B1
:1071000080BD00BF00BF00BF66666666666604405D
:1071100081B0ADF80200BDF80200ADF80200BDF884
:1071200002000021C6F20101088001B07047000092
:1071300081B0ADF80200BDF80200ADF80200BDF864
:1071400002004FF6FE71C6F20001088001B07047E0
:1071500040F25430C2F2004000894FF6FE71C6F290
:10716000000108807047000081B0ADF80200ADF862
:107170000010BDF802004FF6FE71C6F20001088053
:10718000BDF800000021C6F20101088001B070477F
:1071900080B58CB000200B900A9009900890079061
:1071A000FFE7FFE744F24050C5F60200016841F0F6
:1071B00008010160006806900698FFE7FFE7FFE717
:1071C000FFE744F24050C5F60200016841F00401B7
:1071D0000160006805900598FFE7FFE74FF48040E5
:1071E0000790012001900890022002900990002051
:1071F00003900A9040F60040C5F6020007A90491EA
:1072000003F06FFA019B029A03980499079308937D
:1072100009920A9040F60000C5F6020003F061FAF8
:10722000FFE740F60040C5F602004FF4804101221E
:1072300003F07FFAFFE7FFE740F60000C5F6020023
:107240000122114603F075FAFFE70CB080BD000083
:1072500080B582B0019040F26430C2F20040C18A31
:107260000139008B0138019A6B461A608AB283B2E9
:107270000021084600F0A4F802B080BD0000000024
:1072800080B5A4B0229001A8842103F05CFA42F2F8
:107290001860C2F20640002101604162C16402210F
:1072A00041672299C0F88C1003F084FA20B1FFE7FF
:1072B00001208DF88F0011E04FF480300190002004
:1072C000129001A803F044FA20B1FFE701208DF8E5
:1072D0008F0003E000208DF88F00FFE79DF88F00FE
:1072E00024B080BD0000000081B08DF803009DF83F
:1072F000031040F26430C2F200404175407D48B94D
:10730000FFE740F26431C2F200414868C882086871
:10731000088308E040F26431C2F200410868C88284
:1073200048680883FFE701B07047000000000000D4
:1073300080B582B0ADF80600ADF80410009240F2BE
:107340006430C2F20040407DF8B9FFE7009840F297
:10735000643CC2F2004C9CF8142040F29001C2F24E
:10736000004151F822109CF81A20DCF80030DCF8BB
:1073700004E0BDF806C06FEA0C0CF444BDF804E06C
:1073800003FB0CE35A43885216E0009840F2643342
:10739000C2F200431A7D40F29001C2F2004151F85E
:1073A00022109A7E1B68BDF804C0BDF806E003FBFE
:1073B0000CE35A438852FFE702B080BD0000000092
:1073C00089B0DDF824C0ADF82200ADF82010ADF88A
:1073D0001E20ADF81C300020029040F26430C2F252
:1073E0000040407DE8BBFFE7BDF81E0040F264317D
:1073F000C2F200414968884209D3FFE740F2643095
:10740000C2F2004040680138ADF81E00FFE7BDF849
:10741000220040F26431C2F200414968884209D337
:10742000FFE740F26430C2F2004040680138ADF836
:107430002200FFE7BDF82000069040F26430C2F25F
:1074400000404268BDF81E10C94311440591BDF8C3
:107450001C1004914168BDF82200C0430844039009
:107460000CE0BDF822000690BDF820000590BDF8A4
:107470001E000490BDF81C000390FFE740F2643149
:10748000C2F200410A680498069BC01AC043104427
:10749000ADF806000A7D40F29000C2F2004050F8BC
:1074A0002220887E0968059BDDF818C001FB03C116
:1074B00000FB0120009041F20001C5F200210868A4
:1074C00020F0010008604FF44030086041F23402BF
:1074D000C5F2002202201060BDF8060041F2400211
:1074E000C5F200221060009841F23C02C5F2002271
:1074F00010600398059A801A0130049A069BD21AEC
:10750000013240EA024041F24402C5F2002210601A
:10751000099841F23802C5F200221060086840F074
:1075200001000860FFE741F20400C5F20020006896
:107530008007002809D4FFE7029801300290B0F5D7
:10754000001F01D3FFE700E0EDE741F20801C5F2BB
:107550000021086840F00200086009B07047000090
:1075600080B594B000201290119010900F900E9062
:1075700000F002FAADF84E00BDF84E0044F2423180
:10758000884219D1FFE740F26431C2F200410C9108
:107590004FF4F07008604FF4887048600120088153
:1075A0004881282088810820C88105220A824882D3
:1075B0002120FFF765FE99E0BDF84E0047F28401F7
:1075C00088421AD1FFE740F26431C2F200410B91C8
:1075D0004FF4487008604FF4F07048600120088153
:1075E00048812E2088811720C881D2200882162049
:1075F00048820920FFF744FE77E0BDF84E0047F2CD
:10760000160188421AD1FFE740F26431C2F200410C
:107610000A914FF4806008604FF41670486014209F
:10762000088103224A818C228A81C881A020088295
:107630000C2048820620FFF723FE55E0BDF84E00DF
:1076400047F2180188420BD1FFE740F26431C2F2E1
:1076500000414FF4A06008604FF44870486042E079
:10766000BDF84E0044F2843188421BD1FFE740F25E
:107670006431C2F2004109914FF4487008604FF440
:10768000F070486058200881282048813020888187
:107690002020C8810D200882032048820920FFF79E
:1076A000EFFD1FE0BDF84E0041F21801884218D1ED
:1076B000FFE740F26431C2F2004108914FF4A0604C
:1076C00008604FF4487048608C2008810A20488187
:1076D0008881C8810882032048820620FFF7D0FDF8
:1076E000FFE7FFE7FFE7FFE7FFE7FFE740F264316F
:1076F000C2F20041086840F25432C2F200421080E7
:107700004868508040F29002C2F2004240F200000D
:10771000C7F20000106002208876FFE7FFE744F21E
:107720004050C5F60200016841F0080101600068A0
:107730000D900D98FFE7FFE74FF400400E900120F9
:107740000F9010900220119040F60040C5F6020004
:107750000EA902F0C6FF40F29801C2F2004141F2C8
:107760000000C5F200000860002048608860C86022
:10777000BDF84E0041F21801884208D1FFE740F2FF
:107780009801C2F200414FF08050086106E040F2DB
:107790009801C2F2004100200861FFE740F2643224
:1077A000C2F2004206921089411E40F29800C2F2D5
:1077B00000400590416151890139816111899389A6
:1077C00019440139C1615189D389194401390162D0
:1077D0001189938919441368194401394162518907
:1077E000D3891944536819440139816211899389F5
:1077F000194413681944138A19440139C162518923
:10780000D389194453681944528A114401390163D8
:107810000021079180F8361080F8351080F8341078
:10782000F9F7A6F80598F9F7F7F8079840F29001EC
:10783000C2F2004109686A46D060072393600623BC
:10784000536010600222FF2300F01EF80698079A8A
:1078500003888088694608601046114600F064F885
:10786000079800F039F9FFE740F60040C5F602003E
:107870004FF40041012202F05CFFFFE74FF0FF30C0
:10788000FFF7E6FC14B080BDB0B592B094468E46CA
:107890000446199818981799169A8DF84740CDF80C
:1078A00040E08DF83FC08DF83E308DF83D208DF8DA
:1078B0003C108DF83B0001A80090342102F043FFFA
:1078C000009900200190029040F26432C2F200421E
:1078D00013680393536804939DF83F3005939DF814
:1078E0003E3006939DF83D3007939DF83C301B02D7
:1078F00008939DF83B300993109B0A9313680B93F0
:1079000052680C928DF836008DF8350019988DF874
:1079100034009DF8472040F29800C2F20040F8F78A
:10792000C7FF12B0B0BD000080B584B08446069891
:107930008DF80FC0ADF80C10ADF80A20ADF8083086
:10794000ADF80600BDF80C10BDF80A209DF80F3008
:1079500040F29800C2F200400090F9F78DFA0098CA
:10796000BDF80810BDF806209DF80F30F9F7D0FAE1
:1079700004B080BD0000000080B592B000201090DF
:107980000F900E900D900C90FFE744F24050C5F61A
:107990000200016841F00101016000680A900A9844
:1079A000FFE7FFE744F24050C5F60200016841F0EE
:1079B00002010160006809900998FFE7FFE744F2BF
:1079C0004050C5F60200016841F0400101600068C6
:1079D00008900898FFE7042005900C9000200D9077
:1079E000012002900E9002200F900020C5F60200A8
:1079F00006900CA9009102F074FE00994FF480608B
:107A000003900C9040F20040C5F60200049002F092
:107A100068FE009902980C9041F60000C5F602003D
:107A2000019002F05EFE0198029902F0C8FE0399EF
:107A300002460498002A18BF01228DF82F2002F078
:107A4000BEFE059903460698002B18BF01239DF83A
:107A50002F2042EA43028DF82F2002F0B0FE0146AB
:107A6000002918BF01219DF82F0040EA81008DF800
:107A70002F009DF82F0001460791052823D807996C
:107A8000DFE801F003080D12171C44F24230ADF894
:107A900046001CE047F28400ADF8460017E047F2CC
:107AA0001600ADF8460012E047F21800ADF84600A7
:107AB0000DE044F28430ADF8460008E041F21800D1
:107AC000ADF8460003E00020ADF84600FFE7BDF842
:107AD000460012B080BD000081B08DF803009DF813
:107AE000030040F26431C2F20041087501B07047F2
:107AF00080B582B08DF8070004208DF806009DF84F
:107B0000072040F22400C2F20040009000EB820007
:107B1000C0694FF60801C9F2000151F822109DF822
:107B200006204A43002100F047F800989DF807100E
:107B30000144012081F8300002B080BD0000000047
:107B400083B08DF80B00002001900090FFE70098B3
:107B50009DF80B204FF60801C9F2000151F82210E0
:107B6000884217D2FFE79DF80B1040F22400C2F2C2
:107B7000004000EB8100C069009950F8210020B15D
:107B8000FFE7019801300190FFE7FFE7009801301F
:107B90000090DCE701984FF47A7148439DF80B2080
:107BA0004FF60801C9F2000151F82210B0FBF1F0C4
:107BB00080B203B07047000084B003908DF80B10C2
:107BC000019203980090FFE70198411E019138B19E
:107BD000FFE79DF80B0000994A1C00920870F3E73C
:107BE00004B070470000000080B586B00590049195
:107BF00044F6D070C2F206400068029042F2803033
:107C0000C2F206400268002182F859100068043070
:107C100001F0A2F988B9FFE742F28030C2F20640D3
:107C20000068C16A012000FA01F244F6D061C2F294
:107C3000064108689043086000E0FFE705980130BE
:107C400018BBFFE7049800B3FFE744F6A871C2F23F
:107C5000064148680190019A42F28030C2F2064023
:107C600003689A60019A92680368DA6002680432D5
:107C7000019B9B685A6002680432019B9A6000680D
:107C800041610868013008603DE0029805990844A8
:107C90000390039842F28031C2F2064109684860BD
:107CA0000398029988420ED2FFE742F29030C2F266
:107CB0000640006842F28031C2F206410968043190
:107CC00001F08EF91EE042F28830C2F206400068F0
:107CD00042F28031C2F206410968043101F080F9B4
:107CE000039844F63471C2F206410968884207D20B
:107CF000FFE7039844F63471C2F20641086000E0E1
:107D0000FFE7FFE7FFE706B080BD000000000000CE
:107D100080B582B0019001F0C7F944F6C061C2F2AB
:107D2000064108680130086042F28030C2F2064025
:107D3000006898B9FFE7019842F28031C2F206412B
:107D4000086044F6C060C2F206400068012803D112
:107D5000FFE700F005FB00E0FFE71CE044F69C7045
:107D6000C2F206400068A0B9FFE742F28030C2F2DA
:107D700006400068C06A0199C96A884207D8FFE7CF
:107D8000019842F28031C2F20641086000E0FFE74C
:107D900000E0FFE7FFE744F6CC60C2F2064001686E
:107DA000013101600068019948640198C16A0120AD
:107DB00000FA01F244F6D061C2F2064108681043AD
:107DC00008600198C06A00EB800042F29831C2F26C
:107DD000064101EB8000406800900098019A906095
:107DE00000988068019AD06001980430009A9268E7
:107DF000506001980430009A9060019AD06A00EBBC
:107E0000800001EB800050610198C06A00EB8002A5
:107E100051F82200013041F8220001F075F944F6D2
:107E20009C70C2F206400068C8B1FFE742F28030A1
:107E3000C2F206400068C06A0199C96A88420CD241
:107E4000FFE74EF60451CEF200014FF0805008607B
:107E5000BFF34F8FBFF36F8F00E0FFE700E0FFE756
:107E600002B080BD0000000080B582B001F01CF9B6
:107E700044F6D470C2F206400068B0BBFFE744F697
:107E8000D460C2F20640009001F08AF844F6E8603F
:107E9000C2F20640019001F083F80099019842F285
:107EA0008432C2F20642116042F29431C2F20641BB
:107EB000086005201021002201F05EFD014644F615
:107EC000D470C2F206400160006860B1FFE744F67A
:107ED000D470C2F2064000684FF6D501C9F2000125
:107EE00001F0CAF900E0FFE700E0FFE701F00CF95C
:107EF00002B080BD0000000080B582B0FFE744F60C
:107F0000C460C2F20640006808B3FFE701F0CCF895
:107F100044F6BC70C2F20640C068C0680190019887
:107F2000043001F019F844F6C061C2F20641086855
:107F30000138086044F6C461C2F20641086801389D
:107F4000086001F0E1F8019800F092F8D7E702B07C
:107F500080BD00000000000080B582B0019000915B
:107F60000198006CB8B1FFE70199C8680A6C104429
:107F7000C86001988168C068884204D3FFE701990E
:107F80000868C86000E0FFE70098019AD168126CA9
:107F9000F8F767F8FFE702B080BD000000000000BE
:107FA00080B586B005900491039200200290059858
:107FB000806B01900598006C78B9FFE70598006820
:107FC00048B9FFE70598806802F0CEF8029005995D
:107FD0000020886000E0FFE741E00398B8B9FFE7C0
:107FE000059A04995068126CF8F73BF805994868AF
:107FF0000A6C10444860059948688968884204D32F
:10800000FFE705990868486000E0FFE726E0059A69
:108010000499D068126CF8F724F80599C8680A6CBE
:10802000801AC86005980168C068884206D2FFE7D8
:10803000059988680A6C801AC86000E0FFE7039819
:10804000022809D1FFE7019820B1FFE70198013824
:10805000019000E0FFE700E0FFE7FFE7FFE701989E
:10806000013005998863029806B080BD00000000C9
:1080700080B582B001900198006B01F06DF8019815
:1080800001F06AF802B080BD82B0019042F2843003
:10809000C2F2064000680068B0FA80F04009019919
:1080A00008600198006848B9FFE742F28430C2F2E4
:1080B00006400068C0680068009002E00020009060
:1080C000FFE7009802B0704784B04FF42050009052
:1080D00042F2B560C2F2064001909DF804004007EC
:1080E00088B1FFE7019807300190019820F0070060
:1080F0000190019A42F2B561C2F206410098891AD4
:1081000008440090FFE701980290029944F6A0709D
:10811000C2F206400160002141600298009A1044BA
:108120000190019808380190019820F00700019013
:10813000019A42F28C30C2F206400260026851603D
:1081400002681160029903910199039A891A51609A
:108150000068039908600398406844F63071C2F2E1
:10816000064108600398406844F62871C2F206414F
:10817000086044F6FC61C2F206414FF0004008601E
:1081800004B070470000000080B582B00190FFE7A6
:10819000FFF7B2FE42F29830C2F2064000680228B1
:1081A0000CD3FFE74EF60451CEF200014FF08050A1
:1081B0000860BFF34F8FBFF36F8F00E0FFE7E7E783
:1081C00080B584B0DDF818C00390029101928DF85B
:1081D0000330029818B9FFE70698006003E00198A1
:1081E00006990860FFE703980699C8630298069904
:1081F00008640698012101F00FFC9DF80300069920
:1082000081F8500006990020886404B080BD000009
:1082100080B588B0DDF834C0DDF830C0DDF82CC0A2
:10822000DDF828C007900691059204930C98006B26
:1082300005998900A52202F0C7FA0C98006B0599F0
:1082400000EB810004380390039820F007000390AE
:108250009DF80C00400768B1FFE74FF66B00C9F2CC
:1082600000004FF6B201C9F200014FF4587202F05B
:10827000B5FAFFE70698F8B1FFE700200290FFE7A4
:1082800002980F2813D8FFE70698029A805C0C9991
:10829000114481F8340006980299405C08B9FFE760
:1082A00005E0FFE7FFE7029801300290E8E70C994C
:1082B000002081F8430004E00C99002081F834008C
:1082C000FFE70A9820280DD3FFE74FF66B00C9F2AD
:1082D00000004FF6B201C9F2000140F2973202F0FD
:1082E0007DFAFFE70A98202803D3FFE71F200A90B2
:1082F00000E0FFE70A980C99C8620A980C99C864D4
:108300000C990020019008650C98043000F060FE84
:108310000C98183000F05CFE01980C9909610A99DC
:10832000C1F120010C9A91610C9949620C99486540
:108330000C9981F858000C9981F859000398079915
:10834000049A00F019FD0C9908600B9820B1FFE722
:108350000C980B99086000E0FFE708B080BD0000B2
:1083600080B584B000200390FFE703981F2810D841
:10837000FFE7039800EB800142F29830C2F206401A
:1083800000EB810000F00CFEFFE703980130039042
:10839000EBE744F60070C2F20640019000F000FEE8
:1083A00044F61470C2F20640029000F0F9FD44F663
:1083B0004870C2F2064000F0F3FD44F6BC70C2F211
:1083C000064000F0EDFD44F6A870C2F2064000F051
:1083D000E7FD0199029842F28832C2F2064211602A
:1083E00042F29031C2F20641086004B080BD000044
:1083F00083B0029044F6A070C2F206400190FFE7FD
:10840000019800680299884205D2FFE7FFE70198CA
:1084100000680190F4E7019800900098019949687C
:1084200008440299884209D1FFE7029842680199FD
:108430004868104448600198029000E0FFE7029805
:108440000090009802994968084401990968884297
:1084500020D1FFE70198006842F28C31C2F2064158
:10846000096888420DD0FFE70198006842680299C8
:1084700048681044486001980068006802990860E4
:1084800007E042F28C30C2F20640006802990860B0
:10849000FFE704E00198006802990860FFE701988F
:1084A0000299884204D0FFE702980199086000E031
:1084B000FFE703B07047000080B586B005900491D7
:1084C0000392029300200190049805994860059852
:1084D000006104980399884216D8FFE7039802992F
:1084E000401A05998969884203D3FFE7012001906A
:1084F00009E042F29430C2F2064000680599043166
:1085000000F06EFDFFE717E003980299884208D259
:10851000FFE704980299884203D3FFE70120019006
:1085200009E042F28430C2F2064000680599043145
:1085300000F056FDFFE7FFE7019806B080BD0000A0
:1085400080B582B0019000F0AFFD0198806B18B942
:10855000FFE70120009002E000200090FFE700F01C
:10856000D3FD009802B080BD80B584B0039003981D
:10857000806C029000200190029868B9FFE74FF6E6
:108580006B00C9F200004FF67B01C9F2000140F612
:10859000D53202F023F9FFE70298806B0299C96B8C
:1085A00088420DD3FFE74FF66B00C9F200004FF68B
:1085B0007B01C9F2000140F6D63202F00FF9FFE765
:1085C0000298806B0299C96B88423BD2FFE7029800
:1085D00090F845008DF80300029803A90022FFF7E8
:1085E000DFFC01909DF90300013088B9FFE7029894
:1085F000406A58B1FFE70298243001F055FE18B1E7
:10860000FFE70120019000E0FFE700E0FFE718E04E
:108610009DF903007F280DD1FFE74FF66B00C9F2EB
:1086200000004FF67B01C9F2000140F6F63202F07D
:10863000D5F8FFE79DF803000130029981F8450065
:10864000FFE700E0FFE7019804B080BD00000000F4
:1086500008480068006880F308884FF0000080F345
:10866000148862B661B6BFF34F8FBFF36F8F00DF20
:1086700000BF000008ED00E080B584B003900291D7
:1086800042F28430C2F206400068C068C0680190BF
:108690000198043000F060FC019890F82800400731
:1086A000002806D5FFE701980399029A00F024F903
:1086B00007E0019991F8280000F0FE0081F82800F9
:1086C000FFE70198016A884704B080BD0000000000
:1086D00080B58AB0FFE744F6D470C2F20640006865
:1086E00006A9002201F020FA002800F0B380FFE77D
:1086F0000698B0F1FF3F19DCFFE706A804300290AE
:10870000029868B9FFE74FF66B00C9F200004FF618
:10871000DA01C9F2000140F2063202F05FF8FFE729
:1087200002990A6848688968904700E0FFE7069860
:10873000002800F18E80FFE70898059005984069B1
:1087400028B1FFE70598043000F006FC00E0FFE7E1
:1087500004A800F00DF90390069801380146019134
:10876000082800F274800199DFE801F00505323A2B
:108770005D0505323A00059991F8280040F00100A6
:1087800081F828000598079B81691944039AFFF72F
:1087900093FED8B1FFE7059890F82800400700281D
:1087A00008D5FFE70598079982691144039A00F0FC
:1087B000A3F807E0059991F8280000F0FE0081F881
:1087C0002800FFE70598016A884700E0FFE73FE0DF
:1087D000059991F8280000F0FE0081F8280037E0A4
:1087E000059991F8280040F0010081F828000798C9
:1087F000059988610598806968B9FFE74FF66B00B5
:10880000C9F200004FF6DA01C9F2000140F2593214
:1088100001F0E4FFFFE70598039B816919441A46BC
:10882000FFF74AFE14E0059890F82800800700281A
:1088300004D4FFE7059800F08FFC07E0059991F854
:10884000280000F0FE0081F82800FFE700E0FFE7C5
:10885000FFE740E70AB080BD80B584B00390029185
:1088600000F06AFF684600F083F801900098D8BBDA
:10887000FFE7029860B9FFE703980199884207D89B
:10888000FFE701F0DDFD03980199FFF7F5FE2AE00F
:10889000029858B1FFE742F29430C2F206400068F5
:1088A0000068B0FA80F040090290FFE744F6D47007
:1088B000C2F2064000680399019A891A029A00F0F0
:1088C0003BFD01F0BDFD60B9FFE74EF60451CEF26D
:1088D00000014FF080500860BFF34F8FBFF36F8FE0
:1088E00000E0FFE7FFE702E001F0AAFDFFE704B0C8
:1088F00080BD00000000000080B584B003900291AC
:108900000192FFE70398029B81691944019AFFF7DE
:10891000D3FD48B1FFE703988169029808440290AB
:108920000398016A8847EDE704B080BD00000000AD
:1089300042F28830C2F206400068006840B9FFE7A2
:1089400044F63471C2F206414FF0FF3008600CE08B
:1089500042F28830C2F206400068C068006844F6FF
:108960003471C2F206410860FFE770470000000062
:1089700080B582B0019001F0B7FA0090009842F201
:108980007C31C2F206410968884206D2FFE700F056
:1089900013F801990120086003E0019900200860A4
:1089A000FFE7009842F27C31C2F20641086000986D
:1089B00002B080BD0000000080B582B0FFE742F247
:1089C0008430C2F206400068006870B1FFE742F2EE
:1089D0008430C2F206400068C068006801900198C7
:1089E0004FF0FF31FFF748FEE9E742F28432C2F26E
:1089F00006421068009042F29431C2F206410868C3
:108A000010600098086002B080BD00000000000007
:108A100080B582B00020009040F26400C2F20040B5
:108A20000068013060B1FFE74FF66B00C9F200004B
:108A30004FF63B11C9F20001E12201F0CFFEFFE742
:108A40004FF0500072B680F31188BFF36F8FBFF301
:108A50004F8F62B60190FFE7009808B9FFE7FBE788
:108A600002B080BD0000000080B584B00390FFE735
:108A700001A8FFF709FB029002980199FFF7ECFEAD
:108A8000FFF726FEF4E7000080B582B0019000F009
:108A90000BFB019890F845008DF80300FFE79DF966
:108AA0000300012825DBFFE70198806C50B1FFE748
:108AB0000198FFF759FD18B1FFE700F06DFD00E0E8
:108AC000FFE710E00198406A58B1FFE701982430B1
:108AD00001F0EAFB18B1FFE700F05EFD00E0FFE700
:108AE00000E006E0FFE79DF8030001388DF8030081
:108AF000D5E70199FF2081F8450000F005FB00F063
:108B0000D3FA019890F844008DF80200FFE79DF930
:108B10000200012816DBFFE70198006980B1FFE73A
:108B20000198103001F0C0FB18B1FFE700F034FDF0
:108B300000E0FFE79DF8020001388DF8020000E038
:108B400000E0E4E70199FF2081F8440000F0DCFA3E
:108B500002B080BD0000000080B586B00590002006
:108B6000019000F0E9FD42F28C30C2F2064000684C
:108B700018B9FFE7FFF7A8FA00E0FFE7059844F609
:108B8000FC61C2F206410968084240F0DA80FFE762
:108B9000059890B3FFE7059901F1080088422CD9A8
:108BA000FFE70598083005909DF81400400710B3C2
:108BB000FFE7059921F007000830884217D9FFE741
:108BC000059820F00700083005909DF81400400734
:108BD00060B1FFE74FF66B00C9F200004FF60611D7
:108BE000C9F200019C2201F0F9FDFFE702E000203C
:108BF0000590FFE700E0FFE702E000200590FFE7B7
:108C00000598002800F09B80FFE7059844F628713E
:108C1000C2F206410968884200F29180FFE744F6FB
:108C2000A070C2F20640039000680490FFE7049829
:108C30004168059A00209142009007D2FFE704980E
:108C40000068002818BF01200090FFE70098C007C7
:108C500030B1FFE704980390049800680490E6E7B9
:108C6000049842F28C31C2F206410968884264D00D
:108C7000FFE70398006808300190049800680399A2
:108C80000860049840680599401A112822D3FFE72C
:108C900004980599084402909DF80800400760B1C7
:108CA000FFE74FF66B00C9F200004FF60611C9F25C
:108CB0000001CF2201F092FDFFE70498406805997A
:108CC000401A029948600598049948600298FFF795
:108CD0008FFB00E0FFE70498426844F62870C2F278
:108CE00006400168891A0160006844F63071C2F2DA
:108CF0000641096888420BD2FFE744F62870C2F2A9
:108D00000640006844F63071C2F20641086000E097
:108D1000FFE744F6FC60C2F2064002680499486826
:108D20001043486004990020086044F63C71C2F288
:108D3000064108680130086000E0FFE700E0FFE757
:108D400000E0FFE701F07CFB9DF80400400768B1FC
:108D5000FFE74FF66B00C9F200004FF60611C9F2AB
:108D600000014FF4887201F039FDFFE7019806B069
:108D700080BD00000000000083B0029001910092CD
:108D800002980438029002994FF0807008600298AF
:108D900004380290019820F00100029908600298BE
:108DA00004380290029948F61120C9F200000860C8
:108DB00002981438029000980299086002980438CA
:108DC000029002996FF00200086002982038029029
:108DD000029803B07047000080B586B0059000F09F
:108DE00063F940F28400C2F2004069464860022004
:108DF000086048F65160C9F200004FF62F01C9F231
:108E00000001802203920023049301F005F8039AE5
:108E1000049B40F28800C2F200406946486003208B
:108E2000086048F61170C9F200004FF63B01C9F224
:108E3000000100F0F1FF40F28000C2F20040006843
:108E400000F0EAFA00F060F906B080BD0000000012
:108E500080B588B0079000200690FFE706980130A3
:108E60000690410842F29342C9F24922A1FB021244
:108E70009108C900A1EB9201A0EB410140F20C0066
:108E8000C2F2004030F81100FAF736FC68464FF4A1
:108E90007841039181604FF63501C9F200014160CC
:108EA000202303600A210491DC2205920846FEF784
:108EB00087F8039B0498059A69468B604FF64F0329
:108EC000C9F200034B6018230B602F21FEF778F8DE
:108ED000039B0498059A69468B604FF64103C9F2DB
:108EE00000034B6010230B604C21FEF769F8FFE78D
:108EF00040F60040C5F602004FF4804101F069FCE5
:108F0000FFE74FF47A7000F04BFAA7E7000000008B
:108F100080B582B0019000200090FFE79DED000A2F
:108F20009FED0B1A30EE010A8DED000A9DED000A4F
:108F3000B7EEC00A53EC102B4FF61C00C9F200002C
:108F400001F04CFC4FF47A7000F02AFAE6E700BF1B
:108F50000AD7233C0000000082B00190019800690C
:108F60000090019841688068886001994868896824
:108F70004860009840680199884205D1FFE7019850
:108F800080680099486000E0FFE7019900200861CF
:108F900000990868013808600098006802B07047BE
:108FA00081B00090009901F10800486000994FF0ED
:108FB000FF308860009901F10800C860009901F154
:108FC0000800086100990020086001B070470000A7
:108FD00081B0009000990020086101B07047000046
:108FE00084B00390029102980068009000980130CC
:108FF00020B9FFE703980069019010E0039808305A
:109000000190FFE70198406800680099884205D800
:10901000FFE7FFE7019840680190F3E7FFE7019859
:1090200040680299486002984168886001980299F6
:109030008860029801994860039802990861039931
:1090400008680130086004B07047000000000000AC
:1090500083B00290019102984068009000980199B5
:109060004860009880680199886001980099896833
:1090700048600198009988600298019908610299F6
:1090800008680130086003B070470000000000006D
:10909000DFF80C00016841F47001016070470000C6
:1090A00088ED00E00000000080B582B04FF0500075
:1090B00072B680F31188BFF36F8FBFF34F8F62B624
:1090C000019040F26400C2F2004001680131016089
:1090D0000068012816D1FFE74EF60450CEF20000DA
:1090E0000068000668B1FFE74FF66B00C9F20000A8
:1090F0004FF63B11C9F200014FF4CD7201F06EFB47
:10910000FFE7FFE702B080BD80B582B040F26400A7
:10911000C2F20040006868B9FFE74FF66B00C9F281
:1091200000004FF63B11C9F2000140F2A11201F01C
:1091300055FBFFE740F26400C2F2004001680139CC
:109140000160006830B9FFE700200190019880F3CA
:109150001188FFE702B080BD80B584B0039003980A
:1091600002900398002860D0FFE702980838029028
:10917000029801900198406844F6FC61C2F20641F1
:10918000096808420DD1FFE74FF66B00C9F20000F5
:109190004FF60611C9F200014FF4927201F01EFB66
:1091A000FFE70198006868B1FFE74FF66B00C9F26E
:1091B00000004FF60611C9F2000140F2251201F03D
:1091C0000DFBFFE70198406844F6FC61C2F20641DE
:1091D0000968084227D0FFE70198006808BBFFE74D
:1091E00044F6FC60C2F20640026801994868904368
:1091F000486000F0A1FA0198426844F62871C2F272
:1092000006410868104408600198FFF7F1F844F639
:109210004071C2F2064108680130086001F010F99F
:1092200000E0FFE700E0FFE7FFE704B080BD0000DB
:109230004EF21001CEF20001002008604EF218023A
:10924000CEF20002106040F20400C2F2004000685A
:1092500044F6D352C1F26202A0FB02024FF0FF308B
:1092600000EB92104EF21402CEF2000210600720C2
:10927000086070470000000080B584B00390029140
:10928000039868B9FFE74FF66B00C9F200004FF68C
:109290007B01C9F2000140F6C82201F09FFAFFE706
:1092A000002000900298C8B3FFE700200190FFE77C
:1092B0000198072831D8FFE70398019A44F65C71BA
:1092C000C2F2064101EBC2014968884209D1FFE7B9
:1092D000019944F65C70C2F2064000EBC1000090B8
:1092E0001BE0009890B9FFE7019944F65C70C2F268
:1092F000064050F8310048B9FFE7019944F65C7028
:10930000C2F2064000EBC100009000E0FFE7FFE77B
:10931000FFE7019801300190CAE7FFE7009838B1F4
:10932000FFE7029800990860039800994860FFE7FA
:1093300004B080BD0000000080B584B003900291AD
:10934000019203980090FFF7AFFE009890F9440057
:10935000013028B9FFE70099002081F84400FFE7B9
:10936000009890F94500013028B9FFE700990020E6
:1093700081F84500FFE7FFF7C7FE0098806B38B91A
:10938000FFE7009824300299019A00F031F900E0DB
:10939000FFE70098FFF778FB04B080BD00000000F5
:1093A00080B582B00190002000900198F0B1FFE7F5
:1093B00044F6C860C2F20640006868B1FFE74FF6A5
:1093C0006B00C9F200004FF6B201C9F2000140F291
:1093D000495201F003FAFFE700F0AEF901980021CD
:1093E000FEF702FC01F02CF8009000E0FFE7009887
:1093F00060B9FFE74EF60451CEF200014FF0805005
:109400000860BFF34F8FBFF36F8F00E0FFE702B03C
:1094100080BD00000000000080B584B00390FFF71D
:1094200043FE039838B9FFE742F28030C2F20640AB
:109430000068019002E003980190FFE70198029014
:1094400002980430FFF788FDD0B9FFE70298C06AA0
:1094500000EB800142F29830C2F2064050F8210041
:1094600068B9FFE70298C16A012000FA01F244F6E8
:10947000D061C2F20641086890430860FFE700E04F
:10948000FFE70298806A28B1FFE702981830FFF7DB
:1094900063FD00E0FFE744F6CC61C2F206410868D4
:1094A00001300860029842F28031C2F20641096838
:1094B000884210D1FFE70298011D44F6BC70C2F249
:1094C0000640FFF7C5FD44F6C461C2F206410868D4
:1094D0000130086009E044F6C061C2F20641086844
:1094E00001380860FFF724FAFFE7FFF70DFE029846
:1094F00042F28031C2F206410968884204D0FFE797
:109500000298FEF7B5FDFFE744F69C70C2F20640F4
:10951000006858B3FFE7029842F28031C2F2064178
:109520000968884220D1FFE744F6C860C2F20640CD
:10953000006868B1FFE74FF66B00C9F200004FF614
:10954000B201C9F2000140F2DC4201F047F9FFE745
:109550004EF60451CEF200014FF080500860BFF388
:109560004F8FBFF36F8F00E0FFE7FFE704B080BDD0
:1095700081B0009044F63870C2F20640006800994D
:10958000086044F6D070C2F2064000680099486056
:1095900001B070470000000044F6DC71C2F20641E1
:1095A000012008607047000080B582B001900091F2
:1095B000019868B9FFE74FF66B00C9F200004FF65B
:1095C000B201C9F2000140F61C4201F007F9FFE7C1
:1095D000019842F28031C2F2064109681831FFF762
:1095E000FFFC00980121FEF7FFFA02B080BD0000E9
:1095F00080B584B0039002910192039868B9FFE7A7
:109600004FF66B00C9F200004FF6B201C9F200013B
:1096100040F6524201F0E2F8FFE7039840680090FC
:10962000009842F28031C2F206410A68D061009887
:1096300080680A68106208681830009A9268506062
:1096400008681830009A9060039809688862039946
:10965000086801300860019820B1FFE74FF0FF3043
:109660000290FFE702980199FEF7BEFA04B080BDB0
:1096700080B584B044F62C71C2F206416846416060
:109680000023036048F28910C9F200004FF6AD01D3
:10969000C9F20001802200F0BFFB0290029801286D
:1096A00004D1FFE700F0E0FF029000E0FFE702983E
:1096B000012825D1FFE74FF0500072B680F31188E2
:1096C000BFF36F8FBFF34F8F62B6039044F63471D0
:1096D000C2F206414FF0FF30086044F69C71C2F2BE
:1096E00006410120086044F6D071C2F20641002014
:1096F000086000F08DF808B1FFE700E0FFE711E037
:109700000298013068B9FFE74FF66B00C9F200001C
:109710004FF6B201C9F200014FF4046201F05EF8A5
:10972000FFE7FFE74FF67810C9F20000006804B0C9
:1097300080BD00000000000044F6C861C2F206418E
:10974000086801300860704780B584B044F6C8608E
:10975000C2F20640006838B1FFE744F6DC71C2F29D
:109760000641012008604FE044F6DC71C2F2064178
:109770000020086044F6D060C2F206400068039002
:109780000398B0FA80F08DF80B009DF80B00C0F143
:109790001F000190019800EB800142F29830C2F264
:1097A000064050F8210068B9FFE74FF66B00C9F298
:1097B00000004FF6B201C9F2000140F6024201F08A
:1097C0000DF8FFE7019800EB800142F29830C2F2F9
:1097D000064000EB810000900099486840684860AE
:1097E000009948680831884205D1FFE70099486828
:1097F00040684860FFE700984068C06842F28031E6
:10980000C2F206410860FFE704B080BD000000001E
:1098100080B584B04EF20040CEF200000290017894
:109820000391FF21017000788DF807009DF8070073
:1098300000F0500044F6B561C2F20641087044F6EB
:10984000B861C2F2064107200860FFE79DF80700F3
:10985000000600280DD5FFE744F6B861C2F20641C4
:109860000868013808609DF8070040008DF807007F
:10987000ECE744F6B860C2F20640006803280DD059
:10988000FFE74FF66B00C9F200004FF63B11C9F23B
:1098900000014FF4A67200F0A1FFFFE744F6B860A4
:1098A000C2F20640006803280DD0FFE74FF66B00B8
:1098B000C9F200004FF63B11C9F2000140F2551207
:1098C00000F08CFFFFE744F6B861C2F20641086879
:1098D00000020860086800F4E060086003984EF237
:1098E0000041CEF2000108704EF62051CEF2000188
:1098F000086840F470000860086840F07040086034
:10990000FFF796FC40F26401C2F200410020009093
:109910000860FFF7BDFB4EF63471CEF20001086817
:1099200040F040400860FEF793FEFFF70DFFFFF7A1
:109930006FF8009804B080BD80B582B04FF0500041
:1099400072B680F31188BFF36F8FBFF34F8F62B68B
:10995000009000F0D5FA40B1FFE74EF60451CEF288
:1099600000014FF080500860FFE70020019001984F
:1099700080F3118802B080BD80B588B00790069151
:109980008DF8172000200490079880B3FFE707990F
:109990004FF0FF30B0FBF1F00699884227D3FFE784
:1099A00007980699484310F1550F20D8FFE707980C
:1099B00006994843039003985430FFF7CDF804907C
:1099C000049890B1FFE704980290029854300290F6
:1099D00007980699029A9DF81730DDF810C0EE46F8
:1099E000CEF800C0FEF7ECFB00E0FFE710E00498C3
:1099F00068B9FFE74FF66B00C9F200004FF67B0134
:109A0000C9F200014FF4E37200F0E8FEFFE7FFE760
:109A1000049808B080BD000080B584B00390029126
:109A20000120019003980090009868B9FFE74FF675
:109A30006B00C9F200004FF67B01C9F200014FF440
:109A4000887200F0CBFEFFE70098002856D0FFE7B1
:109A50000098C06B002851D0FFE70098C26B016CE2
:109A60004FF0FF30B0FBF2F0884247D3FFE7FFF73B
:109A70001BFB00990B68C86B0A6C00FB0230886006
:109A800000990020886300990868486000990B6875
:109A9000C86B0A6C013800FB0230C8600099FF20D7
:109AA00081F84400009981F845000298D0B9FFE799
:109AB00000980069A0B1FFE70098103000F0F4FBB7
:109AC00060B1FFE74EF60451CEF200014FF0805036
:109AD0000860BFF34F8FBFF36F8F00E0FFE700E038
:109AE000FFE708E000981030FFF75AFA009824309A
:109AF000FFF756FAFFE7FFF707FB02E000200190AF
:109B0000FFE7019868B9FFE74FF66B00C9F2000064
:109B10004FF67B01C9F2000140F2451200F05EFEF3
:109B2000FFE7019804B080BD80B58CB00A90099120
:109B30000892002007900A980490049868B9FFE7FB
:109B40004FF66B00C9F200004FF67B01C9F200012D
:109B500040F2515200F042FEFFE7099900200290C6
:109B600039B9FFE70498006C002818BF0120029063
:109B7000FFE70298C00768B1FFE74FF66B00C9F234
:109B800000004FF67B01C9F2000140F2555200F08F
:109B900025FEFFE700F08CF901460020019031B965
:109BA000FFE70898002818BF01200190FFE70198FF
:109BB000C00768B1FFE74FF66B00C9F200004FF62F
:109BC0007B01C9F2000140F25A5200F007FEFFE7A4
:109BD000FFE7FFF769FA0498806B0390039830B3AE
:109BE000FFE704980999FEF7B7F90398013804993B
:109BF000886304980069A0B1FFE70498103000F072
:109C000053FB60B1FFE74EF60451CEF200014FF076
:109C100080500860BFF34F8FBFF36F8F00E0FFE706
:109C200000E0FFE7FFF770FA01200B906DE0089865
:109C300028B9FFE7FFF768FA00200B9065E0079866
:109C400030B9FFE705A8FFF793FC0120079000E07B
:109C5000FFE7FFE7FFE7FFF757FAFFF76DFDFFF7B5
:109C600023FA049890F94400013028B9FFE70499D9
:109C7000002081F84400FFE7049890F94500013086
:109C800028B9FFE70499002081F84500FFE7FFF7B6
:109C90003BFA05A808A900F03BF830BBFFE70498A1
:109CA000FEF74EFCD0B1FFE7049824300899FFF787
:109CB0007BFC0498FEF7E8FE00F0C2FB60B9FFE70A
:109CC0004EF60451CEF200014FF080500860BFF311
:109CD0004F8FBFF36F8F00E0FFE705E00498FEF7BA
:109CE000D3FE00F0ADFBFFE70EE00498FEF7CCFEDC
:109CF00000F0A6FB0498FEF723FC18B1FFE7002054
:109D00000B9002E0FFE7FFE763E70B980CB080BD24
:109D100080B586B005900491059868B9FFE74FF6C5
:109D20006B00C9F200004FF6B201C9F2000140F623
:109D3000FD4200F053FDFFE7049868B9FFE74FF6D6
:109D40006B00C9F200004FF6B201C9F2000140F603
:109D5000FE4200F043FDFFE7FFF7A6F944F6D0709E
:109D6000C2F2064000680290029805994968401ABC
:109D7000019042F28030C2F20640006890F859002B
:109D800058B1FFE742F28030C2F20640016800207D
:109D900081F859000120039037E0049800680130F1
:109DA00018B9FFE7002003902EE044F63870C2F2A5
:109DB000064000680599096888420CD0FFE70298C0
:109DC00005994968884206D3FFE70120039004996A
:109DD0000020086017E001980499096888420BD2B6
:109DE000FFE7019A04990868801A08600598FFF750
:109DF000BFFB0020039005E00499002008600120CB
:109E00000390FFE7FFE7FFE7FFE7FFF77DF9039820
:109E100006B080BD0000000070B58CB0DDF844C015
:109E2000DDF840C00B900A91ADF826200893BDF8EC
:109E300026008000FEF790FE0590059880B1FFE7B0
:109E40005C20FEF789FE0790079820B1FFE7059890
:109E50000799086303E00598FFF77EF9FFE702E042
:109E600000200790FFE70798D8B1FFE70B980A9901
:109E7000BDF82620089BDDF840C0119C079DEE46EA
:109E80000026CEF80C60CEF80850CEF80440CEF88C
:109E900000C0FEF7BDF90798FDF73AFF01200690D4
:109EA00003E04FF0FF300690FFE706980CB070BD5E
:109EB00081B044F69C70C2F20640006818B9FFE712
:109EC000012000900DE044F6C860C2F20640006830
:109ED00018B9FFE70220009002E000200090FFE7A1
:109EE000FFE7009801B0704781B044F6D070C2F22D
:109EF000064000680090009801B070470000000024
:109F000080B588B00020059044F6C860C2F20640D3
:109F10000068002840F01B81FFE744F6D071C2F2D0
:109F2000064108680130049004980860049868BBF2
:109F3000FFE742F28830C2F206400068006868B16C
:109F4000FFE74FF66B00C9F200004FF6B201C9F20D
:109F5000000140F6C72200F041FCFFE742F28832E0
:109F6000C2F206421068039042F29031C2F20641FA
:109F7000086810600398086044F63871C2F2064120
:109F8000086801300860FEF7D3FC00E0FFE70498A2
:109F900044F63471C2F2064109688842C0F0B680C6
:109FA000FFE7FFE742F28830C2F20640006800682F
:109FB00040B9FFE744F63471C2F206414FF0FF307A
:109FC0000860A2E042F28830C2F206400068C06831
:109FD000C0680790079840680690049806998842E0
:109FE00007D2FFE7069844F63471C2F206410860D2
:109FF0008BE0FFE707984069029007988168C06886
:10A00000886007998868C96848600298406807991D
:10A010000431884205D1FFE70798C068029948607B
:10A02000FFE7079900204861029908680138086035
:10A030000798806AF8B1FFE70798806A019007984F
:10A04000C169006A88600799C869096A486001980F
:10A05000406807991831884205D1FFE70798006AE0
:10A0600001994860FFE70799002088620199086814
:10A070000138086000E0FFE70798C16A012000FA94
:10A0800001F244F6D061C2F206410868104308604C
:10A090000798C06A00EB800042F29831C2F2064194
:10A0A00001EB8000406800900098079A906000984B
:10A0B0008068079AD06007980430009A92685060D0
:10A0C00007980430009A9060079AD06A00EB8000ED
:10A0D00001EB800050610798C06A00EB800251F8E4
:10A0E0002200013041F822000798C06A42F2803114
:10A0F000C2F206410968C96A884203D3FFE701201A
:10A10000059000E0FFE7FFE74CE7FFE742F2803011
:10A11000C2F206400068C06A00EB800142F298304B
:10A12000C2F2064050F82100022803D3FFE70120C5
:10A13000059000E0FFE744F6DC70C2F206400068DC
:10A1400018B1FFE70120059000E0FFE707E044F6C3
:10A150004471C2F20641086801300860FFE70598C3
:10A1600008B080BD0000000080B584B00390039863
:10A170000290002001900398002800F09180FFE7F2
:10A18000029842F28031C2F20641096888420DD03D
:10A19000FFE74FF66B00C9F200004FF6B201C9F2BB
:10A1A000000141F24F0200F019FBFFE70298006D39
:10A1B00068B9FFE74FF66B00C9F200004FF6B20135
:10A1C000C9F2000141F2500200F008FBFFE70299DA
:10A1D000086D013808650299C86AC96C88425DD06B
:10A1E000FFE70298006D002856D1FFE7029804307F
:10A1F000FEF7B2FE68B9FFE70298C16A012000FAD3
:10A2000001F244F6D061C2F206410868904308604A
:10A2100000E0FFE70299C86CC8620299C86AC0F101
:10A22000200088610298C16A012000FA01F344F617
:10A23000D062C2F206421168194311600299C96ADC
:10A2400001EB810142F29832C2F2064202EB810137
:10A25000496800910099029B996000998968029B66
:10A26000D96002990431009B9B68596002990431BE
:10A27000009B9960029BD96A01EB810102EB81018D
:10A2800059610299C96A01EB810352F82310013127
:10A2900042F82310019000E0FFE700E0FFE700E054
:10A2A000FFE7019804B080BD80B588B0079007989B
:10A2B000C068C0680690069868B9FFE74FF66B0063
:10A2C000C9F200004FF6B201C9F2000140F6824225
:10A2D00000F084FAFFE70698806A04900698C16946
:10A2E000006A88600699C869096A486004984068ED
:10A2F00006991831884205D1FFE70698006A04994B
:10A300004860FFE7069900208862049908680138D0
:10A31000086044F6C860C2F206400068002857D1C1
:10A32000FFE706984069039006988168C0688860D6
:10A3300006998868C968486003984068069904319E
:10A34000884205D1FFE70698C06803994860FFE797
:10A35000069900204861039908680138086006984A
:10A36000C16A012000FA01F244F6D061C2F206414E
:10A370000868104308600698C06A00EB800042F24B
:10A380009831C2F2064101EB8000406802900298C9
:10A39000069A906002988068069AD0600698043009
:10A3A000029A9268506006980430029A9060069A69
:10A3B000D06A00EB800001EB800050610698C06A13
:10A3C00000EB800251F82200013041F822001BE02E
:10A3D00044F64871C2F20641486801900198069A15
:10A3E000D06101988068069A106206981830019A28
:10A3F0009268506006981830019A906006988162C1
:10A40000086801300860FFE70698C06A42F28031B0
:10A41000C2F206410968C96A884208D9FFE70120EB
:10A42000059044F6DC71C2F20641086002E00020AB
:10A430000590FFE7059808B080BD0000000000000F
:10A4400080B586B000200590049044F6C860C2F242
:10A450000640006868B9FFE74FF66B00C9F20000DC
:10A460004FF6B201C9F2000140F6B30200F0B6F9AE
:10A47000FFE7FEF719FE44F6C860C2F20640016825
:10A48000013901600068002840F0E780FFE744F6EA
:10A49000C060C2F206400068002800F0DD80FFE7DF
:10A4A000FFE744F64870C2F206400068002800F05A
:10A4B0009080FFE744F64870C2F20640C068C0686A
:10A4C00005900598806A03900598C169006A8860C4
:10A4D0000599C869096A4860039840680599183168
:10A4E000884205D1FFE70598006A03994860FFE7B5
:10A4F000059900208862039908680138086005986A
:10A500004069029005988168C068886005998868EC
:10A51000C96848600298406805990431884205D1AD
:10A52000FFE70598C06802994860FFE70599002099
:10A53000486102990868013808600598C16A0120DD
:10A5400000FA01F244F6D061C2F2064108681043F5
:10A5500008600598C06A00EB800042F29831C2F2B0
:10A56000064101EB8000406801900198059A9060D7
:10A5700001988068059AD06005980430019A926825
:10A58000506005980430019A9060059AD06A00EBFB
:10A59000800001EB800050610598C06A00EB8002EA
:10A5A00051F82200013041F822000598C06A42F2B9
:10A5B0008031C2F206410968C96A884207D3FFE7C1
:10A5C00044F6DC71C2F206410120086000E0FFE7BA
:10A5D00067E7059818B1FFE7FEF7AAF9FFE744F629
:10A5E0004470C2F20640006800900098E0B1FFE7B6
:10A5F000FFE7FFF785FC38B1FFE744F6DC71C2F2F4
:10A6000006410120086000E0FFE700980138009053
:10A61000FFE700980028ECD1FFE744F64471C2F24E
:10A6200006410020086000E0FFE744F6DC70C2F25B
:10A630000640006870B1FFE7012004904EF6045117
:10A64000CEF200014FF080500860BFF34F8FBFF390
:10A650006F8F00E0FFE7FFE700E0FFE7FEF754FD44
:10A66000049806B080BD000080B584B0002003903F
:10A67000FDF7FAFB44F6D470C2F206400068B8B1A8
:10A68000FFE744F6D870C2F20640694648601F20D2
:10A69000086048F66920C9F200004FF6FE01C9F2D1
:10A6A00000014FF480720023FFF7B6FB039000E037
:10A6B000FFE7039868B9FFE74FF66B00C9F20000A7
:10A6C0004FF6DA01C9F2000140F2191200F086F8E3
:10A6D000FFE7039804B080BD40F2E17CC0F6000CB7
:10A6E000604740F2B14CC0F6000C604742F6F14CB6
:10A6F000C0F6000C604742F6F95CC0F6000C6047FB
:10A7000042F2B91CC0F6000C604742F2E11CC0F6F0
:10A71000000C604742F2811CC0F6000C604742F218
:10A72000111CC0F6000C604742F2491CC0F6000C38
:10A73000604740F2B17CC0F6000C604740F2513CEB
:10A74000C0F6000C604740F2F72CC0F6000C6047E2
:10A7500040F6E13CC0F6000C604743F2615CC0F695
:10A76000000C604742F6E96CC0F6000C604743F20B
:10A77000F93CC0F6000C604743F2814CC0F6000C77
:10A78000604743F2597CC0F6000C604743F6511C09
:10A79000C0F6000C604743F6093CC0F6000C604769
:10A7A00044F6210CC0F6000C604744F6510CC0F68C
:10A7B000000C604742F2E14CC0F6000C604740F2EA
:10A7C000597CC0F6000C604740F2E92CC0F6000C42
:10A7D000604740F2897CC0F6000C60470FB4054B1F
:10A7E00010B503A9044A029800F0CAF810BC5DF83D
:10A7F00014FB0000E1480008000000242DE9FF5F81
:10A8000082B00021DDE90430020DDDF840B00343E1
:10A8100018D044F61050A2F2FF324243151411989A
:10A8200001281FD0A5EB0B00401C5FEA000A4FF087
:10A8300000064E4FDFF83891B046504615D5CAF1A4
:10A84000000413E0119801244AA3012801D16FEA02
:10A850000B010298119AC0E90031C0E9024206B02A
:10A86000BDE8F09FCBF10000DFE704460021404A3D
:10A87000491842EB0450CDE9001012E0E00707D080
:10A8800032463B4640464946F5F7D9FC8046894664
:10A8900032463B4610461946F5F7D1FC06460F46B0
:10A8A0006410002CEAD1DDE90401DDE90023BAF1EE
:10A8B000000F06DAF5F7C3FC42464B46F5F7BFFC3E
:10A8C00005E0F5F72EFD42464B46F5F72AFD044616
:10A8D0000E460022284BF5F7ABFD03D84FF0FF30B2
:10A8E000014607E00022254B20463146F5F700FCE3
:10A8F000F5F786FD102409E0002C0ADB0A2200236C
:10A90000F5F77EFB039B30321A55641E50EA0102B4
:10A91000F2D1641C039AC4F111031444119A012A60
:10A9200003D0012208430DD10AE0084304D00020DF
:10A930004FF0110B119072E7A3EB0B056D1E0DE0AC
:10A940005B4504DD4FF0000205F1010504E003DA88
:10A950004FF00002A5F10105002AECD002981199F0
:10A96000C0E90231C0E9004579E700000000144069
:10A970000000F03F300000000000F0430000E03F26
:10A980002DE9FF4F95B09B468946064600250FE20C
:10A99000252877D100242746F84A0121059400E0B4
:10A9A000044316F8013F203B01FA03F01042F7D1AF
:10A9B00030782A2811D06FF02F033078A0F13002C0
:10A9C000092A16D8059A44F0020402EB820203EB2E
:10A9D00042021044761C0590EFE759F8042B0592CB
:10A9E000002A03DA504244F40054059044F0020473
:10A9F000761C30782E2816D116F8010F44F0040486
:10AA00002A280DD06FF02F023078A0F13003092BE7
:10AA100009D807EB870302EB4303C718761CF3E75B
:10AA200059F8047B761C30786C280FD006DC4C2853
:10AA300017D068280DD06A2814D104E0742810D0EB
:10AA40007A280FD10DE044F400140AE044F4801495
:10AA500001E044F440147278824202D104F580147B
:10AA6000761C761C307866280BD013DC582877D0FB
:10AA700009DC002875D04528F6D04628F4D04728B0
:10AA80001AD19DE118E0632835D0642879D0652873
:10AA900012D195E1702873D008DC6728F1D06928BD
:10AAA0006FD06E280DD06F2806D1B5E073282CD05A
:10AAB000752875D0782874D05A46179990476D1C20
:10AAC00075E1C4F30250022809D003280DD0D9F84B
:10AAD000001004280DD00D6009F1040967E1D9F8D0
:10AAE0000010EA17C1E90052F6E7D9F800100D800E
:10AAF000F2E70D70F0E719F8041B8DF80010002044
:10AB00008DF80100EA46012003E059F804AB4FF04C
:10AB1000FF3061074FF0000102D40DE008F10101A0
:10AB20008846B9420FDA8045F8DB1AF80810002988
:10AB3000F4D108E008F1010188468142FADB1AF8F5
:10AB400008100029F6D105985B46A0EB08072146BE
:10AB50003846179A00F094FA284400EB080507E0FD
:10AB60004DE029E10DE01AF8010B5A46179990477C
:10AB7000B8F10108F7D25B4621463846179A13E12F
:10AB800042E00A220092C4F302524FF0000A022A65
:10AB900008D059F804CB032A4FEAEC710AD00DE033
:10ABA00029E02AE009F1070121F00702F2E802C1D9
:10ABB000914609E00FFA8CFC4FEAEC71042A03D1AC
:10ABC0004FFA8CFC4FEAEC71002907DA0A460021A3
:10ABD000DCF1000C61EB02012D2202E0220504D51C
:10ABE0002B228DF80420012203E0E20701D020226D
:10ABF000F7E7904659E00A2102E010220DE010210B
:10AC00004FF0000A00910BE010224FF0000A44F0D0
:10AC100004040827009203E008224FF0000A009283
:10AC2000C4F30252022A05D059F804CB0021032AAA
:10AC300008D009E009F1070121F00702F2E802C19A
:10AC4000914605E01FFA8CFC042A01D10CF0FF0CA0
:10AC50004FF00008220728D5702806D0009B83F00B
:10AC6000100353EA0A0305D00EE040228DF80420B9
:10AC7000012208E05CEA010206D030228DF80420AF
:10AC80008DF8050002229046009B83F0080353EAEA
:10AC90000A030AD15CEA010201D1620705D530221C
:10ACA0008DF804204FF001087F1E582804D034A0EE
:10ACB00003900EA802900DE036A0F9E753466046D7
:10ACC000009AF5F79DF984460398825C0298401E2D
:10ACD000029002705CEA0100F0D1029806A9081AFD
:10ACE00000F1200A600702D524F4803400E0012737
:10ACF000574502DDA7EB0A0000E0002000EB0A0147
:10AD0000009005984144401A0590E00306D45B4644
:10AD10002146179A059800F0B3F90544002706E08C
:10AD200001A85A46C05D179990476D1C7F1C474586
:10AD3000F6DBE0030CD55B462146179A059800F038
:10AD40009FF9054404E030205A46179990476D1C3E
:10AD50000099481E00900029F5DC08E0029802994D
:10AD60005A460078491C0291179990476D1CBAF118
:10AD70000001AAF1010AF1DC65E1000009280100E7
:10AD80003031323334353637383961626364656661
:10AD90000000000030313233343536373839414223
:10ADA000434445460000000000F058F90544761C75
:10ADB000307800287FF4ECAD19B02846BDE8F08F5C
:10ADC000620700D4062709F1070222F0070CFCE80D
:10ADD0000223E14603F000485FEA080C02D00FF2BC
:10ADE000702C0DE05FEA045C02D50FF2682C07E0DE
:10ADF0005FEAC47C02D00FF2602C01E0AFF2700C6D
:10AE00004FF0FF3823F00043CDF850C065280CD038
:10AE100006DC452809D046281DD047283DD13DE015
:10AE2000662818D067287ED138E00021112F01DB79
:10AE3000112000E0781CCDE9000106A90EA8FFF75B
:10AE4000DDFCDDE90F010E9A03910021009207F16C
:10AE5000010A04914DE04FF000400097CDE9011048
:10AE600006A90EA8FFF7CAFCDDE90F0203920E9BAC
:10AE700011990022DDF80CA00093049211B9791CFD
:10AE800000EB010AB7EB0A0004D4C0F1FF3007F170
:10AE9000010A0490AAEB0700019044E0012F00DAB8
:10AEA00001270021112F01DD112000E03846CDE9F6
:10AEB000000106A90EA8FFF7A1FCDDE90F010E9A1B
:10AEC0000391002104910092BA4621070CD4039902
:10AED000514500DA8A46BAF1010F05DD009AAAF160
:10AEE0000101515C302908D0B84202DA10F1040F98
:10AEF00006DA0121CDE9011015E0AAF10101E9E727
:10AF0000002805DC049901440491AAEB000102E049
:10AF1000411C514500DD8A460499401A401C0190AD
:10AF20004FF000400290200704D40198504501DB07
:10AF3000CDF8048000208DF84F0002980DF14F07E6
:10AF4000B0F1004F25D02B200E9002984FF0020850
:10AF500000280CDA404202902D200E9007E00A21D2
:10AF60000298F5F790F83031029007F8011DB8F11A
:10AF70000001A8F10108F2DC02980028EFD1791E47
:10AF80000E980870307800F0200040F0450007F877
:10AF9000020D12A8C01B00F107081498007800B138
:10AFA000012000EB0A01019801EBE0710598414492
:10AFB000401A401E0590E00306D45B462146179ACE
:10AFC000059800F05DF805441498007818B15A46C9
:10AFD000179990476D1CE00324D55B462146179ACC
:10AFE000059800F04DF805441CE00498002807DBA4
:10AFF000DDE90301884203DD0098405C179901E018
:10B00000179930205A469047049805F10105401CD5
:10B0100004900198401E019004D12E205A461799A1
:10B0200090476D1CBAF10001AAF1010ADDDC05E0D0
:10B0300017F8010B5A46179990476D1CB8F100019B
:10B04000A8F10108F4DC5B462146179A0598ABE6A7
:10B050002D0000002B000000200000002DE9F04131
:10B06000044600251E461746880404D405E03946E8
:10B070002020B0476D1C641EF9D52846BDE8F0813C
:10B080002DE9F041044600251E469046C80301D52F
:10B09000302700E02027880404D505E041463846E3
:10B0A000B0476D1C641EF9D52846BDE8F08101004B
:10B0B00002000400060008000A000C001000200036
:10B0C00040008000000100000000000000000000BF
:10B0D0000000000000003F400000000000000000F1
:10B0E0003000400030004000000009000BC03D006F
:10B0F0000BC03D00090018C024407FE02240318091
:10B100000000180024C01B000D8032400180038025
:10B110001C4027401C8007400040100060000000D9
:10B120000000000000000000000000001F80204020
:10B1300040200000402020401F8000000000090047
:10B1400006001F80060009000000040004003F8084
:10B150000400040000000010006000000000000077
:10B1600000000400040004000400040000000000CB
:10B1700000400000000000000000002001C00600A8
:10B180003800400000001F802040204020401F80E9
:10B190000000000010403FC000400000000018C048
:10B1A00021402240244018400000108020402440CC
:10B1B00024401B80000002000D0011003FC0014030
:10B1C00000003C80244024402440238000001F8055
:10B1D000244024403440038000003000200027C079
:10B1E0003800200000001B802440244024401B80A5
:10B1F00000001C0022C0224022401F8000000000EE
:10B200000000084000000000000000000000046092
:10B21000000000000000000004000A00110020806F
:10B220004040090009000900090009000000000071
:10B230004040208011000A00040018002000234034
:10B240002400180000001F802040274029401F4094
:10B250000000004007C039000F0001C0004020403E
:10B260003FC0244024401B8000001F80204020401D
:10B2700020403080000020403FC0204020401F8000
:10B28000000020403FC024402E4030C0000020403D
:10B290003FC024402E00300000000F0010802040EE
:10B2A00022403380020020403FC0040004003FC021
:10B2B0002040204020403FC020402040000000604F
:10B2C000202020203FC02000200020403FC02440FC
:10B2D0000B0030C0204020403FC0204000400040D4
:10B2E00000C03FC03C0003C03C003FC00000204005
:10B2F0003FC00C4023003FC020001F802040204062
:10B3000020401F80000020403FC02440240018003F
:10B3100000001F802140214020E01FA000002040AD
:10B320003FC02440260019C0004018C024402440DB
:10B33000224031800000300020403FC020403000DB
:10B34000000020003F80004000403F80200020009F
:10B350003E0001C0070038002000380007C03C0054
:10B3600007C038000000204039C0060039C0204026
:10B3700000002000384007C0384020000000304066
:10B3800021C02640384020C00000000000007FE0BF
:10B39000402040200000000070000C0003800040AE
:10B3A00000000000402040207FE00000000000007E
:10B3B00020004000200000000000001000100010DD
:10B3C000001000100010000000004000000000000D
:10B3D0000000000002800540054003C0004020003E
:10B3E0003FC004400440038000000000038004408C
:10B3F00004400640000000000380044024403FC099
:10B4000000400000038005400540034000000000AC
:10B4100004401FC0244024402000000002E00550EA
:10B4200005500650042020403FC00440040003C0E3
:10B4300000400000044027C0004000000000001051
:10B440000010041027E00000000020403FC0014031
:10B45000070004C00440204020403FC0004000409E
:10B46000000007C0040007C0040003C0000004403F
:10B4700007C00440040003C00040000003800440F3
:10B48000044003800000041007F0045004400380CF
:10B490000000000003800440045007F00010044046
:10B4A00007C0024004000400000000000640054000
:10B4B000054004C00000000004001F80044000405C
:10B4C0000000040007800040044007C00040040062
:10B4D000070004C0018006000400060001C0070048
:10B4E00001C006000000044006C0010006C0044080
:10B4F00000000410071004E00180060004000000B2
:10B50000044005C0064004400000000000000400A4
:10B510007BE040200000000000000000FFF0000081
:10B520000000000040207BE004000000000040001C
:10B5300080004000200020004000000000000000CB
:10B5400000000000000000000000000000000000FB
:10B550001FCC000C000000000000000008003000BC
:10B5600060000800300060000000022003FC1E2084
:10B57000022003FC1E200220000000000E1811040F
:10B580003FFF10840C78000000000F0010840F387B
:10B5900000C0077818840078000000780F8410C479
:10B5A00011240E9800E40084000808006800700070
:10B5B000000000000000000000000000000000008B
:10B5C00007E0181820044002000000004002200498
:10B5D000181807E00000000000000240024001804F
:10B5E0000FF00180024002400000008000800080D7
:10B5F0000FF800800080008000000001000D000EA8
:10B60000000000000000000000000000008000803A
:10B61000008000800080008000800000000C000C92
:10B6200000000000000000000000000000060018FC
:10B6300000600180060018002000000007F00808E4
:10B6400010041004080807F00000000008040804B3
:10B650001FFC000400040000000000000E0C101489
:10B660001024104411840E0C000000000C1810046B
:10B670001104110412880C700000000000E0032087
:10B68000042408241FFC0024000000001F981084DC
:10B6900011041104108810700000000007F00888E1
:10B6A0001104110418880070000000001C00100034
:10B6B00010FC13001C001000000000000E381144A4
:10B6C0001084108411440E38000000000700088C1C
:10B6D00010441044088807F000000000000000003B
:10B6E000030C030C0000000000000000000000013B
:10B6F0000106000000000000000000000080014082
:10B700000220041008081004000002200220022079
:10B71000022002200220022000000000100408087D
:10B720000410022001400080000000000E00120002
:10B73000100C106C10800F00000003E00C1813E4D4
:10B74000142417C4082807D000000004003C03C4D8
:10B750001C40074000E4001C000410041FFC1104FE
:10B76000110411040E880070000003E00C1810048E
:10B770001004100410081C10000010041FFC10041A
:10B7800010041004080807F0000010041FFC110446
:10B79000110417C410040818000010041FFC110441
:10B7A000110017C010000800000003E00C1810047E
:10B7B000100410441C780040000010041FFC10848A
:10B7C0000080008010841FFC10040000100410048E
:10B7D0001FFC100410040000000000030001100111
:10B7E00010011FFE10001000000010041FFC1104C7
:10B7F00003801464181C1004000010041FFC1004C3
:10B80000000400040004000C000010041FFC1F00D2
:10B8100000FC1F001FFC1004000010041FFC0C049F
:10B82000030000E010181FFC100007F008081004C7
:10B8300010041004080807F0000010041FFC108416
:10B840001080108010800F00000007F008181024EE
:10B850001024101C080A07F2000010041FFC110439
:10B86000110011C011300E0C000400000E1C110458
:10B870001084108410441C380000180010001004BC
:10B880001FFC100410001800000010001FF8100426
:10B890000004000410041FF8100010001E0011E046
:10B8A000001C007013801C0010001FC0103C00E042
:10B8B0001F0000E0103C1FC000001004180C1634DC
:10B8C00001C001C01634180C100410001C00130431
:10B8D00000FC13041C00100000000804101C10647D
:10B8E000108413041C041018000000000000000065
:10B8F0007FFE4002400240020000000030000C00C9
:10B9000003800060001C00030000000040024002B1
:10B9100040027FFE00000000000000000000200048
:10B920004000400040002000000000010001000134
:10B930000001000100010001000100004000400082
:10B94000200000000000000000000000009801241A
:10B9500001440144014400FC000410001FFC008865
:10B9600001040104008800700000000000700088DD
:10B970000104010401040088000000000070008838
:10B980000104010411081FFC0004000000F8014438
:10B9900001440144014400C8000000000104010406
:10B9A0000FFC1104110411001800000000D6012939
:10B9B0000129012901C90106000010041FFC0084AF
:10B9C00001000100010400FC00040000010419044E
:10B9D00019FC000400040000000000000003000146
:10B9E0000101190119FE0000000010041FFC0024D1
:10B9F000004001B4010C0104000000001004100418
:10BA00001FFC0004000400000000010401FC01040C
:10BA1000010001FC0104010000FC010401FC0084A0
:10BA200001000100010400FC0004000000F8010412
:10BA300001040104010400F80000010101FF008578
:10BA400001040104008800700000000000700088FC
:10BA500001040104010501FF00010104010401FCCE
:10BA600000840104010001800000000000CC0124DA
:10BA700001240124012401980000000001000100BC
:10BA800007F80104010400000000010001F80004AF
:10BA900000040004010801FC0004010001800170A1
:10BAA000000C001001600180010001F0010C003069
:10BAB00001C00030010C01F0010000000104018C04
:10BAC00000740170018C0104000001010181017109
:10BAD000000E001801600180010000000184010CCB
:10BAE000013401440184010C00000000000000004A
:10BAF000000001003EFC4002400200000000000087
:10BB00000000FFFF000000000000000040024002B3
:10BB10003EFC01000000000000000000600080000A
:10BB200080004000400020002000000000000000D5
:10BB30000000000000000000000000000000000005
:10BB400000000000000000000000000000000000F5
:10BB5000000000000000000000000000000F80381E
:10BB60000FFE380F803800000000000000000000C9
:10BB700000000000000000000100000600000C00B2
:10BB8000003800003100000600000C000038000002
:10BB90003000000000000000000061800067F8072E
:10BBA000F980006180006180006180006180006731
:10BBB000F807F9800061800000000000000000002C
:10BBC00001C0E003E0F00630080418081FFFFE047F
:10BBD0000E080787F00381E000000000000001F07C
:10BBE00000060C00040408060C7001F9C0000E00E9
:10BBF000003BE000EC18070808040C180003E00004
:10BC000000000001E00007F003F818041C08041706
:10BC10000807E1D003C0E00023B0003C0800200882
:10BC200000001000000000000001000031000032A0
:10BC300000001C00000000000000000000000000E8
:10BC400000000000000000000000000000000000F4
:10BC5000000000000000000000007F0001FFC0079E
:10BC600080F00C001810000420000200000000000A
:10BC7000002000021000040C00180780F001FFC033
:10BC8000007F000000000000000000000000000035
:10BC90000000000000004200006600006600003C5A
:10BCA0000000180003FFC0001800003C0000660000
:10BCB00000660000420000000000080000080000CC
:10BCC000080000080000080001FFC000080000088C
:10BCD000000008000008000008000000000000014B
:10BCE00000003100003200001C00000000000000D5
:10BCF0000000000000000000000000000000000044
:10BD0000000008000008000008000008000008000B
:10BD100000080000080000080000080000080000FB
:10BD200000000000000000000000380000380000A3
:10BD300038000000000000000000000000000000CB
:10BD400000000000000000000000000600001C00D1
:10BD50000070000180000E0000380000C0000700E5
:10BD6000001C0000300000000000000000007F8088
:10BD700001FFE003807006001804000804000806B4
:10BD8000001803807001FFE0007F800000000000C9
:10BD90000000000001000801000801000803FFF88E
:10BDA00007FFF8000008000008000008000000007D
:10BDB000000000000001C03802C0580400980401CF
:10BDC00018040218040418061C1803F81801E0F8F7
:10BDD00000000000000000000001C0E003C0F0040B
:10BDE000000804080804080806180803F41801E706
:10BDF000F00001E00000000000000000000003006F
:10BE0000000D000011000061000081080301080717
:10BE1000FFF80FFFF8000108000108000000000013
:10BE2000000000E007FCD00608080610080610080D
:10BE3000061008061838060FF00607C000000000BC
:10BE40000000000000003F8001FFE0038430020892
:10BE500018041008041008041008071810030FF045
:10BE60000007C000000000000000000003C0000741
:10BE700000000600000600F80607F806180006E0B5
:10BE80000007000006000000000000000001E1E0E3
:10BE900003F7F0063410041808041808040C08040A
:10BEA0000C0806161803F3F001C1E00000000000C2
:10BEB0000000F80003FC30030638040208040208FE
:10BEC0000402080404100308F001FFC0007F000012
:10BED0000000000000000000000000000000000062
:10BEE000000070380070380070380000000000005A
:10BEF0000000000000000000000000000000000042
:10BF0000000000000000301A00301C00000000009B
:10BF10000000000000000000000000000000000021
:10BF20000008000014000022000041000080800191
:10BF3000004002002004001008000800000000007B
:10BF4000000021000021000021000021000021004C
:10BF5000002100002100002100002100002100003C
:10BF600000000000000000000800080400100200AB
:10BF700020010040008080004100002200001400E9
:10BF800000080000000000000003C00004C000041E
:10BF90000000080038080F380808380810000C3076
:10BFA0000007E00003C000000000000000003F8028
:10BFB00000FFE0038070020F1006708804C0880440
:10BFC0008308047F8802C09003012000FE40000027
:10BFD000080000180001F8003E0801C20007020036
:10BFE00007E20000FE00001FC80001F80000380052
:10BFF000000804000807FFF807FFF8040808040811
:10C000000804080804080806180803F41801E7F0F3
:10C010000001E0000000000000003F8001FFE0039D
:10C0200080700200180400080400080400080400DE
:10C03000100600200780C000000004000807FFF879
:10C0400007FFF804000804000804000804001802B0
:10C05000001003807001FFE0007F800000000400FA
:10C060000807FFF807FFF804080804080804080890
:10C07000040808043E0804000806001801006000D7
:10C08000000004000807FFF807FFF8040808040888
:10C0900000040800040800043E000600000600003A
:10C0A000018000000000000000003F8001FFE0036D
:10C0B0008070060018040008040208040208020345
:10C0C000F00783F000020000020004000807FFF8F8
:10C0D00007FFF80408080008000008000008000036
:10C0E000080004080807FFF807FFF804000800002C
:10C0F0000000000004000804000804000807FFF81E
:10C1000007FFF8040008040008040008000000000D
:10C11000000000000000000600000700000104000D
:10C120000104000104000307FFFE07FFFC040000F8
:10C1300004000004000004000807FFF807FFF804EB
:10C140000C08001800003E0004C7800503C8060064
:10C15000F804003804001800000804000807FFF87D
:10C1600007FFF804000800000800000800000800AD
:10C170000008000008000018000060000000040033
:10C180000807FFF807800807FC00007FC00003F8DD
:10C190000007C000780007800807FFF807FFF804D1
:10C1A000000804000807FFF807000803C00000E0CB
:10C1B00000003800001E000007000001C00400F06D
:10C1C00007FFF8040000000000007F8001FFE0038B
:10C1D0008070060018040008040008060018030018
:10C1E0003001FFE0007F8000000004000807FFF836
:10C1F00007FFF80404080404000404000404000415
:10C200000400060C0003F80001F00000000000002C
:10C2100000007F8001FFE003807006008804008832
:10C220000400C806003C03003E01FFE6007F8400D6
:10C23000000004000807FFF807FFF80408080408D6
:10C2400000040C00040F00040BC00610F003F038CB
:10C2500001E00800000800000001E0F803F03006EB
:10C260003010041808041808040C08040C0802060E
:10C27000180207F00781E0000000018000060000BE
:10C2800004000004000004000807FFF807FFF8049A
:10C290000008040000040000060000018000040003
:10C2A0000007FFE007FFF004001800000800000886
:10C2B00000000800000800000804001007FFE00468
:10C2C000000004000006000007E00007FE00041F55
:10C2D000E00001F80000380001E0043E0007C00063
:10C2E00006000004000004000007E00007FFC0048F
:10C2F0001FF80007C007F80007FF80043FF8000799
:10C30000C004F8000700000400000000000400085A
:10C3100006001807C07805F1C8003E00001F800421
:10C3200063E80780F8060018040008000000040015
:10C330000006000007800007E008047C08001FF8E2
:10C340000007F800180804E00807000006000004D1
:10C3500000000000000100080600380400F8040393
:10C36000E8040F08047C0805F00807C00807001857
:10C370000400600000000000000000000000000059
:10C3800000000000003FFFFE20000220000220000D
:10C390000220000220000200000000000000000057
:10C3A00008000007000000C0000038000006000080
:10C3B00001C000003000000E00000100000000007D
:10C3C00000000000200002200002200002200002E5
:10C3D0002000023FFFFE00000000000000000000FF
:10C3E0000000000000000000000000080000100035
:10C3F00000300000200000300000100000080000A5
:10C400000000000000000000010000010000010029
:10C410000001000001000001000001000001000017
:10C420000100000100000100000100000000000008
:10C43000000000200000200000100000100000009C
:10C4400000000000000000000000000000000000EC
:10C45000000000F00019F8001B1800220800260850
:10C46000002408002410003FF8001FF80000080016
:10C47000001800000004000007FFF80FFFF000188C
:10C4800018001008002008002008003018001FF0D5
:10C49000000FC00000000000000007C0001FF000F7
:10C4A0001830002008002008002008003C08001C6C
:10C4B000100000600000000000000000000007C045
:10C4C000001FF00038180020080020080020080491
:10C4D000101007FFF80FFFF0000010000000000030
:10C4E000000000000007C0001FF0001230002218FA
:10C4F000002208002208003208001E10000E200052
:10C50000000000000000200000200800200801FFBB
:10C51000F803FFF80620080420080420080720007C
:10C5200003000000000000000000000E000E6E007E
:10C530001FF30031B10020B10020B1003191001F84
:10C5400013002E1E00200E00300000000004000822
:10C5500007FFF80FFFF8001008002000002000007F
:10C560002008003FF8001FF800000800000000004D
:10C5700000000000002008002008002008063FF806
:10C58000063FF80000080000080000080000000056
:10C590000000000000000000000003000003002075
:10C5A00001002001002003063FFE063FFC000000C2
:10C5B00000000000000000000004000807FFF80F62
:10C5C000FFF8000188000300002FC00038F80020A9
:10C5D00038002008000008000000000000000000F3
:10C5E00004000804000804000807FFF80FFFF80023
:10C5F0000008000008000008000000000000002003
:10C6000008003FF8003FF8001008002000003FF845
:10C61000003FF8001008002000003FF8003FF8003D
:10C620000008000000002008003FF8003FF800105C
:10C6300008001000002000002008003FF8001FF84C
:10C640000000080000000000000007C0000FF0001C
:10C6500018300030080020080020080030080018BA
:10C6600030000FF00007C0000000000000002001B3
:10C67000003FFF003FFF00101100200900200800CC
:10C680002008003038001FF0000FC000000000003C
:10C69000000007C0001FF000381800200800200824
:10C6A000002009001011001FFF003FFF00000100E3
:10C6B0000000002008002008002008003FF8003F8C
:10C6C000F8000808001008002008002000003000D2
:10C6D000003000000000000000000000000C7800A6
:10C6E0001E180033080023080021080021880021BB
:10C6F000980030F0003860000000000000002000CA
:10C7000000200000200000FFF003FFF800200800D8
:10C710002008002008000030000000000000000099
:10C7200000002000003FF0007FF800001800000823
:10C73000000008002010003FF8007FF0000010000B
:10C740000000000000002000003000003C00003F1E
:10C75000800023F0000078000070002380003C007F
:10C76000003000002000002000003C00003FE000FE
:10C7700023F80000E0002700003E00003FE0002119
:10C78000F80001E0003E000020000000000020084A
:10C79000002008003838003E680027800003C800E9
:10C7A0002CF8003838002018002008000000000095
:10C7B00000002000003003003C01003F830023EC18
:10C7C000000070002380003C0000200000200000DA
:10C7D00000000000000000000038080020380020A1
:10C7E000F80023E8002F88003E08003808002018D1
:10C7F00000007000000000000000000000000000C9
:10C8000000000000000008000014001FF7FC3000CA
:10C8100006200002000000000000000000000000F0
:10C82000000000000000000000000000FFFFFF000B
:10C8300000000000000000000000000000000000F8
:10C84000000000002000023000061FF7FC0014006A
:10C8500000080000000000000000000000000000D0
:10C8600000000000001800006000004000004000D0
:10C870000020000010000008000004000004000078
:10C880000C0000100000000000000000000000008C
:10C890000000000000000000000000000000000098
:10C8A0000000000000000000000000000000000088
:10C8B0000000000000000000000000000000000078
:10C8C0000000000000000000000000000000000068
:10C8D0000000000000000000000000000000000058
:10C8E0000000000000000000000000000000000048
:10C8F0000000000000000000000000000000000038
:10C900000000000000000000000000000000000027
:10C91000000000000000000000000000000007F020
:10C9200000C007FFE1E007F001E0000000C00000E8
:10C9300000000000000000000000000000000000F7
:10C9400000000000000000000000000000000000E7
:10C9500000000000000000000000000000000000D7
:10C9600000000000000000000000000000000000C7
:10C9700000000000000000000000000000000000B7
:10C980000000000000000000000000000000002087
:10C99000000001C00000078000001F0000001E0012
:10C9A00000001C20000001C00000078000001F00E4
:10C9B00000001E0000001C0000000000000000003D
:10C9C0000000000000000000000000000000000067
:10C9D0000000000000000000000000000000000057
:10C9E0000000000000000000000000000000000047
:10C9F0000000000000000000000000000000000037
:10CA00000000000000000000000000180C000018EA
:10CA10000C0000180FE0001FFC0003F80C000018C9
:10CA20000C0000180C0000180C0000180C00001876
:10CA30000FE0001FFC0003F80C0000180C000018A9
:10CA40000C000000000000000000000000000000DA
:10CA500000000000000000000000000000000000D6
:10CA600000000000000000000000000000000000C6
:10CA700000000000000000000000000000000000B6
:10CA800000000000000000000000000000000000A6
:10CA90000780007807C000FC0640010E0020030755
:10CAA0000020020380200FFFFFFC0201C0200200D3
:10CAB000E0600130704001F03F8000F01F00000096
:10CAC0000000000000000000000000000000000066
:10CAD0000000000000000000000000000000000056
:10CAE0000000000000000000000000000000000046
:10CAF0000000000000000000000000000000000036
:10CB000000000000000000FE000001FF0000030123
:10CB1000800002008060030181C001FF070000FE69
:10CB200018000000E0000003BF00000CFFC000710F
:10CB3000806001C10020030180600000FFC0000090
:10CB40003F000000000000000000000000000000A6
:10CB500000000000000000000000000000000000D5
:10CB600000000000000000000000000000000000C5
:10CB700000000000000000000000000000000000B5
:10CB800000000000000000001F0000007FC000FC4B
:10CB9000C0C001FF80600303E0200202782002068B
:10CBA0001E2003FC074001F00380000103C00001C8
:10CBB0001C600001E0200001002000010040000096
:10CBC00001800000000000000000000000000000E4
:10CBD0000000000000000000000000000000000055
:10CBE0000000000000000000000000000000000045
:10CBF0000000000000000000000000000000000035
:10CC000000000000000000000000002000001C6088
:10CC100000001C4000001F8000000F00000000000A
:10CC20000000000000000000000000000000000004
:10CC300000000000000000000000000000000000F4
:10CC400000000000000000000000000000000000E4
:10CC500000000000000000000000000000000000D4
:10CC600000000000000000000000000000000000C4
:10CC700000000000000000000000000000000000B4
:10CC800000000000000000000000000000000000A4
:10CC90000000000000000000000000000000000094
:10CCA00000000007F800003FFF00007807C001C047
:10CCB00000E0030000300400000808000004100039
:10CCC0000002000000000000000000000000000062
:10CCD0000000000000000000000000000000000054
:10CCE0000000000000000000000000000000000044
:10CCF0000000000000000000000000000000000034
:10CD00000000000000000000000010000002080009
:10CD10000004040000080300003001C000E00078B7
:10CD200007C0003FFF000007F800000000000000FF
:10CD300000000000000000000000000000000000F3
:10CD400000000000000000000000000000000000E3
:10CD500000000000000000000000000000000000D3
:10CD600000000000000000000000000000000000C3
:10CD700000000000000000000000000000000000B3
:10CD80000000000000000000000000000000000C97
:10CD90001800000E3800000E3800000630000003B6
:10CDA00060000061438000FFFF80006143000003DA
:10CDB000600000063000000E3800000E3800000C45
:10CDC000180000000000000000000000000000004B
:10CDD0000000000000000000000000000000000053
:10CDE0000000000000000000000000000000000043
:10CDF0000000000000000000000000000000000033
:10CE00000000000000000000000000000000000022
:10CE10008000000080000000800000008000000012
:10CE2000800000008000007FFF0000008000000004
:10CE300080000000800000008000000080000000F2
:10CE40008000000000000000000000000000000062
:10CE500000000000000000000000000000000000D2
:10CE600000000000000000000000000000000000C2
:10CE700000000000000000000000000000000000B2
:10CE800000000000000000000000000000010000A1
:10CE900000E3000000E2000000FC00000078000059
:10CEA0000000000000000000000000000000000082
:10CEB0000000000000000000000000000000000072
:10CEC0000000000000000000000000000000000062
:10CED0000000000000000000000000000000000052
:10CEE0000000000000000000000000000000000042
:10CEF0000000000000000000000000000000000032
:10CF000000000000000000000000000080000000A1
:10CF10008000000080000000800000008000000011
:10CF20008000000080000000800000008000000001
:10CF300080000000800000008000000080000000F1
:10CF40008000000000000000000000000000000061
:10CF500000000000000000000000000000000000D1
:10CF600000000000000000000000000000000000C1
:10CF700000000000000000000000000000000000B1
:10CF800000000000000000000000000000000000A1
:10CF900000C0000001E0000001E0000000C000004F
:10CFA0000000000000000000000000000000000081
:10CFB0000000000000000000000000000000000071
:10CFC0000000000000000000000000000000000061
:10CFD0000000000000000000000000000000000051
:10CFE0000000000000000000000000000000000041
:10CFF0000000000000000000000000000000000031
:10D00000000000000000000000000000000C000014
:10D010000038000000E00000038000000E00000067
:10D0200038000000E00000038000000E000000381F
:10D03000000000E00000038000000E000000180067
:10D0400000000000000000000000000000000000E0
:10D0500000000000000000000000000000000000D0
:10D0600000000000000000000000000000000000C0
:10D0700000000000000000000000000000000000B0
:10D080000000000000000000000000000000000F91
:10D09000F800007FFF0000F00780018000C003005F
:10D0A00000600200002002000020020000200300B7
:10D0B0000060018000C000E00380007FFF00000FDF
:10D0C000F800000000000000000000000000000068
:10D0D0000000000000000000000000000000000050
:10D0E0000000000000000000000000000000000040
:10D0F0000000000000000000000000000000000030
:10D10000000000000000000000000000000000001F
:10D1100000000080002000800020008000200080AF
:10D12000006001FFFFE003FFFFE00000006000007F
:10D13000002000000020000000200000000000008F
:10D1400000000000000000000000000000000000DF
:10D1500000000000000000000000000000000000CF
:10D1600000000000000000000000000000000000BF
:10D1700000000000000000000000000000000000AF
:10D180000000000000000000000000000000007827
:10D1900000E00098016001000260020004600200EB
:10D1A000086002001060020020600200406003007E
:10D1B00080600183006001FE00E0007C07800000C9
:10D1C000000000000000000000000000000000005F
:10D1D000000000000000000000000000000000004F
:10D1E000000000000000000000000000000000003F
:10D1F000000000000000000000000000000000002F
:10D20000000000000000000000000000000000F02E
:10D21000078001F007C00100004002000020020169
:10D22000002002010020020100200303802001866B
:10D23000804001FCC0C000787F8000001E0000001C
:10D2400000000000000000000000000000000000DE
:10D2500000000000000000000000000000000000CE
:10D2600000000000000000000000000000000000BE
:10D2700000000000000000000000000000000000AE
:10D280000000000000000000000000000800000096
:10D290003800000048000001880000060800000C6B
:10D2A0000810003008100040081001FFFFF003FFD5
:10D2B000FFF003FFFFF0000008100000081000005E
:10D2C0000810000000000000000000000000000046
:10D2D000000000000000000000000000000000004E
:10D2E000000000000000000000000000000000003E
:10D2F000000000000000000000000000000000002E
:10D30000000000000000000000000000000000001D
:10D310000780001F864003E1002003020020030471
:10D32000002003040020030400200304002003065F
:10D330000040030301C00301FF8003007E000000E2
:10D3400000000000000000000000000000000000DD
:10D3500000000000000000000000000000000000CD
:10D3600000000000000000000000000000000000BD
:10D3700000000000000000000000000000000000AD
:10D380000000000000000000000000000000000796
:10D39000FC00003FFF000070C380008180C00101DD
:10D3A00000600302002002020020020200200202AC
:10D3B00000200203004001C180C000C0FF800000C7
:10D3C0007E000000000000000000000000000000DF
:10D3D000000000000000000000000000000000004D
:10D3E000000000000000000000000000000000003D
:10D3F000000000000000000000000000000000002D
:10D40000000000000000000000000000000000F02C
:10D41000000003C0000003800000030000000300C0
:10D4200007E003003FE00301C0000306000003180B
:10D430000000036000000380000003000000000003
:10D4400000000000000000000000000000000000DC
:10D4500000000000000000000000000000000000CC
:10D4600000000000000000000000000000000000BC
:10D4700000000000000000000000000000000000AC
:10D480000000000000000000000000001F00007805
:10D490003F8000FC60C0018EC04003078020020373
:10D4A000002002018020020180200201C02003012F
:10D4B000E040018670C000FC3F8000781F00000043
:10D4C000000000000000000000000000000000005C
:10D4D000000000000000000000000000000000004C
:10D4E000000000000000000000000000000000003C
:10D4F000000000000000000000000000000000002C
:10D5000000000000000000000000003F000000FFDD
:10D5100081C001C0C1C001006020020020200200C3
:10D5200020200200202002002060020040C00100F4
:10D53000C18000C18F00007FFE00001FF0000000CE
:10D5400000000000000000000000000000000000DB
:10D5500000000000000000000000000000000000CB
:10D5600000000000000000000000000000000000BB
:10D5700000000000000000000000000000000000AB
:10D58000000000000000000000000000000000009B
:10D590000000000000000000000000000000000388
:10D5A00000C0000781E0000781E0000300C0000028
:10D5B000000000000000000000000000000000006B
:10D5C000000000000000000000000000000000005B
:10D5D000000000000000000000000000000000004B
:10D5E000000000000000000000000000000000003B
:10D5F000000000000000000000000000000000002B
:10D60000000000000000000000000000000000001A
:10D610000000000000000000000000000000000604
:10D620000066000600780000000000000000000016
:10D6300000000000000000000000000000000000EA
:10D6400000000000000000000000000000000000DA
:10D6500000000000000000000000000000000000CA
:10D6600000000000000000000000000000000000BA
:10D6700000000000000000000000000000000000AA
:10D68000000000000000000000000000000000009A
:10D6900080000001C0000003600000063000000CA4
:10D6A000180000180C00003006000060030000C0E5
:10D6B0000180010000400200002004000010000072
:10D6C000000000000000000000000000000000005A
:10D6D000000000000000000000000000000000004A
:10D6E000000000000000000000000000000000003A
:10D6F000000000000000000000000000000000002A
:10D700000000000000000000000000041000000401
:10D7100010000004100000041000000410000004B9
:10D7200010000004100000041000000410000004A9
:10D730001000000410000004100000041000000499
:10D7400010000000000000000000000000000000C9
:10D7500000000000000000000000000000000000C9
:10D7600000000000000000000000000000000000B9
:10D7700000000000000000000000000000000000A9
:10D780000000000000000000000000000000040095
:10D790000010020000200100004000C00180006075
:10D7A00003000030060000180C00000C18000006F2
:10D7B0003000000360000001C00000008000000095
:10D7C0000000000000000000000000000000000059
:10D7D0000000000000000000000000000000000049
:10D7E0000000000000000000000000000000000039
:10D7F0000000000000000000000000000000000029
:10D8000000000000000000000000000000000078A0
:10D81000000001F8000002380000020000000400CF
:10D8200000C0040079E0040081E0040100C00403AA
:10D830000000020200000306000001FC000000F8E6
:10D8400000000000000000000000000000000000D8
:10D8500000000000000000000000000000000000C8
:10D8600000000000000000000000000000000000B8
:10D8700000000000000000000000000000000000A8
:10D8800000000000000000000000000FF800003F52
:10D89000FE000070078000C000C00101F8400307CF
:10D8A000FC20021E04200230082002203020023F0B
:10D8B000FC20013F044001800CC000E03180001FCB
:10D8C000C200000000000000000000000000000096
:10D8D0000000000000000000000000000000000048
:10D8E0000000000000000000000000000000000038
:10D8F0000000000000000000000000000000000028
:10D900000000000000000000002000000060000097
:10D9100003E000003E200003E020003E200003E082
:10D9200020000380200007FC2000003FE0000003EF
:10D93000FE2000003FE0000001E0000000200000A9
:10D9400000200000000000000000000000000000B7
:10D9500000000000000000000000000000000000C7
:10D9600000000000000000000000000000000000B7
:10D9700000000000000000000000000000000000A7
:10D980000000000000000000000002000020020073
:10D99000002003FFFFE003FFFFE00201002002017F
:10D9A00000200201002002010020020100200303E8
:10D9B00000200186806001FCC0C000F87F8000006C
:10D9C0001F00000000000000000000000000000038
:10D9D0000000000000000000000000000000000047
:10D9E0000000000000000000000000000000000037
:10D9F0000000000000000000000000000000000027
:10DA0000000000000000000000000007F800003FD8
:10DA1000FF000070078000C000C00100004003004C
:10DA2000002002000020020000200200002002006E
:10DA3000002001000040018000C003C001800030D0
:10DA400006000000000000000000000000000000D0
:10DA500000000000000000000000000000000000C6
:10DA600000000000000000000000000000000000B6
:10DA700000000000000000000000000000000000A6
:10DA80000000000000000000000002000020020072
:10DA9000002003FFFFE003FFFFE002000020020080
:10DAA00000200200002002000020030000600100AE
:10DAB0000040018000C000F00780007FFE00000FE2
:10DAC000F80000000000000000000000000000005E
:10DAD0000000000000000000000000000000000046
:10DAE0000000000000000000000000000000000036
:10DAF0000000000000000000000000000000000026
:10DB000000000000000000000000020000200200F1
:10DB1000002003FFFFE003FFFFE0020100200201FD
:10DB20000020020100200201002002010020020367
:10DB30008020020FE0200300006003C000E00060CE
:10DB400003000000000000000000000000000000D2
:10DB500000000000000000000000000000000000C5
:10DB600000000000000000000000000000000000B5
:10DB700000000000000000000000000000000000A5
:10DB80000000000000000000000002000020020071
:10DB9000002003FFFFE003FFFFE00201002002017D
:10DBA0000020020100000201000002010000020149
:10DBB000000002038000030FE0000300000003C028
:10DBC00000000060000000000000000000000000F5
:10DBD0000000000000000000000000000000000045
:10DBE0000000000000000000000000000000000035
:10DBF0000000000000000000000000000000000025
:10DC0000000000000000000000000007F800003FD6
:10DC1000FE000070078001C001C001000040030049
:10DC2000002002000020020000200200002001006D
:10DC300020200100204003C03F8000303F800000D2
:10DC40002000000020000000000000000000000094
:10DC500000000000000000000000000000000000C4
:10DC600000000000000000000000000000000000B4
:10DC700000000000000000000000000000000000A4
:10DC8000000000000000020000200200002003FF4E
:10DC9000FFE003FFFFE00200802002008020000080
:10DCA0008000000080000000800002008020020050
:10DCB000802003FFFFE003FFFFE0020000200200DE
:10DCC0000020000000000000000000000000000034
:10DCD0000000000000000000000000000000000044
:10DCE0000000000000000000000000000000000034
:10DCF0000000000000000000000000000000000024
:10DD00000000000000000000000000000000000013
:10DD1000000002000020020000200200002002009B
:10DD2000002003FFFFE003FFFFE0020000200200ED
:10DD3000002002000020020000200000000000007F
:10DD400000000000000000000000000000000000D3
:10DD500000000000000000000000000000000000C3
:10DD600000000000000000000000000000000000B3
:10DD700000000000000000000000000000000000A3
:10DD8000000000000000000000000000000E000085
:10DD9000000F0000000F000000010200000102005F
:10DDA0000001020000030200000603FFFFFC03FF66
:10DDB000FFF8020000000200000002000000020064
:10DDC0000000000000000000000000000000000053
:10DDD0000000000000000000000000000000000043
:10DDE0000000000000000000000000000000000033
:10DDF0000000000000000000000000000000000023
:10DE000000000000000000000000020000200200EE
:10DE1000002003FFFFE003FFFFE00200C02002013B
:10DE2000002000078000000FE0000030F8000260D2
:10DE30003E2003800F20030003E0020000E0020008
:10DE40000020000000200000000000000000000092
:10DE500000000000000000000000000000000000C2
:10DE600000000000000000000000000000000000B2
:10DE700000000000000000000000000000000000A2
:10DE8000000000000000000000000200002002006E
:10DE9000002003FFFFE003FFFFE00200002002007C
:10DEA00000200000002000000020000000200000F2
:10DEB00000200000002000000060000000E00000E2
:10DEC000030000000000000000000000000000004F
:10DED0000000000000000000000000000000000042
:10DEE0000000000000000000000000000000000032
:10DEF0000000000000000000000000000000000022
:10DF0000000000000000020000200200002003FFCB
:10DF1000FFE003E0002003FF0020001FF0000001ED
:10DF2000FF8000000FE000001E000003E000003E44
:10DF3000002003E0002003FFFFE003FFFFE00200FA
:10DF4000002002000020000000000000000000008F
:10DF500000000000000000000000000000000000C1
:10DF600000000000000000000000000000000000B1
:10DF700000000000000000000000000000000000A1
:10DF8000000000000000020000200200002003FF4B
:10DF9000FFE00380002003F0002000FC0000001FD1
:10DFA00000000007C0000001F00000007C0002003B
:10DFB0001F80020007E003FFFFE0020000000200F4
:10DFC0000000000000000000000000000000000051
:10DFD0000000000000000000000000000000000041
:10DFE0000000000000000000000000000000000031
:10DFF0000000000000000000000000000000000021
:10E0000000000000000000000000000FF800003FCA
:10E01000FE0000F00780018000C001000040020007
:10E020000020020000200200002002000020010069
:10E030000040018000C000F00380003FFE00000FA0
:10E04000F8000000000000000000000000000000D8
:10E0500000000000000000000000000000000000C0
:10E0600000000000000000000000000000000000B0
:10E0700000000000000000000000000000000000A0
:10E08000000000000000000000000200002002006C
:10E09000002003FFFFE003FFFFE0020080200200FA
:10E0A0008020020080000200800002008000020048
:10E0B0008000030180000183000000FE0000007C5E
:10E0C0000000000000000000000000000000000050
:10E0D0000000000000000000000000000000000040
:10E0E0000000000000000000000000000000000030
:10E0F0000000000000000000000000000000000020
:10E1000000000000000000000000000FF800007F89
:10E11000FF0000F00380018001C001000640020002
:10E1200004200200042002000620020003E0010097
:10E1300000F80180005C00E0038C003FFF0C000F42
:10E14000FC180000000000000000000000000000BB
:10E1500000000000000000000000000000000000BF
:10E1600000000000000000000000000000000000AF
:10E17000000000000000000000000000000000009F
:10E18000000000000000000000000200002002006B
:10E19000002003FFFFE003FFFFE002010020020177
:10E1A0000020020180000201E0000201FC000303E4
:10E1B0003F80018607E001FC00E000F8002000003D
:10E1C000002000000000000000000000000000002F
:10E1D000000000000000000000000000000000003F
:10E1E000000000000000000000000000000000002F
:10E1F000000000000000000000000000000000001F
:10E200000000000000000000000000000000007896
:10E21000060000FE01E0018600C003030040020387
:10E22000002002018020020180200201C0200200A3
:10E23000C0200100E060018070C003E03F8000006A
:10E240001F000000000000000000000000000000AF
:10E2500000000000000000000000000000000000BE
:10E2600000000000000000000000000000000000AE
:10E27000000000000000000000000000000000009E
:10E2800000000000000000000000006000000380AB
:10E290000000030000000200000002000020020055
:10E2A000002003FFFFE003FFFFE002000020020068
:10E2B000002002000000020000000380000000E0D7
:10E2C000000000000000000000000000000000004E
:10E2D000000000000000000000000000000000003E
:10E2E000000000000000000000000000000000002E
:10E2F000000000000000000000000000000000001E
:10E30000000000000000020000000200000003FF07
:10E31000FF0003FFFFC00200004002000060000099
:10E32000002000000020000000200000002002006B
:10E3300000400200008003FFFF0002000000020016
:10E3400000000000000000000000000000000000CD
:10E3500000000000000000000000000000000000BD
:10E3600000000000000000000000000000000000AD
:10E37000000000000000000000000000000000009D
:10E380000000000000000000000002000000020089
:10E39000000003C0000003FC0000023FC0000003B7
:10E3A000F80000007F80000007E000000780000008
:10E3B00078000203C000023C000003C0000002001D
:10E3C000000002000000000000000000000000004B
:10E3D000000000000000000000000000000000003D
:10E3E000000000000000000000000000000000002D
:10E3F000000000000000000000000000000000001D
:10E400000000000000000200000003C0000003FF45
:10E410008000023FFE0002007FE000000F000200CB
:10E42000F00003EF000003FF8000020FFE00000079
:10E430003FE000001F000207E00003F800000300B7
:10E4400000000200000000000000000000000000CA
:10E4500000000000000000000000000000000000BC
:10E4600000000000000000000000000000000000AC
:10E47000000000000000000000000000000000009C
:10E480000000000000000000000002000020020068
:10E490000020038000E003F0032002FC0C20021F98
:10E4A00030000007C0000007F00002187C00026086
:10E4B0001F20038003E0020000E0020000200000B3
:10E4C000002000000000000000000000000000002C
:10E4D000000000000000000000000000000000003C
:10E4E000000000000000000000000000000000002C
:10E4F000000000000000000000000000000000001C
:10E500000000000000000000000002000000030006
:10E51000000003C0000003F80000023E0020020FCC
:10E52000C0200001FFE000007FE000038020021C0B
:10E5300000200270000003800000020000000200C2
:10E5400000000000000000000000000000000000CB
:10E5500000000000000000000000000000000000BB
:10E5600000000000000000000000000000000000AB
:10E57000000000000000000000000000000000009B
:10E58000000000000000000000000000002000600B
:10E5900000E0038003E003000FA002003E20020021
:10E5A000F8200203E020020F8020023E00200278C3
:10E5B000002003E00060038000E002000300000090
:10E5C000000000000000000000000000000000004B
:10E5D000000000000000000000000000000000003B
:10E5E000000000000000000000000000000000002B
:10E5F000000000000000000000000000000000001B
:10E60000000000000000000000000000000000000A
:10E6100000000000000000000000000000001FFFDC
:10E62000FFFC1000000410000004100000041000A3
:10E63000000410000004100000041000000400009A
:10E6400000000000000000000000000000000000CA
:10E6500000000000000000000000000000000000BA
:10E6600000000000000000000000000000000000AA
:10E67000000000000000000000000000000000009A
:10E68000000000000000000000000000000000008A
:10E6900000000700000003C0000000780000001E1A
:10E6A00000000003C0000000F00000001E00000099
:10E6B0000780000000F00000003C000000060000A1
:10E6C000000000000000000000000000000000004A
:10E6D000000000000000000000000000000000003A
:10E6E000000000000000000000000000000000002A
:10E6F000000000000000000000000000000000001A
:10E7000000000000000000000000000000001000F9
:10E7100000041000000410000004100000041000A9
:10E72000000410000004100000041FFFFFFC0000A4
:10E7300000000000000000000000000000000000D9
:10E7400000000000000000000000000000000000C9
:10E7500000000000000000000000000000000000B9
:10E7600000000000000000000000000000000000A9
:10E770000000000000000000000000000000000099
:10E780000000000000000000000000000000000089
:10E79000000000000000020000000400000008006B
:10E7A0000000180000001000000018000000180011
:10E7B0000000040000000200000000000000000053
:10E7C0000000000000000000000000000000000049
:10E7D0000000000000000000000000000000000039
:10E7E0000000000000000000000000000000000029
:10E7F0000000000000000000000000000000000019
:10E800000000000000000000000100000001000006
:10E8100000010000000100000001000000010000F4
:10E8200000010000000100000001000000010000E4
:10E8300000010000000100000001000000010000D4
:10E8400000010000000100000000000000000000C6
:10E8500000000000000000000000000000000000B8
:10E8600000000000000000000000000000000000A8
:10E870000000000000000000000000000000000098
:10E880000000000000000000000000000000000088
:10E890000000100000001000000010000000180030
:10E8A000000008000000040000000000000000005C
:10E8B0000000000000000000000000000000000058
:10E8C0000000000000000000000000000000000048
:10E8D0000000000000000000000000000000000038
:10E8E0000000000000000000000000000000000028
:10E8F0000000000000000000000000000000000018
:10E900000000000000000000000000000380000183
:10E910008FC000038C600006182000041020000443
:10E9200010200004202000042040000620400003A6
:10E93000FFC00001FFE000000020000000200000F8
:10E9400000C0000000000000000000000000000007
:10E9500000000000000000000000000000000000B7
:10E9600000000000000000000000000000000000A7
:10E970000000000000000000000000000000000097
:10E980000000000000000000000002000000020083
:10E99000000003FFFFE007FFFFC0000180C000028E
:10E9A0000060000200200004002000040020000499
:10E9B000002000060040000300C00001FF800000AE
:10E9C000FE00000000000000000000000000000049
:10E9D0000000000000000000000000000000000037
:10E9E0000000000000000000000000000000000027
:10E9F0000000000000000000000000000000000017
:10EA00000000000000000000000000000000000006
:10EA10007E000001FF80000381C00002004000066C
:10EA20000020000400200004002000040020000654
:10EA300000200003C0400001C0800000030000006F
:10EA400000000000000000000000000000000000C6
:10EA500000000000000000000000000000000000B6
:10EA600000000000000000000000000000000000A6
:10EA70000000000000000000000000000000000096
:10EA80000000000000000000000000000000000086
:10EA90007E000001FF80000380C0000600600004CB
:10EAA00000200004002000040020020400400202B4
:10EAB000008003FFFFE007FFFFC0000000400000F0
:10EAC0000040000000000000000000000000000006
:10EAD0000000000000000000000000000000000036
:10EAE0000000000000000000000000000000000026
:10EAF0000000000000000000000000000000000016
:10EB00000000000000000000000000000000000005
:10EB10007E000001FF80000311C0000210400004CD
:10EB200010600004102000041020000410200006D3
:10EB30001020000310400001F0C000007100000030
:10EB400000000000000000000000000000000000C5
:10EB500000000000000000000000000000000000B5
:10EB600000000000000000000000000000000000A5
:10EB70000000000000000000000000000000000095
:10EB80000000000000000000000000000000000481
:10EB90000000000400200004002000040020007F8A
:10EBA000FFE001FFFFE00104002003040020020455
:10EBB000002002040020020400000200000001C046
:10EBC000000001C000000000000000000000000084
:10EBD0000000000000000000000000000000000035
:10EBE0000000000000000000000000000000000025
:10EBF0000000000000000000000000000000000015
:10EC00000000000000000000000000000000000004
:10EC1000001C0000E33E0003FFC200020CC300041E
:10EC200004C1000404C1000404C1000404C10006BE
:10EC30000CC10003F8C30005F0620006007E000668
:10EC4000003C000000000000000000000000000088
:10EC500000000000000000000000000000000000B4
:10EC600000000000000000000000000000000000A4
:10EC70000000000000000000000000000000000094
:10EC80000000000000000000000002000020020060
:10EC9000002003FFFFE007FFFFE00001002000026B
:10ECA0000020000600000004000000040000000432
:10ECB0000020000600200003FFE00001FFE000004C
:10ECC0000020000000200000000000000000000004
:10ECD0000000000000000000000000000000000034
:10ECE0000000000000000000000000000000000024
:10ECF0000000000000000000000000000000000014
:10ED00000000000000000000000000000000000003
:10ED10000000000400200004002000040020000483
:10ED200000200387FFE0038FFFE003800020000046
:10ED30000020000000200000002000000000000073
:10ED400000000000000000000000000000000000C3
:10ED500000000000000000000000000000000000B3
:10ED600000000000000000000000000000000000A3
:10ED70000000000000000000000000000000000093
:10ED80000000000000000000000000000000000083
:10ED90000000000000060000000700000001000065
:10EDA000000100040001000400010004000300044D
:10EDB00000060387FFFC038FFFF8038000000000BC
:10EDC0000000000000000000000000000000000043
:10EDD0000000000000000000000000000000000033
:10EDE0000000000000000000000000000000000023
:10EDF0000000000000000000000000000000000013
:10EE000000000000000000000000020000200200DE
:10EE1000002003FFFFE007FFFFE0000008200000E4
:10EE20001020000030000000FC0000058E000007EC
:10EE300007A0000601E0000400E00004002000003C
:10EE400000200000000000000000000000000000A2
:10EE500000000000000000000000000000000000B2
:10EE600000000000000000000000000000000000A2
:10EE70000000000000000000000000000000000092
:10EE80000000000000000000000000000000000082
:10EE9000000002000020020000200200002002000A
:10EEA000002003FFFFE007FFFFE00000002000005C
:10EEB00000200000002000000020000000000000F2
:10EEC0000000000000000000000000000000000042
:10EED0000000000000000000000000000000000032
:10EEE0000000000000000000000000000000000022
:10EEF0000000000000000000000000000000000012
:10EF000000000000000000000000000400200007D6
:10EF1000FFE0000FFFE000020020000400000004FA
:10EF200000200007FFE00003FFE0000200200004D3
:10EF30000000000400200007FFE00003FFE00000E5
:10EF400000200000000000000000000000000000A1
:10EF500000000000000000000000000000000000B1
:10EF600000000000000000000000000000000000A1
:10EF70000000000000000000000000000000000091
:10EF80000000000000000000000000040020000459
:10EF900000200007FFE0000FFFE00001002000025A
:10EFA0000020000200000004000000040000000433
:10EFB0000020000600200003FFE00001FFE0000049
:10EFC0000020000000200000000000000000000001
:10EFD0000000000000000000000000000000000031
:10EFE0000000000000000000000000000000000021
:10EFF0000000000000000000000000000000000011
:10F000000000000000000000000000000000000000
:10F010007E000000FF80000381C000020040000667
:10F02000002000040020000400200004002000064E
:10F03000002000020040000381C00001FF800000AA
:10F040007E00000000000000000000000000000042
:10F0500000000000000000000000000000000000B0
:10F0600000000000000000000000000000000000A0
:10F070000000000000000000000000000000000090
:10F080000000000000000000000000040001000477
:10F0900000010007FFFF000FFFFF000100C1000299
:10F0A00000410004002000040020000400200004AF
:10F0B000002000060040000301C00001FF800000A6
:10F0C0007E000000000000000000000000000000C2
:10F0D0000000000000000000000000000000000030
:10F0E0000000000000000000000000000000000020
:10F0F0000000000000000000000000000000000010
:10F1000000000000000000000000000000000000FF
:10F110007E000001FF80000380C000020060000448
:10F120000020000400200004002000040020000251
:10F130000041000300C10003FFFF0007FFFF0000C4
:10F1400000010000000100000000000000000000BD
:10F1500000000000000000000000000000000000AF
:10F16000000000000000000000000000000000009F
:10F17000000000000000000000000000000000008F
:10F180000000000000000000000000040020000457
:10F1900000200004002000040020000FFFE0000F0A
:10F1A000FFE00000C0200001002000020020000657
:10F1B000002000040000000400000007000000031D
:10F1C000000000000000000000000000000000003F
:10F1D000000000000000000000000000000000002F
:10F1E000000000000000000000000000000000001F
:10F1F000000000000000000000000000000000000F
:10F2000000000000000000000000000000000000FE
:10F2100003E00001C0E00003E040000630200004ED
:10F2200030200004182000041820000418200004D6
:10F230000C2000020C60000307C000078380000060
:10F2400000000000000000000000000000000000BE
:10F2500000000000000000000000000000000000AE
:10F26000000000000000000000000000000000009E
:10F27000000000000000000000000000000000008E
:10F28000000000000000000000000000000000047A
:10F2900000000004000000040000000C0000001F3B
:10F2A000FF8000FFFFC00004006000040020000495
:10F2B0000020000400200004004000000180000045
:10F2C000000000000000000000000000000000003E
:10F2D000000000000000000000000000000000002E
:10F2E000000000000000000000000000000000001E
:10F2F000000000000000000000000000000000000E
:10F3000000000000000000000000000400000004F5
:10F3100000000007FF80000FFFC000000060000039
:10F320000020000000200000002000000020000459
:10F330000040000400800007FFE0000FFFC0000055
:10F34000004000000040000000000000000000003D
:10F3500000000000000000000000000000000000AD
:10F36000000000000000000000000000000000009D
:10F37000000000000000000000000000000000008D
:10F380000000000000000000000000040000000475
:10F390000000000780000007F0000004FE000004E9
:10F3A0001FC0000003E00000038000001C000004F8
:10F3B000600000078000000600000004000000005C
:10F3C000000000000000000000000000000000003D
:10F3D000000000000000000000000000000000002D
:10F3E000000000000000000000000000000000001D
:10F3F000000000000000000000000000000000000D
:10F4000000000000000000040000000600000007EB
:10F41000C0000007FC0000043F80000003E000047F
:10F420000F800006F0000007F0000007FF800004D6
:10F430000FE00000038000043C000007C00000064D
:10F4400000000004000000000000000000000000B8
:10F4500000000000000000000000000000000000AC
:10F46000000000000000000000000000000000009C
:10F47000000000000000000000000000000000008C
:10F480000000000000000000000000000020000458
:10F49000002000040060000700E000078320000750
:10F4A000E6000004F80000003C0000045E200005B7
:10F4B00087A0000601E000040060000400200000B6
:10F4C000002000000000000000000000000000001C
:10F4D000000000000000000000000000000000002C
:10F4E000000000000000000000000000000000001C
:10F4F000000000000000000000000000000000000C
:10F5000000000000000000000000000400000004F3
:10F510000003000700030007E0010004F8010004F5
:10F520001F02000007FC000000E0000007000004CC
:10F5300038000007C00000060000000400000004BE
:10F5400000000000000000000000000000000000BB
:10F5500000000000000000000000000000000000AB
:10F56000000000000000000000000000000000009B
:10F57000000000000000000000000000000000008B
:10F580000000000000000000000000000000000774
:10F590008060000600E0000403E0000407A000040F
:10F5A0000E2000043C20000470200005E02000072D
:10F5B000802000070060000400E0000003800000DD
:10F5C000000000000000000000000000000000003B
:10F5D000000000000000000000000000000000002B
:10F5E000000000000000000000000000000000001B
:10F5F000000000000000000000000000000000000B
:10F6000000000000000000000000000000000000FA
:10F6100000000000000000000000000000000000EA
:10F62000000000008000000080000001400007FE94
:10F630003FF8080000041000000210000002000063
:10F6400000000000000000000000000000000000BA
:10F6500000000000000000000000000000000000AA
:10F66000000000000000000000000000000000009A
:10F67000000000000000000000000000000000008A
:10F68000000000000000000000000000000000007A
:10F69000000000000000000000000000000000006A
:10F6A000000000000000FFFFFFFF0000000000005E
:10F6B000000000000000000000000000000000004A
:10F6C000000000000000000000000000000000003A
:10F6D000000000000000000000000000000000002A
:10F6E000000000000000000000000000000000001A
:10F6F000000000000000000000000000000000000A
:10F7000000000000000000000000000000001000E9
:10F710000002100000020800000407FE3FF800018C
:10F720004000000080000000800000000000000099
:10F7300000000000000000000000000000000000C9
:10F7400000000000000000000000000000000000B9
:10F7500000000000000000000000000000000000A9
:10F760000000000000000000000000000000000099
:10F770000000000000000000000000000000000089
:10F780000000000000000000000018000000300031
:10F790000000400000004000000040000000200089
:10F7A000000030000000080000000400000002001B
:10F7B000000002000000020000000C000000180021
:10F7C0000000000000000000000000000000000039
:10F7D0000000000000000000000000000000000029
:10F7E0000000000000000000000000000000000019
:10F7F0000000000000000000000000000000000009
:10F8000000000000000000000F1700003C6C010029
:10F81000E1010000C3030000C3030000666C6F61D8
:10F82000745F6E756D3A2025302E34660D0A0074B3
:10F8300061736B310053544D3332007461736B321A
:10F840000041544F4D40414C49454E54454B0046B4
:10F8500072656552544F5320506F7274696E670021
:10F8600073746172745F7461736B004572726F724E
:10F870003A2025732C2025640D0A002E2E2F2E2EC3
:10F880002F4D6964646C6577617265732F4672658C
:10F890006552544F532F71756575652E63000925A8
:10F8A000630925750925750925750D0A0049444C1C
:10F8B00045002E2E2F2E2E2F4D6964646C657761C6
:10F8C0007265732F4672656552544F532F7461737E
:10F8D0006B732E6300546D7251002E2E2F2E2E2F1F
:10F8E0004D6964646C6577617265732F46726565F6
:10F8F00052544F532F74696D6572732E6300546DAB
:10F900007220537663002E2E2F2E2E2F4D696464A5
:10F910006C6577617265732F4672656552544F53FB
:10F920002F706F727461626C652F4D656D4D616EE5
:10F93000672F686561705F342E63002E2E2F2E2E88
:10F940002F4D6964646C6577617265732F467265CB
:10F950006552544F532F706F727461626C652F47FC
:10F9600043432F41524D5F434D372F723070312F3B
:0CF97000706F72742E6300001F00000016
:04000005080002B13C
:00000001FF
